time,x,y,z
-0.9640994071960449,0.2820525690255665,-0.0012753738579626243,0.41718794512244706
-0.9640994071960449,0.2822500450305697,-0.0012751008114195682,0.4168684623929844
-0.9640994071960449,0.2824454440948933,-0.001274848048169245,0.41655176764378543
-0.9640994071960449,0.282638790131999,-0.0012746149693888369,0.4162378389965792
-0.9640994071960449,0.28283518609240244,-0.0012747305523169057,0.415912787992724
0.03590059280395508,0.2830373792810835,-0.0012745430686917428,0.41557812016504647
0.03590059280395508,0.283239689729814,-0.0012742089620996142,0.4152429671050857
0.03590059280395508,0.2834400198195928,-0.0012738612966183838,0.41490881856136425
0.03590059280395508,0.2836380374008145,-0.0012735261050882685,0.414576347142347
0.03590059280395508,0.28383354144922096,-0.001273215174298039,0.41424561739181426
0.03590059280395508,0.2840264835817694,-0.0012729302559658685,0.4139167207042294
0.03590059280395508,0.28421680924674303,-0.0012726723549927842,0.4135896201880031
0.03590059280395508,0.28440447726069146,-0.0012724411793936068,0.4132643365422231
0.03590059280395508,0.2845894422110131,-0.0012722365725108264,0.4129407648136329
0.03590059280395508,0.2847716561523564,-0.0012720581089362346,0.4126189062447761
0.03590059280395508,0.28495110350038144,-0.0012719032738252346,0.4122988565345774
0.03590059280395508,0.2851277346425811,-0.0012717717488525786,0.41198051821976533
0.03590059280395508,0.28530150563745,-0.001271662972403633,0.41166389566355815
0.03590059280395508,0.2854723845626056,-0.0012715758353531066,0.41134893546216084
0.03590059280395508,0.2856403312197013,-0.0012715094610141857,0.4110356724438991
0.03590059280395508,0.2858053229265299,-0.0012714620974439879,0.4107241230443889
0.03590059280395508,0.28596729906796936,-0.0012714346188173221,0.4104141331891275
0.03590059280395508,0.28612624886139815,-0.001271424472540944,0.4101059183731247
0.03590059280395508,0.2862821399065366,-0.0012714309441693335,0.4097993083088566
0.03590059280395508,0.28643489534751776,-0.001271456156392594,0.4094942138727716
0.03590059280395508,0.2865845177921591,-0.0012714974113143367,0.4091907418510834
0.03590059280395508,0.2867309864356239,-0.0012715525958453683,0.40888899919176025
0.03590059280395508,0.28687426387789705,-0.0012716213640090353,0.40858890278930604
0.03590059280395508,0.28701427370371735,-0.001271706822740637,0.4082901879230816
0.03590059280395508,0.2871510118542031,-0.0012718069088321522,0.40799308123794936
0.03590059280395508,0.2872844773156324,-0.0012719188071850344,0.40769760392174986
0.03590059280395508,0.2874145981939775,-0.0012720443652368303,0.40740363302935756
0.03590059280395508,0.28754135882851023,-0.0012721826920222765,0.4071112060099114
0.03590059280395508,0.2876647270035638,-0.0012723336428260117,0.40682027101952706
0.03590059280395508,0.28778466157427185,-0.0012724977043352438,0.40653079234887374
0.03590059280395508,0.28790116700528723,-0.0012726719631470026,0.40624296204052257
0.03590059280395508,0.28801419532487094,-0.00127285732469333,0.40595656500402455
0.03590059280395508,0.2881237189197342,-0.0012730532237461949,0.4056717591049233
0.03590059280395508,0.2882297044763565,-0.0012732608291769788,0.40538826254933547
0.03590059280395508,0.28833209865483167,-0.0012734813986747216,0.40510619121051883
0.03590059280395508,0.28843094239405775,-0.0012737103491052386,0.40482570041463095
0.03590059280395508,0.2885261659068415,-0.0012739491088952747,0.40454664473929725
0.03590059280395508,0.28861776194545696,-0.0012741963649314826,0.40426913112762236
0.03590059280395508,0.28870568029107446,-0.0012744543166283394,0.4039928919784681
0.03590059280395508,0.2887898807198293,-0.0012747240850890032,0.40371800955905823
0.03590059280395508,0.2888704045026249,-0.0012750010870551838,0.4034446928689246
0.03590059280395508,0.28894717044033436,-0.0012752880186229568,0.4031726516971151
0.03590059280395508,0.28902019263690365,-0.001275581807220573,0.40290222175262824
0.03590059280395508,0.28908944068243414,-0.0012758834323070983,0.40263306695112644
0.03590059280395508,0.28915483258416863,-0.0012761963429513482,0.4023651817243519
0.03590059280395508,0.2892164348168145,-0.001276515812841949,0.4020988019051203
0.03590059280395508,0.28927418056315984,-0.0012768430189142067,0.40183374407273337
0.03590059280395508,0.2893280532736936,-0.0012771774466881804,0.40157009599628896
0.03590059280395508,0.2893780379911427,-0.0012775191643074474,0.4013077568909386
0.03590059280395508,0.289424092358611,-0.0012778691409774875,0.40104671851491497
0.03590059280395508,0.28946622223818746,-0.0012782260938295383,0.40078703267464283
0.03590059280395508,0.28950438499142506,-0.0012785909249433854,0.4005286027131083
0.03590059280395508,0.2895385916920664,-0.0012789610378156173,0.40027162080209516
0.03590059280395508,0.2895688059094397,-0.0012793374087662762,0.40001587143898254
0.03590059280395508,0.2895950164763432,-0.0012797183979303857,0.3997615561084489
0.03590059280395508,0.28961719723037815,-0.0012801058633311498,0.39950839071895755
0.03590059280395508,0.2896353010119343,-0.0012805007553448947,0.3992564795234119
0.03590059280395508,0.28964936771602146,-0.0012809008666569005,0.39900588200025355
0.03590059280395508,0.2896593147471775,-0.0012813086881705432,0.3987563991214996
0.03590059280395508,0.28966519432764626,-0.0012817196892196715,0.3985083926537998
0.03590059280395508,0.28966700802005485,-0.0012821312122343088,0.39826177650494204
0.03590059280395508,0.2896646210600359,-0.0012825499586298014,0.3980160884830779
0.03590059280395508,0.2896580852822108,-0.0012829743791832326,0.3977716946921235
0.03590059280395508,0.2896474256456174,-0.001283402015824997,0.39752858584425943
0.03590059280395508,0.28963255992620224,-0.0012838340090525965,0.3972866244717439
0.03590059280395508,0.2896135071570158,-0.0012842696187348318,0.39704589212381125
0.03590059280395508,0.2895902165405434,-0.0012847110995836235,0.39680619059601574
0.03590059280395508,0.28956267936858837,-0.0012851580523787869,0.3965676439000434
0.03590059280395508,0.2895310496742422,-0.0012855979211234964,0.39633096150528124
0.03590059280395508,0.2894951575110497,-0.001286036753573961,0.39609516996615785
0.03590059280395508,0.28945493202377237,-0.0012864778456103433,0.39586044979958085
0.03590059280395508,0.28941048123954183,-0.001286922471954114,0.39562683575129287
0.03590059280395508,0.2893617219342546,-0.0012873696662677458,0.3953943423919018
0.03590059280395508,0.28930869412504856,-0.0012878182720719236,0.39516303426392296
0.03590059280395508,0.289251366262714,-0.0012882667282343822,0.3949328995486641
0.03590059280395508,0.28918970760298995,-0.0012887164822636792,0.3947037909815781
0.03590059280395508,0.2891237146813249,-0.001289166939363616,0.3944758007609872
0.03590059280395508,0.2890534138778481,-0.0012896161935024263,0.39424900562952986
0.03590059280395508,0.2889787541777321,-0.0012900645567718444,0.3940232462769549
0.03590059280395508,0.2888997110022499,-0.001290513355315888,0.393798477306924
0.03590059280395508,0.28881634918634563,-0.0012909587242649762,0.3935750043474292
0.03590059280395508,0.2887284750420813,-0.0012914114218912712,0.39335188895349477
0.03590059280395508,0.2886363609351875,-0.001291853883537069,0.39313083320289255
0.03590059280395508,0.2885399567019639,-0.001292289778634076,0.39291069849563115
0.03590059280395508,0.28843896178015993,-0.0012927199859232436,0.3926912559369954
0.03590059280395508,0.28833365315405757,-0.0012931495605200544,0.3924729760198187
0.03590059280395508,0.28822392294807353,-0.0012935751353484667,0.3922556970345321
0.03590059280395508,0.28810977509229035,-0.0012939964450303168,0.3920394406766492
0.03590059280395508,0.2879911763889206,-0.0012944151810907953,0.3918240556259335
0.03590059280395508,0.2878681428247287,-0.0012948300320534747,0.3916097020239826
0.03590059280395508,0.2877406937087986,-0.0012952400258794267,0.3913963810202385
0.03590059280395508,0.2876087511520554,-0.0012956460036775384,0.3911838560710856
0.03590059280395508,0.28747244011768336,-0.0012960422930438469,0.39097270287975017
0.03590059280395508,0.2873316932375398,-0.0012964302971358657,0.39076239950649455
0.03590059280395508,0.28718640877874324,-0.0012968099522797372,0.390552868383316
0.03590059280395508,0.28703668960754114,-0.001297185061319768,0.39034428597754445
0.03590059280395508,0.2868825041848819,-0.0012975532621321943,0.3901366349703997
0.03590059280395508,0.28672389203203313,-0.0012979117794415032,0.3899300714943983
0.03590059280395508,0.2865607826162349,-0.0012982619057367757,0.3897242487949719
0.03590059280395508,0.2863931509719125,-0.0012986043546690078,0.3895192071478768
1.035900592803955,0.28622107032534877,-0.001298940205844791,0.389315116210721
1.035900592803955,0.28604448409779537,-0.0012992682942833296,0.3891117959586561
1.035900592803955,0.2858634193917975,-0.0012995868881111247,0.38890941440496274
1.035900592803955,0.285677896356763,-0.0012998954868900896,0.38870793970124196
1.035900592803955,0.2854878494404802,-0.0013001931564457538,0.38850718581913063
1.035900592803955,0.2852932591573637,-0.0013004828062060207,0.38830706338374327
1.035900592803955,0.2850942958767273,-0.001300760067171159,0.3881082630990297
1.035900592803955,0.284890858784086,-0.0013010241831479634,0.38791014287951775
1.035900592803955,0.2846828426142153,-0.0013012725241416424,0.387712643372612
1.035900592803955,0.2844703586917455,-0.001301512826719052,0.3875158894251104
1.035900592803955,0.28425340878593663,-0.0013017412745492465,0.3873200195980452
1.035900592803955,0.2840317894148619,-0.0013019637296298806,0.3871241441591778
1.035900592803955,0.2838058346772194,-0.0013021743004954026,0.38692990652513526
1.035900592803955,0.28357553683073283,-0.0013023740396252703,0.38673648290598056
1.035900592803955,0.28334056393208423,-0.0013025489561526646,0.3865434078975386
1.035900592803955,0.28310115312720757,-0.001302714981719473,0.3863510652081015
1.035900592803955,0.2828571135264065,-0.0013028726365704076,0.3861588358002165
1.035900592803955,0.28260876071252644,-0.0013030193567610503,0.38596811392484015
1.035900592803955,0.28235598550615637,-0.001303154774100486,0.3857778838378502
1.035900592803955,0.2820985560575705,-0.0013032673941351693,0.3855879978832509
1.035900592803955,0.281836748468261,-0.00130337304234392,0.38539892722232283
1.035900592803955,0.2815704542429941,-0.0013034650933511013,0.38521040612523505
1.035900592803955,0.2812995198252893,-0.001303545159385175,0.38502190302771244
1.035900592803955,0.2810242712587462,-0.0013036169395354152,0.3848347047866317
1.035900592803955,0.28074460928554346,-0.0013036780427218564,0.38464795203356095
1.035900592803955,0.2804603931391401,-0.0013037160668213019,0.384461727820377
1.035900592803955,0.28017177397569265,-0.001303744409839748,0.3842760313798699
1.035900592803955,0.27987867559679847,-0.0013037566434724937,0.3840908466546915
1.035900592803955,0.2795811602279091,-0.001303756798454913,0.38390621247520607
1.035900592803955,0.27927921719158916,-0.0013037425524355627,0.38372212451217214
1.035900592803955,0.2789728075141576,-0.0013037142073546344,0.3835383690795995
1.035900592803955,0.278661922218398,-0.0013036728275679609,0.38335495913800527
1.035900592803955,0.2783466479679156,-0.0013036220053683836,0.3831721104327642
1.035900592803955,0.2780269896371539,-0.001303559383392116,0.3829897908282874
1.035900592803955,0.27770282610817687,-0.0013034814414070763,0.382807573288221
1.035900592803955,0.2773743624629687,-0.0013033934408446142,0.3826262219242343
1.035900592803955,0.2770415358524723,-0.0013032934646797292,0.38244516244854154
1.035900592803955,0.27670420896701586,-0.0013031730836243378,0.38226427020902987
1.035900592803955,0.2764010721803215,-0.0013004070984785829,0.3820863791471624
1.035900592803955,0.27605567200928405,-0.0013002417161547646,0.381906014603473
1.035900592803955,0.2757060314094912,-0.0013000759757956434,0.3817261433201509
1.035900592803955,0.27535176081154866,-0.001299877120206877,0.38154615328018565
1.035900592803955,0.2749933907683697,-0.0012996942599201797,0.3813667289590793
1.035900592803955,0.2746307651147556,-0.0012995042293274459,0.38118787480803246
1.035900592803955,0.2742634514043214,-0.0012992712015815824,0.38100876721894067
1.035900592803955,0.2738922612404095,-0.0012990676681830932,0.38083047403627857
1.035900592803955,0.2735164024705684,-0.0012988185678116729,0.38065201276373084
1.035900592803955,0.2731363784577,-0.0012985741649730494,0.3804738292328957
1.035900592803955,0.2727521031367825,-0.001298323030647388,0.38029593599644457
1.035900592803955,0.2723633296866613,-0.0012980452858565063,0.3801178784768341
1.035900592803955,0.27197062296624086,-0.0012977896235817077,0.3799404400068395
1.035900592803955,0.2715733199101793,-0.001297494099208315,0.3797627519451252
1.035900592803955,0.27117198392621916,-0.0012972112916624402,0.37958540622841164
1.035900592803955,0.2707662347743077,-0.0012969052547752227,0.3794079541505734
1.035900592803955,0.2703565553793533,-0.0012966165044105173,0.37923103654429374
1.035900592803955,0.269942366934621,-0.0012962908615750772,0.3790538629637447
1.035900592803955,0.2695241210181517,-0.0012959710307533338,0.3788768494496131
1.035900592803955,0.26910165331283936,-0.001295640284131535,0.378699856398209
1.035900592803955,0.2686750026893677,-0.001295301905052896,0.3785228678461893
1.035900592803955,0.2682440870015211,-0.0012949495296728716,0.37834569588496003
1.035900592803955,0.2678091835503669,-0.0012946064504208536,0.37816872008607705
1.035900592803955,0.2673700856348813,-0.0012942511616910075,0.37799171276782817
1.035900592803955,0.2669268775509358,-0.0012938900071420602,0.37781468044987226
1.035900592803955,0.26647955286422836,-0.0012935213432220712,0.37763757142211757
1.035900592803955,0.2660279805573479,-0.0012931353827154886,0.3774601039725341
1.035900592803955,0.265572455873615,-0.0012927582450777374,0.3772826422888455
1.035900592803955,0.2651129363386088,-0.0012923823771986108,0.3771052437897147
1.035900592803955,0.2646494613212352,-0.001292006363924271,0.37692795588319894
1.035900592803955,0.2641815805231833,-0.001291592782229383,0.37674996588212056
1.035900592803955,0.26370990646861486,-0.001291196729143556,0.3765719427333894
1.035900592803955,0.263234186723316,-0.0012907945236535073,0.37639372278685335
1.035900592803955,0.2627544793447283,-0.0012903897282119103,0.37621530509907747
1.035900592803955,0.26227085605233663,-0.0012899860120261716,0.37603676231762606
1.035900592803955,0.26178313132205744,-0.0012895672038272382,0.3758577692631629
1.035900592803955,0.2612915488892089,-0.0012891535893207184,0.37567856337382827
1.035900592803955,0.260796069701356,-0.0012887398234588433,0.3754991449699492
1.035900592803955,0.26029647101576014,-0.0012883077764841572,0.3753191006368387
1.035900592803955,0.259793379485318,-0.001287906285464338,0.3751392713609462
1.035900592803955,0.25928567181122675,-0.0012874450668900854,0.3749580867369587
1.035900592803955,0.2587748708297648,-0.0012870476392344322,0.3747774097957679
1.035900592803955,0.25826032355850653,-0.00128665110617723,0.37459688679655084
1.035900592803955,0.25774159949899905,-0.0012862175924734653,0.3744155728556739
1.035900592803955,0.2572190883733886,-0.0012857805181864523,0.37423364112548235
1.035900592803955,0.25669279224100017,-0.0012853422073064481,0.3740511519774915
1.035900592803955,0.25616273609672563,-0.0012849051113854593,0.3738681581615456
1.035900592803955,0.25562836539629,-0.0012844300755646201,0.37368373932605004
1.035900592803955,0.2550915707584537,-0.0012840584369844983,0.37350061271827434
1.035900592803955,0.25454990614640255,-0.0012835959719131526,0.3733158206848166
1.035900592803955,0.2540052516623938,-0.00128318588615604,0.37313115178867123
1.035900592803955,0.25345657177986447,-0.0012827475683582189,0.3729455942934819
1.035900592803955,0.2529043406158783,-0.0012823168236581854,0.3727594812295708
1.035900592803955,0.25234851179753925,-0.0012818888768627787,0.3725728214791795
1.035900592803955,0.2517888812203417,-0.001281448470881321,0.37238525412841406
1.035900592803955,0.25122607637473154,-0.0012810393805444305,0.37219760592722473
1.035900592803955,0.25065942407273945,-0.001280609548153601,0.37200907217901746
1.035900592803955,0.2500893525227349,-0.0012801885136768769,0.3718199586689871
1.035900592803955,0.24951552709919506,-0.0012797523740930225,0.37162980361282133
1.035900592803955,0.24893846734744232,-0.001279337464537511,0.3714392256552384
1.035900592803955,0.24835799793458327,-0.0012789282894169751,0.3712481468639515
1.035900592803955,0.24777364009032196,-0.0012784906071443142,0.371055711908827
2.035900592803955,0.2471863385443754,-0.001278089046119861,0.3708630403403603
2.035900592803955,0.24659540338191197,-0.0012776741072037662,0.3706694432931614
2.035900592803955,0.24600108524353448,-0.0012772612683020455,0.3704749881299736
2.035900592803955,0.24540346459083565,-0.001276854763940287,0.3702797772766116
2.035900592803955,0.24480257443208198,-0.0012764549268186286,0.37008386154717804
2.035900592803955,0.24419836760605773,-0.001276056367367516,0.3698871291462126
2.035900592803955,0.24359068141203905,-0.0012756475445251346,0.3696892244161998
2.035900592803955,0.2429796898638022,-0.001275240184659257,0.36949024268080427
2.035900592803955,0.24236565630379023,-0.0012748504797541957,0.3692906061976879
2.035900592803955,0.241748610464972,-0.001274476898378188,0.3690904772614819
2.035900592803955,0.24112776273812808,-0.0012740680336737892,0.3688886137535102
2.035900592803955,0.2405041862905787,-0.001273690363790169,0.36868615549695083
2.035900592803955,0.2398774181140743,-0.0012733140801786426,0.36848279675182377
2.035900592803955,0.23924750660590224,-0.0012729396408218269,0.36827843531918913
2.035900592803955,0.23861459642236116,-0.0012725736162920512,0.3680731894384487
2.035900592803955,0.23797843351130743,-0.0012721996320970291,0.36786666108495003
2.035900592803955,0.23733936854797122,-0.001271837351985234,0.3676591897939024
2.035900592803955,0.23669724109935913,-0.0012714762715172537,0.36745061529977285
2.035900592803955,0.23605204814347797,-0.0012711149975818646,0.36724082139356606
2.035900592803955,0.23540422037649303,-0.001270776176109857,0.3670303721622049
2.035900592803955,0.23475307180350125,-0.0012704194372404887,0.36681837674654477
2.035900592803955,0.23409918000137073,-0.0012700757559814223,0.36660532047319966
2.035900592803955,0.23344240655020876,-0.0012697367051477948,0.36639113772470405
2.035900592803955,0.2327824125829432,-0.0012693832854170466,0.3661752441883953
2.035900592803955,0.23212013209909227,-0.0012690645612119765,0.3659587931699686
2.035900592803955,0.2314551926393028,-0.001268757857093291,0.36574160214378587
2.035900592803955,0.23078698807388015,-0.0012684283129643543,0.3655225955416965
2.035900592803955,0.23011642599946674,-0.0012681215188883772,0.3653026730051876
2.035900592803955,0.2294429415092369,-0.001267808087516177,0.3650812889612317
2.035900592803955,0.22876629247556288,-0.0012674757084948744,0.36485783081579864
2.035900592803955,0.22808823029510392,-0.001267210390041313,0.36463466176571624
2.035900592803955,0.22740670161110554,-0.0012669085524279929,0.3644095269111136
2.035900592803955,0.22672261938255434,-0.001266611895464561,0.36418285307471604
2.035900592803955,0.22603632263669576,-0.0012663363410510588,0.3639552713558715
2.035900592803955,0.22534702184761343,-0.001266043803367211,0.36372580323220993
2.035900592803955,0.22465566396069747,-0.0012657768851752939,0.3634954318397045
2.035900592803955,0.22396158058337096,-0.0012655037613988895,0.36326348287242594
2.035900592803955,0.2232651414004292,-0.0012652395267377554,0.3630301925631617
2.035900592803955,0.2225662589237788,-0.0012649791538257363,0.3627954668947538
2.035900592803955,0.22186491434913888,-0.0012647207324109656,0.3625591942923318
2.035900592803955,0.22116144424209624,-0.0012644775979152728,0.3623217768323573
2.035900592803955,0.22045527231485945,-0.0012642239454338407,0.3620824618225244
2.035900592803955,0.2197469165261946,-0.0012639806817238315,0.36184168343876416
2.035900592803955,0.2190368526052016,-0.0012637663323458552,0.36160025222093045
2.035900592803955,0.218324066782362,-0.0012635372255029725,0.3613569056682349
2.035900592803955,0.21760909976901577,-0.0012633133118218932,0.3611118960358563
2.035900592803955,0.21689219381239166,-0.0012631036158035867,0.36086563352774514
2.035900592803955,0.21617300168522618,-0.0012628935262511028,0.36061771367672274
2.035900592803955,0.2154517078878058,-0.0012626887767053473,0.3603681949761489
2.035900592803955,0.21472839291314216,-0.0012624914364678039,0.3601171671102475
2.035900592803955,0.21400300350614818,-0.0012622984804130342,0.35986453472201296
2.035900592803955,0.213275624774005,-0.0012621118728298325,0.359610330789914
2.035900592803955,0.2125462959922369,-0.0012619319129316686,0.35935457027703943
2.035900592803955,0.21181473255654587,-0.0012617475819191003,0.35909679887002005
2.035900592803955,0.21108193254191931,-0.001261592588584829,0.35883823557808636
2.035900592803955,0.21034677423411818,-0.0012614271586440864,0.3585776474365766
2.035900592803955,0.2096099107625832,-0.0012612716594924515,0.3583154529255286
2.035900592803955,0.20887127837455244,-0.0012611231410563674,0.35805166912289854
2.035900592803955,0.20813080448023158,-0.0012609782908671388,0.3577861471299821
2.035900592803955,0.20738864706616594,-0.0012608410802921813,0.3575190023976456
2.035900592803955,0.2066447115062442,-0.0012607075887293914,0.3572500909021833
2.035900592803955,0.20589918252894096,-0.0012605825276445388,0.3569795703135001
2.035900592803955,0.20515208409677643,-0.001260465590284962,0.3567074753691102
2.035900592803955,0.20440320374915266,-0.001260349383573875,0.3564334593500544
2.035900592803955,0.20365292996301726,-0.0012602442239977724,0.3561578943932356
2.035900592803955,0.20290103752011887,-0.0012601427894024554,0.35588054500985145
2.035900592803955,0.20214765795988823,-0.0012600477676040986,0.3556014552709855
2.035900592803955,0.20139245013940327,-0.0012599489958843302,0.35532011698423727
2.035900592803955,0.20063665585976637,-0.001259879151107899,0.3550380446125623
2.035900592803955,0.19987875056539722,-0.0012597969780042545,0.354753574035023
2.035900592803955,0.19911991426598025,-0.0012597317098671061,0.3544676934827845
2.035900592803955,0.19835950164093885,-0.0012596661533658127,0.35417981178549207
2.035900592803955,0.19759787807922152,-0.0012596085724891869,0.3538901751519543
2.035900592803955,0.19683507861080582,-0.0012595589711163861,0.3535988695864893
2.035900592803955,0.19607091266555687,-0.0012595119949326064,0.35330560596120314
2.035900592803955,0.19530570088702354,-0.0012594742361730776,0.35301067368912353
2.035900592803955,0.19453928850130986,-0.001259441371056838,0.3527139093784899
2.035900592803955,0.19377168854203364,-0.0012594128794247358,0.3524152192275629
2.035900592803955,0.1930031839051412,-0.0012593941169423556,0.35211491058003325
2.035900592803955,0.19223332376083144,-0.00125937476493811,0.35181241999189117
2.035900592803955,0.19146289599115596,-0.0012593704202207325,0.3515085811597818
2.035900592803955,0.19069129392326944,-0.0012593679972525591,0.35120279592373516
2.035900592803955,0.18991877452823547,-0.0012593717467875472,0.3508951437386216
2.035900592803955,0.1891452218134712,-0.0012593786198359345,0.3505854514071111
2.035900592803955,0.18837096059117625,-0.0012593941119129308,0.3502740594742393
2.035900592803955,0.18759583830956894,-0.0012594147666808893,0.3499608269955008
2.035900592803955,0.18681993447799258,-0.0012594413148421212,0.3496457556280211
2.035900592803955,0.186043332635665,-0.0012594744737134504,0.3493289068291596
2.035900592803955,0.1852659632376133,-0.0012595123707605654,0.3490101548420479
2.035900592803955,0.18448775986104304,-0.001259553234933538,0.3486893187999207
2.035900592803955,0.18370919375416944,-0.0012596040020406325,0.3483669298365472
2.035900592803955,0.18292987993750567,-0.001259658054336154,0.3480425973172698
2.035900592803955,0.1821497047802903,-0.0012597130585017477,0.34771598172822576
2.035900592803955,0.18136943785476062,-0.0012597797085420297,0.3473879661399778
2.035900592803955,0.1805888899369396,-0.0012598547634893528,0.3470585381280001
2.035900592803955,0.17980733092695828,-0.001259927514862095,0.34672663740791276
2.035900592803955,0.17902558861359308,-0.0012600083277021362,0.34639297176320016
2.035900592803955,0.17824352489979506,-0.0012600947422068305,0.34605756908876073
2.035900592803955,0.17746101317194146,-0.001260184756449921,0.3457202108837776
2.035900592803955,0.17667814387907105,-0.0012602788747932067,0.3453808948371915
3.035900592803955,0.17589506722149997,-0.0012603782947038164,0.34503977963831467
3.035900592803955,0.17511181416691085,-0.0012604828797488747,0.34469691098491806
3.035900592803955,0.17432825005843405,-0.0012605906636164455,0.3443520725966963
3.035900592803955,0.17354449384738152,-0.001260702375460141,0.34400530414301494
3.035900592803955,0.17276056485972133,-0.0012608176762283207,0.34365660657402564
3.035900592803955,0.17197661040869744,-0.0012609375679489589,0.34330613120861075
3.035900592803955,0.17119232731827078,-0.0012610587380119768,0.3429534862524024
3.035900592803955,0.1704085884849017,-0.0012611887063521815,0.3425996410611034
3.035900592803955,0.16962482444297722,-0.0012613221421254872,0.34224411029193186
3.035900592803955,0.16884078914074685,-0.0012614567149298699,0.3418863398878626
3.035900592803955,0.16805701644260518,-0.0012615959999628633,0.34152681423882486
3.035900592803955,0.16727309814582292,-0.0012617363151351188,0.34116513574371776
3.035900592803955,0.1664898250357788,-0.0012618830957530532,0.3408021569786711
3.035900592803955,0.16570637701281177,-0.001262030284081974,0.340437043987396
3.035900592803955,0.16492321722473874,-0.0012621806565705357,0.34007007113142457
3.035900592803955,0.1641404994201008,-0.0012623346010868161,0.33970149968036895
3.035900592803955,0.16335784241889026,-0.0012624896128501546,0.3393308741056325
3.035900592803955,0.16257548131704963,-0.0012626466349643546,0.33895830871779176
3.035900592803955,0.16179429833838865,-0.0012628099223790101,0.3385849404301833
3.035900592803955,0.16101237985207495,-0.0012629699305398909,0.33820861545233366
3.035900592803955,0.16023159654128014,-0.0012631349315470435,0.3378309963254962
3.035900592803955,0.1594510257423316,-0.0012633002208608142,0.33745143611667405
3.035900592803955,0.1586711451542071,-0.0012634678283213706,0.3370702710154416
3.035900592803955,0.1578918348287846,-0.0012636369556403779,0.336687418721267
3.035900592803955,0.15711237711739,-0.001263804906720338,0.33630189906031766
3.035900592803955,0.1563351314284451,-0.0012639785747337214,0.335916375849548
3.035900592803955,0.1555574460887708,-0.0012641506301686867,0.33552827457073675
3.035900592803955,0.15478063082330878,-0.0012643245375409257,0.33513835181729024
3.035900592803955,0.15400466939240848,-0.001264499259166104,0.3347468468285543
3.035900592803955,0.15322926229941777,-0.0012646741677614128,0.334353413497919
3.035900592803955,0.1524549609049509,-0.0012648500070515864,0.3339585971757874
3.035900592803955,0.1516813744776262,-0.0012650260864623536,0.3335620421572699
3.035900592803955,0.15090868231461813,-0.0012652025719397317,0.33316381326281996
3.035900592803955,0.15013690500626445,-0.001265379215184003,0.3327639279115351
3.035900592803955,0.14936647045051732,-0.0012655562128885169,0.3323628892080285
3.035900592803955,0.14859597170166866,-0.0012657329612152136,0.331959052179779
3.035900592803955,0.14782750177203588,-0.0012659092291527549,0.331554496507414
3.035900592803955,0.14705960119167566,-0.001266085034540905,0.33114804198538944
3.035900592803955,0.1462929659452179,-0.0012662604890403169,0.3307401105459404
3.035900592803955,0.14552731860614854,-0.001266435419116349,0.3303304759576187
3.035900592803955,0.1447630547530636,-0.0012666094837502813,0.3299195220321245
3.035900592803955,0.14399977453893456,-0.001266783097658302,0.3295068391591695
3.035900592803955,0.14323760916880493,-0.0012669559918916558,0.32909242729166405
3.035900592803955,0.14247747278794454,-0.0012671266614074882,0.328677395939035
3.035900592803955,0.1417175122259436,-0.0012672986429014196,0.328259754030623
3.035900592803955,0.14095967868534143,-0.0012674678244704377,0.32784125396781494
3.035900592803955,0.1402028800730527,-0.001267636348909855,0.3274211017030504
3.035900592803955,0.1394475771815295,-0.001267803476606006,0.3269995529220171
3.035900592803955,0.13869344628530939,-0.0012679698372947586,0.32657627587558063
3.035900592803955,0.13794112421219692,-0.0012681336004857144,0.3261519232860009
3.035900592803955,0.13719032245129614,-0.0012682958519407359,0.32572631427509036
3.035900592803955,0.1364407777367184,-0.001268457700496689,0.32529902326066457
3.035900592803955,0.13569289507556442,-0.001268617575804095,0.32487039612251556
3.035900592803955,0.1349467113533284,-0.0012687753121945061,0.32444056999649185
3.035900592803955,0.13420198751985105,-0.0012689320205848224,0.32400925962094157
3.035900592803955,0.13345890725814674,-0.00126908696540853,0.32357657469215345
3.035900592803955,0.13271778944653317,-0.0012692388799613735,0.3231429191303536
3.035900592803955,0.13197813791363636,-0.0012693901972717254,0.32270778156617197
3.035900592803955,0.13124032188261386,-0.0012695393335767184,0.3222714210753303
3.035900592803955,0.1305041746137131,-0.0012696870069930782,0.3218337053649616
3.035900592803955,0.12977011168433003,-0.0012698313812711214,0.32139506954358726
3.035900592803955,0.12903760388217045,-0.0012699753225292286,0.32095498311542936
3.035900592803955,0.12830702336353814,-0.0012701169511451643,0.3205137048876354
3.035900592803955,0.1275785617799583,-0.0012702553254710924,0.320071536378336
3.035900592803955,0.12685173970193223,-0.001270393361702371,0.3196279624822821
3.035900592803955,0.12612722143753768,-0.0012705274772635868,0.3191835980142822
3.035900592803955,0.12540449602337295,-0.0012706608319247373,0.3187380048958041
3.035900592803955,0.12468309762537329,-0.0012707959843470604,0.3182904657725427
3.035900592803955,0.12396536672954087,-0.001270918834379988,0.3178435653321162
3.035900592803955,0.12324873379093457,-0.0012710463677892136,0.3173949892482337
3.035900592803955,0.1225341721083791,-0.0012711726047659189,0.31694511830392574
3.035900592803955,0.12182182674403015,-0.0012712959719277175,0.3164942894636429
3.035900592803955,0.12111195534733331,-0.0012714151328826404,0.31604289068088764
3.035900592803955,0.1204039603324448,-0.0012715345600008005,0.31559029604257954
3.035900592803955,0.11969818556486221,-0.001271651922445518,0.31513670243393554
3.035900592803955,0.11899492414543483,-0.0012717652827823646,0.3146825197616698
3.035900592803955,0.11829365453122799,-0.0012718786702172469,0.31422723168806427
3.035900592803955,0.11759500595815398,-0.0012719877985760547,0.31377140311055973
3.035900592803955,0.11689844262123038,-0.0012720968052318364,0.31331456723603307
3.035900592803955,0.11620442521589915,-0.0012722024924987363,0.31285710169894854
3.035900592803955,0.1155122347867885,-0.001272310148010023,0.312398273994162
3.035900592803955,0.1148236660590448,-0.0012724065450314577,0.3119399598922483
3.035900592803955,0.11413657083325757,-0.0012725089978563135,0.3114801869966192
3.035900592803955,0.11345228340270846,-0.0012726070708929914,0.31101987625921046
3.035900592803955,0.11277043762965856,-0.0012727035650204263,0.3105589159999399
3.035900592803955,0.11209105263885451,-0.0012727986152770362,0.310097264644644
3.035900592803955,0.11141440507568046,-0.001272890240065369,0.30963522564188656
3.035900592803955,0.11074005156594807,-0.0012729822887709713,0.30917236247079377
3.035900592803955,0.11006868672832162,-0.001273069288339937,0.30870934037815867
3.035900592803955,0.10939954923917398,-0.0012731578498231498,0.3082454704230134
3.035900592803955,0.10873343902799011,-0.0012732414574651192,0.3077814558671722
3.035900592803955,0.10806980474315946,-0.0012733251172028955,0.30731687263601787
3.035900592803955,0.1074087426742802,-0.0012734080802262564,0.3068516829447908
3.035900592803955,0.10675082118296689,-0.0012734856858351781,0.3063865416993425
3.035900592803955,0.10609519020220609,-0.0012735656902675037,0.3059206504579598
3.035900592803955,0.10544269990473495,-0.0012736407771643324,0.3054547355679483
3.035900592803955,0.10479275282390373,-0.001273716474666363,0.30498833686665017
3.035900592803955,0.10414518964706106,-0.0012737939376609685,0.3045211153127946
3.035900592803955,0.10350206672045147,-0.0012738555599804136,0.3040553540288547
3.035900592803955,0.10286031327384673,-0.0012739300357075822,0.30358817786330067
4.035900592803955,0.10222185251768773,-0.0012739992370281346,0.3031208910507155
4.035900592803955,0.10158636401970739,-0.0012740659969463289,0.3026535936327013
4.035900592803955,0.10095375846668266,-0.0012741316341715186,0.30218617751107835
4.035900592803955,0.10032417362973245,-0.0012741951771994865,0.3017187616805174
4.035900592803955,0.09969749287873955,-0.001274257946974073,0.30125124919825785
4.035900592803955,0.09907375409736204,-0.0012743196986369013,0.3007836519578126
4.035900592803955,0.09845312796616745,-0.001274379028180398,0.300316172859837
4.035900592803955,0.09783554819412174,-0.0012744369145190927,0.2998487955474857
4.035900592803955,0.09722109109161224,-0.0012744929897302998,0.29938159590781743
4.035900592803955,0.09660959711369829,-0.0012745489696273787,0.29891441476855013
4.035900592803955,0.09600121821041054,-0.0012746034777483851,0.29844737934903137
4.035900592803955,0.09539599476945883,-0.001274656326482538,0.29798058103936215
4.035900592803955,0.09479385287792556,-0.0012747084503628853,0.2975139620827327
4.035900592803955,0.094194816420849,-0.0012747597249313132,0.2970475339917672
4.035900592803955,0.09359912404237591,-0.0012748081185828854,0.2965815773360282
4.035900592803955,0.09300649018102751,-0.0012748567163328658,0.2961158532320867
4.035900592803955,0.09241711528832673,-0.00127490370453626,0.2956505151832206
4.035900592803955,0.09183111914558424,-0.0012749482576511519,0.29518575545632736
4.035900592803955,0.09124793955289752,-0.0012749958838852299,0.29472099501191584
4.035900592803955,0.09066842894384743,-0.0012750382458781157,0.29425703101085565
4.035900592803955,0.09009195528735126,-0.0012750819198741048,0.2937934065787198
4.035900592803955,0.08951888286347669,-0.001275123465763587,0.2933303827649507
4.035900592803955,0.08894917431999817,-0.0012751635460728668,0.2928680138422679
4.035900592803955,0.08838274891089305,-0.0012752032212420272,0.2924062242392692
4.035900592803955,0.08781960612289724,-0.0012752425587664838,0.29194499740302926
4.035900592803955,0.08725987206758656,-0.0012752804094403464,0.29148448235568153
4.035900592803955,0.0867035240129925,-0.001275317232210204,0.29102470721364887
4.035900592803955,0.08615056761016156,-0.0012753531887801164,0.29056569129063226
4.035900592803955,0.08560101358057826,-0.0012753883435969275,0.2901074609743314
4.035900592803955,0.0850547886859346,-0.0012754234875064913,0.2896499518674388
4.035900592803955,0.08451193515454583,-0.0012754581631163886,0.28919320382215324
4.035900592803955,0.08397298515616354,-0.0012754875913574826,0.28873783825226296
4.035900592803955,0.08343714530314277,-0.001275520150786729,0.2882831560050169
4.035900592803955,0.08290483117555236,-0.001275551519819021,0.28782940942223795
4.035900592803955,0.08237592765906489,-0.0012755827989888412,0.28737657844388426
4.035900592803955,0.08185070772084987,-0.0012756114973555346,0.2869249691618453
4.035900592803955,0.08132878419541266,-0.0012756416525998918,0.28647425197025966
4.035900592803955,0.08081061686757177,-0.001275668804238607,0.2860248478778182
4.035900592803955,0.08029585577196384,-0.0012756967048038192,0.2855765130774247
4.035900592803955,0.07978467123808426,-0.0012757236959702566,0.2851293673826751
4.035900592803955,0.07927705285708168,-0.001275749993654554,0.28468345631433073
4.035900592803955,0.07877275330704325,-0.001275777935901539,0.28423853019661316
4.035900592803955,0.07827241468077462,-0.0012758012884405458,0.28379524581688337
4.035900592803955,0.07777572253989765,-0.0012758238789259482,0.28335346811968193
4.035900592803955,0.07728251884629926,-0.0012758474844825722,0.28291297478463917
4.035900592803955,0.07679291346455461,-0.0012758708792771287,0.2824738418217765
4.035900592803955,0.076306864324877,-0.001275894383778453,0.2820360696021357
4.035900592803955,0.07582463597498848,-0.0012759155427817283,0.281599967825549
4.035900592803955,0.0753459461147035,-0.0012759373995612465,0.28116533110980674
4.035900592803955,0.07487094074812954,-0.001275958524305773,0.28073226885917274
4.035900592803955,0.07439951475339393,-0.0012759799481440771,0.2803007211121453
4.035900592803955,0.07393183174822883,-0.001276000098243208,0.27987086744208384
4.035900592803955,0.07346797030236468,-0.0012760185286170012,0.27944286806915947
4.035900592803955,0.07300765590917707,-0.0012760381141875554,0.27901647842012994
4.035900592803955,0.07255110096463732,-0.0012760567129722518,0.2785918754688474
4.035900592803955,0.07209832243939798,-0.001276074331498428,0.2781691572336119
4.035900592803955,0.07164915283799714,-0.0012760926845998971,0.2777481814140443
4.035900592803955,0.07120378690224624,-0.0012761098639357434,0.2773291384996389
4.035900592803955,0.07076218729355185,-0.001276126418878712,0.27691206814861596
4.035900592803955,0.07032431667746551,-0.0012761428396556654,0.27649695514518113
4.035900592803955,0.06989018208336477,-0.0012761590855050187,0.27608382197113984
4.035900592803955,0.06945982603984382,-0.001276174790114857,0.2756727439236903
4.035900592803955,0.06903322411732234,-0.0012761902644244406,0.2752637369786613
4.035900592803955,0.06861040152597579,-0.0012762053226095214,0.27485685298825
4.035900592803955,0.06819139431276908,-0.0012762197237331102,0.2744521683809505
4.035900592803955,0.06777613426217109,-0.0012762342018092787,0.27404965070055043
4.035900592803955,0.06736467883226424,-0.0012762482226931042,0.273649373657881
4.035900592803955,0.06695704615523769,-0.0012762617012100491,0.2732514026504977
4.035900592803955,0.06655322434576338,-0.0012762748561731471,0.27285576428087516
4.035900592803955,0.06615316695487639,-0.0012762881515356143,0.27246243586126295
4.035900592803955,0.06575704524299676,-0.0012763000574351722,0.2720716220606924
4.035900592803955,0.06536463106630482,-0.0012763128438424906,0.27168315550452804
4.035900592803955,0.0649761304444191,-0.0012763245411695281,0.27129723107391485
4.035900592803955,0.06459142255562189,-0.0012763363915665703,0.27091380207061133
4.035900592803955,0.06421056367599698,-0.0012763478787788558,0.2705329346920636
4.035900592803955,0.0638335508384851,-0.0012763590798761486,0.2701546707794435
4.035900592803955,0.06346037875377039,-0.0012763700878311857,0.2697790392348443
4.035900592803955,0.06309108230050196,-0.0012763806319323404,0.26940611026518285
4.035900592803955,0.06272563051424981,-0.0012763910645899462,0.26903589421746643
4.035900592803955,0.06236404393650609,-0.0012764012236681256,0.2686684393746877
4.035900592803955,0.06200632650554551,-0.0012764111156441105,0.26830378903127006
4.035900592803955,0.06165248516573203,-0.0012764207263398601,0.2679419873197945
4.035900592803955,0.06130252683385054,-0.0012764300475053246,0.26758307883248933
4.035900592803955,0.060956407180858874,-0.001276439498737552,0.2672270517843065
4.035900592803955,0.06061420817767339,-0.0012764483396229369,0.26687401740610067
4.035900592803955,0.06027587825458253,-0.0012764571159155115,0.26652397788953003
4.035900592803955,0.05994142467866806,-0.0012764657709453675,0.26617696415831593
4.035900592803955,0.0596108868457159,-0.0012764739794121904,0.26583305477916996
4.035900592803955,0.05928421880447128,-0.001276482204841934,0.26549224740068067
4.035900592803955,0.05896145423180936,-0.0012764901474431357,0.2651546021711913
4.035900592803955,0.058642598204922444,-0.0012764978043225683,0.26482016894492016
4.035900592803955,0.058327630631680547,-0.0012765053897233862,0.26448896476729983
4.035900592803955,0.058016576037033404,-0.0012765126988977665,0.26416104665535145
4.035900592803955,0.05770942477389543,-0.0012765198509428442,0.26383644688561236
4.035900592803955,0.05740617520710782,-0.0012765268754329068,0.2635151980292913
4.035900592803955,0.05710684518724864,-0.0012765336325124034,0.2631973552090684
4.035900592803955,0.05681141961997399,-0.001276540283939094,0.2628829438328847
4.035900592803955,0.0565199162306356,-0.0012765466900203082,0.2625720161671757
4.035900592803955,0.05623196233446445,-0.0012765558523385352,0.26226419969667075
4.035900592803955,0.055947196817249384,-0.0012765697986051698,0.2619590067135722
5.035900592803955,0.05566572295627557,-0.001276586062810909,0.261656446465303
5.035900592803955,0.05538746801866677,-0.0012766040385795256,0.26135648757591695
5.035900592803955,0.05511239943552804,-0.001276622969913297,0.2610591160192988
5.035900592803955,0.05484047583590629,-0.0012766423488027971,0.26076431393104843
5.035900592803955,0.054571658535533585,-0.0012766617769159674,0.2604720643298215
5.035900592803955,0.0543059088632112,-0.0012766809631074884,0.2601823500163328
5.035900592803955,0.05404318877473152,-0.0012766996965230745,0.2598951538339629
5.035900592803955,0.05378346070221389,-0.0012767178306232474,0.2596104586129215
5.035900592803955,0.053526687581187726,-0.0012767352688753536,0.25932824718785685
5.035900592803955,0.053272832836381734,-0.0012767519534938668,0.25904850239824456
5.035900592803955,0.0530218603771494,-0.0012767678562969273,0.2587712070926405
5.035900592803955,0.05277373459070135,-0.0012767829713933726,0.2584963441318956
5.035900592803955,0.05252842033590317,-0.0012767973093495977,0.25822389639247956
5.035900592803955,0.05228588293700227,-0.0012768108925700974,0.25795384676964705
5.035900592803955,0.0520460881774385,-0.0012768237516642064,0.2576861781805124
5.035900592803955,0.05180900229370719,-0.0012768359226152,0.25742087356702203
5.035900592803955,0.05157459196928375,-0.0012768474445961908,0.25715791589882736
5.035900592803955,0.05134282432861233,-0.0012768583583060295,0.25689728817606294
5.035900592803955,0.051113666931158916,-0.0012768687047214136,0.25663897343203074
5.035900592803955,0.05088708776553147,-0.0012768785241794138,0.25638295473579314
5.035900592803955,0.05066305524366678,-0.0012768878557216923,0.256129215194677
5.035900592803955,0.05044153819508598,-0.0012768967366434299,0.2558777379566911
5.035900592803955,0.050222505861218375,-0.0012769052022012714,0.2556285062128592
5.035900592803955,0.050005927889793744,-0.0012769132854445371,0.25538150319947045
5.035900592803955,0.049791774329303845,-0.0012769210171386484,0.25513671220024947
5.035900592803955,0.04958001562353288,-0.00127692842575736,0.2548941165484489
5.035900592803955,0.049370622606155795,-0.001276935537525968,0.25465369962886414
5.035900592803955,0.04916356649540618,-0.0012769423765009828,0.25441544487977563
5.035900592803955,0.04895881888881087,-0.0012769489646730914,0.254179335794818
5.035900592803955,0.048756351757993296,-0.0012769553220870304,0.2539453559247772
5.035900592803955,0.04855613744354338,-0.0012769614669687832,0.25371348887932177
5.035900592803955,0.04835814864995382,-0.0012769674158569395,0.2534837183286651
5.035900592803955,0.04816235844062344,-0.0012769731837342785,0.2532560280051629
5.035900592803955,0.04796874023292548,-0.0012769787841555545,0.25303040170484725
5.035900592803955,0.04777726779334038,-0.0012769842293702573,0.2528068232888995
5.035900592803955,0.047587915232654085,-0.0012769895304402326,0.2525852766850617
5.035900592803955,0.04740065700121886,-0.0012769946973493554,0.2523657458889907
5.035900592803955,0.04721546788427816,-0.0012769997391055277,0.25214821496555395
5.035900592803955,0.04703232299735341,-0.001277004663835804,0.2519326680500711
5.035900592803955,0.04685119778169247,-0.0012770094788729924,0.2517190893494997
5.035900592803955,0.04667206799977974,-0.0012770141908357742,0.25150746314357053
5.035900592803955,0.04649490973090642,-0.001277018805701597,0.2512977737858698
5.035900592803955,0.04631969936680033,-0.001277023328872081,0.2510900057048722
5.035900592803955,0.04614641360731568,-0.0012770277652338,0.25088414340492576
5.035900592803955,0.045975029456180316,-0.001277032119211298,0.25068017146718935
5.035900592803955,0.045805524216801674,-0.0012770363948159842,0.25047807455052334
5.035900592803955,0.04563787548812927,-0.0012770405956900148,0.2502778373923376
5.035900592803955,0.04547206116057409,-0.0012770447251454486,0.25007944480939376
5.035900592803955,0.04530805941198365,-0.0012770487861996395,0.24988288169856687
5.035900592803955,0.045145848703672414,-0.0012770527816062562,0.2496881330375657
5.035900592803955,0.044985407776506406,-0.0012770567138832428,0.24949518388561243
5.035900592803955,0.0448267156470422,-0.0012770605853382258,0.24930401938408378
5.035900592803955,0.04466975160371865,-0.0012770643980907388,0.24911462475711538
5.035900592803955,0.044514495203101856,-0.0012770681540918566,0.2489269853121679
5.035900592803955,0.04436092626618142,-0.001277071855142413,0.24874108644055837
5.035900592803955,0.04420902487471853,-0.0012770755029079643,0.2485569136179571
5.035900592803955,0.04405877136764455,-0.0012770790989338615,0.2483744524048505
5.035900592803955,0.04391014633750984,-0.0012770826446569482,0.248193688446971
5.035900592803955,0.043763130626981755,-0.0012770861414167951,0.24801460747569576
5.035900592803955,0.04361770532539179,-0.0012770895904655258,0.24783719530841428
5.035900592803955,0.043473851765330696,-0.0012770929929769893,0.24766143784886613
5.035900592803955,0.04333155151929176,-0.0012770963500538628,0.24748732108744925
5.035900592803955,0.04319078639636022,-0.0012770996627351691,0.24731483110150046
5.035900592803955,0.04305153843894982,-0.00127710293200212,0.24714395405554856
5.035900592803955,0.04291378991958504,-0.0012771061587837397,0.24697467620154084
5.035900592803955,0.042777523337728274,-0.0012771093439615452,0.2468069838790425
5.035900592803955,0.04264272141665225,-0.0012771124883742442,0.2466408635154138
5.035900592803955,0.042509367100355785,-0.00127711559282144,0.24647630162595982
5.035900592803955,0.04237744355052353,-0.0012771186580669038,0.24631328481405912
5.035900592803955,0.042246934143528814,-0.0012771216848413737,0.24615179977126808
5.035900592803955,0.042117822467478166,-0.0012771246738461743,0.2459918332774037
5.035900592803955,0.04199009231929855,-0.0012771276257549334,0.24583337220060492
5.035900592803955,0.04186372770186482,-0.0012771305412161878,0.24567640349737274
5.035900592803955,0.041738712821168894,-0.0012771334208548923,0.24552091421259095
5.035900592803955,0.04161503208352857,-0.0012771362652744395,0.24536689147952628
5.035900592803955,0.041492670092835957,-0.0012771390750583728,0.24521432251981093
5.035900592803955,0.04137161164784506,-0.0012771418507718062,0.24506319464340545
5.035900592803955,0.04125184173949828,-0.0012771445929623503,0.24491349524854517
5.035900592803955,0.041133345548290304,-0.0012771473021614445,0.2447652118216683
5.035900592803955,0.04101610844167017,-0.001277149978885176,0.24461833193732838
5.035900592803955,0.040900115971479994,-0.001277152623636077,0.24447284325808985
5.035900592803955,0.04078535387143015,-0.0012771552369029646,0.24432873353440912
5.035900592803955,0.04067180805461089,-0.0012771578191621384,0.24418599060449941
5.035900592803955,0.04055946461103904,-0.0012771603708779562,0.2440446023941821
5.035900592803955,0.040448309805240196,-0.0012771628925034618,0.24390455691672364
5.035900592803955,0.04033833007386456,-0.0012771653844811104,0.24376584227265852
5.035900592803955,0.040229512023338534,-0.0012771678472430492,0.2436284466496
5.035900592803955,0.040121842427547585,-0.0012771702812119472,0.24349235832203775
5.035900592803955,0.040015308225554755,-0.0012771726868009842,0.2433575656511231
5.035900592803955,0.039909896519349744,-0.0012771750644148157,0.24322405708444234
5.035900592803955,0.03980559457163163,-0.0012771774144493611,0.24309182115578007
5.035900592803955,0.039702389803622284,-0.0012771797372926642,0.2429608464848704
5.035900592803955,0.03960026979291226,-0.0012771820333247613,0.24283112177713667
5.035900592803955,0.03949922227133647,-0.0012771843029178997,0.24270263582342377
5.035900592803955,0.039399235122880766,-0.0012771865464373672,0.2425753774997182
5.035900592803955,0.03930029638161879,-0.0012771887642415783,0.24244933576686
5.035900592803955,0.03920239422967804,-0.001277190956681884,0.24232449967024483
5.035900592803955,0.03910551699523521,-0.0012771931241033416,0.2422008583395185
5.035900592803955,0.03900965315054,-0.001277195266844739,0.24207840098826144
5.035900592803955,0.038914791309968166,-0.0012771973852384565,0.24195711691366725
6.035900592803955,0.03882092022810131,-0.0012771994796111213,0.24183699549621157
6.035900592803955,0.03872802879783527,-0.0012772015502835257,0.24171802619931465
6.035900592803955,0.038636106048514834,-0.0012772035975708793,0.24160019856899678
6.035900592803955,0.03854514114409553,-0.0012772056217828405,0.24148350223352644
6.035900592803955,0.03845512338133218,-0.0012772076232237459,0.24136792690306214
6.035900592803955,0.03836604218799278,-0.0012772096021927068,0.24125346236928877
6.035900592803955,0.03827788712109828,-0.0012772115589840503,0.24114009850504628
6.035900592803955,0.03819064786518796,-0.001277213493887125,0.24102782526395455
6.035900592803955,0.038104314230608796,-0.0012772154071863107,0.2409166326800322
6.035900592803955,0.03801887615183046,-0.001277217299161186,0.24080651086730917
6.035900592803955,0.03793432368578373,-0.0012772191700871419,0.24069745001943582
6.035900592803955,0.03785064701022278,-0.0012772210202348644,0.24058944040928654
6.035900592803955,0.03776783642211115,-0.0012772228498705365,0.24048247238855952
6.035900592803955,0.03768588233603097,-0.0012772246592566011,0.24037653638737128
6.035900592803955,0.037604775282614675,-0.0012772264486508936,0.24027162291384835
6.035900592803955,0.03752450590699906,-0.0012772282183074121,0.24016772255371427
6.035900592803955,0.03744506496730192,-0.0012772299684759743,0.24006482596987316
6.035900592803955,0.03736644333312039,-0.001277231699402439,0.2399629239019905
6.035900592803955,0.03728863198405043,-0.0012772334113290186,0.23986200716606979
6.035900592803955,0.03721162200822782,-0.0012772351044939567,0.23976206665402694
6.035900592803955,0.03713540460088968,-0.0012772367791318365,0.23966309333326163
6.035900592803955,0.03705997106295737,-0.0012772384354741255,0.23956507824622567
6.035900592803955,0.03698531279963832,-0.0012772400737485964,0.2394680125099893
6.035900592803955,0.03691142131904909,-0.0012772416941792993,0.23937188731580522
6.035900592803955,0.036838288230857344,-0.0012772432969870573,0.23927669392867024
6.035900592803955,0.036765905244943456,-0.0012772448823892661,0.23918242368688497
6.035900592803955,0.036694264170081314,-0.001277246450599876,0.23908906800161164
6.035900592803955,0.03662335691263742,-0.0012772480018300968,0.23899661835643093
6.035900592803955,0.03655317547528933,-0.0012772495362879353,0.23890506630689612
6.035900592803955,0.03648371195576164,-0.0012772510541783043,0.2388144034800867
6.035900592803955,0.03641495854558051,-0.0012772525557030387,0.2387246215741608
6.035900592803955,0.036346907528845146,-0.001277254041060865,0.2386357123579057
6.035900592803955,0.0362795512810178,-0.0012772555104477376,0.2385476676702885
6.035900592803955,0.03621288226773016,-0.0012772569640568873,0.2384604794200044
6.035900592803955,0.036146893043606784,-0.0012772584020786064,0.23837413958502646
6.035900592803955,0.03608157625110586,-0.0012772598247005398,0.23828864021215213
6.035900592803955,0.03601692461937528,-0.0012772612321076682,0.23820397341655164
6.035900592803955,0.035952930963126475,-0.0012772626244821443,0.23812013138131446
6.035900592803955,0.035889588181522214,-0.0012772640020035364,0.23803710635699635
6.035900592803955,0.0358268892570824,-0.0012772653648491193,0.23795489066116549
6.035900592803955,0.03576482725460341,-0.001277266713193434,0.23787347667794928
6.035900592803955,0.035703395320093895,-0.001277268047208676,0.2377928568575805
6.035900592803955,0.03564258667972525,-0.0012772693670644562,0.23771302371594452
6.035900592803955,0.035582394638796325,-0.0012772706729281824,0.23763396983412588
6.035900592803955,0.035522812580714325,-0.001277271964964865,0.2375556878579549
6.035900592803955,0.03546383396598804,-0.0012772732433373006,0.2374781704975559
6.035900592803955,0.03540545233123685,-0.001277274508205986,0.23740141052689506
6.035900592803955,0.03534766128821311,-0.0012772757597289408,0.23732540078332884
6.035900592803955,0.03529045452283788,-0.001277276998062224,0.2372501341671533
6.035900592803955,0.035233825794250995,-0.0012772782233597922,0.2371756036411539
6.035900592803955,0.035177768933874004,-0.0012772794357736351,0.2371018022301564
6.035900592803955,0.03512227784448595,-0.0012772806354535218,0.2370287230205782
6.035900592803955,0.03506734649931319,-0.0012772818225470876,0.2369563591599809
6.035900592803955,0.03501296894113068,-0.0012772829971999557,0.23688470385662377
6.035900592803955,0.034959139281376644,-0.001277284159556042,0.23681375037901822
6.035900592803955,0.03490585169927929,-0.0012772853097570806,0.23674349205548378
6.035900592803955,0.034853100440996,-0.0012772864479428832,0.23667392227370398
6.035900592803955,0.03480087981876427,-0.0012772875742514886,0.23660503448028553
6.035900592803955,0.03474918421006455,-0.0012772886888190588,0.23653682218031663
6.035900592803955,0.03469800805679492,-0.0012772897917801597,0.2364692789369285
6.035900592803955,0.034647345864456947,-0.0012772908832673659,0.23640239837085683
6.035900592803955,0.03459719220135306,-0.0012772919634114754,0.23633617416000527
6.035900592803955,0.03454754169779527,-0.0012772930323415206,0.23627060003901065
6.035900592803955,0.034498389045324276,-0.0012772940901849307,0.2362056697988093
6.035900592803955,0.03444972899594004,-0.0012772951370673587,0.23614137728620516
6.035900592803955,0.034401556361342955,-0.001277296173113101,0.23607771640343939
6.035900592803955,0.03435386601218465,-0.0012772971984446428,0.2360146811077619
6.035900592803955,0.03430665287733034,-0.001277298213182742,0.23595226541100411
6.035900592803955,0.03425991194313101,-0.0012772992174465286,0.23589046337915412
6.035900592803955,0.034213638252704584,-0.0012773002113539572,0.23582926913193275
6.035900592803955,0.03416782690522892,-0.0012773011950214276,0.23576867684237207
6.035900592803955,0.034122473055242894,-0.001277302168563435,0.23570868073639561
6.035900592803955,0.03407757191195783,-0.0012773031320933818,0.23564927509240066
6.035900592803955,0.03403311873857823,-0.0012773040857230779,0.23559045424084163
6.035900592803955,0.03398910885163188,-0.0012773050295630077,0.23553221256381643
6.035900592803955,0.03394553762030943,-0.0012773059637221397,0.23547454449465383
6.035900592803955,0.03390240046581204,-0.001277306888308006,0.23541744451750388
6.035900592803955,0.03385969286070903,-0.0012773078034267506,0.23536090716692876
6.035900592803955,0.033817410328304084,-0.0012773087091834216,0.23530492702749783
6.035900592803955,0.0337755484420095,-0.0012773096056815716,0.23524949873338233
6.035900592803955,0.03373410282472948,-0.0012773104930236222,0.23519461696795413
6.035900592803955,0.0336930691482521,-0.0012773113713105966,0.23514027646338526
6.035900592803955,0.0336524431326483,-0.0012773122406421096,0.2350864720002504
6.035900592803955,0.03361222054568086,-0.001277313101116652,0.2350331984071311
6.035900592803955,0.03357239720222001,-0.0012773139528315484,0.234980450560222
6.035900592803955,0.033532968963667295,-0.0012773147958827918,0.23492822338293962
6.035900592803955,0.03349393173738746,-0.0012773156303653617,0.23487651184553282
6.035900592803955,0.03345528147614793,-0.001277316456372822,0.2348253109646964
6.035900592803955,0.033417014177565915,-0.0012773172739976371,0.23477461580318543
6.035900592803955,0.03337912588356251,-0.0012773180833312164,0.23472442146943337
6.035900592803955,0.03334161267982501,-0.0012773188844639738,0.23467472311717125
6.035900592803955,0.033304470695275576,-0.0012773196774850913,0.23462551594504927
6.035900592803955,0.033267696101547714,-0.0012773204624825403,0.2345767951962618
6.035900592803955,0.03323128511246928,-0.0012773212395432304,0.23452855615817284
6.035900592803955,0.03319523398355301,-0.001277322008753124,0.23448079416194495
6.035900592803955,0.03315953901149295,-0.001277322770197195,0.23443350458217024
6.035900592803955,0.03312419653366891,-0.0012773235239594317,0.2343866828365036
6.035900592803955,0.03308920292765591,-0.0012773242701227087,0.23434032438529778
6.035900592803955,0.033054554610742096,-0.001277325008768735,0.23429442473124168
6.035900592803955,0.033020248039451236,-0.0012773257399784944,0.23424897941900014
7.035900592803955,0.03298627970907282,-0.0012773264638317842,0.23420398403485598
7.035900592803955,0.03295264615319762,-0.0012773271804075899,0.23415943420635527
7.035900592803955,0.03291934394326028,-0.0012773278897838525,0.2341153256019539
7.035900592803955,0.03288636968808706,-0.0012773285920377325,0.23407165393066717
7.035900592803955,0.03285372003345009,-0.0012773292872452421,0.23402841494172116
7.035900592803955,0.03282139166162755,-0.001277329975481703,0.2339856044242066
7.035900592803955,0.032789381290969075,-0.001277330656821521,0.2339432182067354
7.035900592803955,0.032757685675467885,-0.0012773313313380469,0.23390125215709892
7.035900592803955,0.03272630160433759,-0.0012773319991040213,0.23385970218192906
7.035900592803955,0.03269522590159517,-0.0012773326601912688,0.23381856422636135
7.035900592803955,0.03266445542564911,-0.0012773333146704792,0.23377783427370036
7.035900592803955,0.03263398706889299,-0.0012773339626117736,0.23373750834508764
7.035900592803955,0.03260381775730481,-0.0012773346040843916,0.23369758249917177
7.035900592803955,0.03257394445005081,-0.0012773352391566815,0.23365805283178115
7.035900592803955,0.03254436413909512,-0.0012773358678963218,0.23361891547559796
7.035900592803955,0.03251507384881429,-0.0012773364903701893,0.23358016659983596
7.035900592803955,0.03248607063561647,-0.0012773371066443738,0.2335418024099197
7.035900592803955,0.03245735158756623,-0.0012773377167841875,0.23350381914716578
7.035900592803955,0.03242891382401375,-0.0012773383208540441,0.2334662130884672
7.035900592803955,0.032400754495229264,-0.0012773389189178821,0.2334289805459793
7.035900592803955,0.03237287078204165,-0.0012773395110387345,0.23339211786680847
7.035900592803955,0.0323452598954819,-0.0012773400972789853,0.23335562143270283
7.035900592803955,0.03231791907643175,-0.0012773406777003317,0.23331948765974525
7.035900592803955,0.03229084559527613,-0.0012773412523634613,0.23328371299804856
7.035900592803955,0.032264036751560546,-0.0012773418213286244,0.23324829393145385
7.035900592803955,0.03223748987365242,-0.0012773423846552771,0.2332132269772289
7.035900592803955,0.032211202318407434,-0.0012773429424023826,0.23317850868577167
7.035900592803955,0.032185171470839435,-0.0012773434946281616,0.2331441356403139
7.035900592803955,0.03215939474379528,-0.001277344041389978,0.23311010445662744
7.035900592803955,0.03213386957763317,-0.0012773445827447966,0.2330764117827338
7.035900592803955,0.032108593439905686,-0.0012773451187488155,0.23304305429861422
7.035900592803955,0.03208356382504647,-0.0012773456494574904,0.23301002871592386
7.035900592803955,0.03205877825406102,-0.0012773461749257982,0.23297733177770602
7.035900592803955,0.032034234274221696,-0.0012773466952079454,0.23294496025811068
7.035900592803955,0.03200992945876582,-0.0012773472103578612,0.232912910962114
7.035900592803955,0.03198586140659877,-0.0012773477204285622,0.2328811807252399
7.035900592803955,0.03196202774199981,-0.0012773482254725549,0.23284976641328445
7.035900592803955,0.03193842611433208,-0.001277348725541621,0.2328186649220425
7.035900592803955,0.031915054197756504,-0.001277349220687122,0.23278787317703536
7.035900592803955,0.031891909690948544,-0.0012773497109599408,0.2327573881332417
7.035900592803955,0.03186899031681961,-0.0012773501964101243,0.23272720677483033
7.035900592803955,0.03184629382224077,-0.001277350677087303,0.23269732611489471
7.035900592803955,0.03182381797777091,-0.001277351153040611,0.23266774319519012
7.035900592803955,0.03180156057738809,-0.001277351624318527,0.23263845508587225
7.035900592803955,0.03177951943822359,-0.0012773520909691513,0.23260945888523926
7.035900592803955,0.0317576924003002,-0.0012773525530399114,0.2325807517194733
7.035900592803955,0.031736077326273426,-0.0012773530105776934,0.23255233074238732
7.035900592803955,0.03171467210117551,-0.0012773534636289496,0.23252419313517161
7.035900592803955,0.03169347463216386,-0.0012773539122394421,0.23249633610614306
7.035900592803955,0.031672482848270664,-0.0012773543564544958,0.23246875689049654
7.035900592803955,0.03165169470015761,-0.0012773547963191023,0.23244145275005892
7.035900592803955,0.03163110815987247,-0.0012773552318778372,0.2324144209730437
7.035900592803955,0.031610721220608914,-0.00127735566317453,0.23238765887380858
7.035900592803955,0.03159053189646979,-0.001277356090252424,0.23236116379261518
7.035900592803955,0.03157053822223235,-0.00127735651315471,0.23233493309538994
7.035900592803955,0.03155073825311762,-0.0012773569319237989,0.23230896417348812
7.035900592803955,0.031531130064561166,-0.0012773573466017159,0.23228325444345854
7.035900592803955,0.031511711751988344,-0.0012773577572299417,0.23225780134681076
7.035900592803955,0.03149248143059098,-0.001277358163849697,0.23223260234978493
7.035900592803955,0.031473437235107135,-0.0012773585665015255,0.23220765494312223
7.035900592803955,0.03145457731960405,-0.0012773589652255724,0.23218295664183838
7.035900592803955,0.031435899857263194,-0.0012773593600616494,0.23215850498499813
7.035900592803955,0.03141740304016806,-0.0012773597510493812,0.2321342975354921
7.035900592803955,0.03139908507909485,-0.001277360138227629,0.23211033187981617
7.035900592803955,0.031380944203305366,-0.0012773605216347822,0.2320866056278508
7.035900592803955,0.0313629786603425,-0.001277360901308866,0.23206311641264502
7.035900592803955,0.03134518671582838,-0.001277361277287628,0.2320398618901991
7.035900592803955,0.03132756665326486,-0.0012773616496083405,0.2320168397392515
7.035900592803955,0.03131011677383623,-0.0012773620183079253,0.23199404766106702
7.035900592803955,0.0312928353962148,-0.0012773623834229607,0.23197148337922552
7.035900592803955,0.031275720856368094,-0.0012773627449892827,0.23194914463941443
7.035900592803955,0.03125877150736944,-0.001277363103042644,0.23192702920922165
7.035900592803955,0.03124198571920954,-0.0012773634576183426,0.23190513487793027
7.035900592803955,0.031225361878611732,-0.0012773638087513854,0.23188345945631614
7.035900592803955,0.03120889838884794,-0.0012773641564763315,0.2318620007764458
7.035900592803955,0.031192593669558122,-0.001277364500827289,0.23184075669147705
7.035900592803955,0.03117644615657149,-0.0012773648418379635,0.23181972507546103
7.035900592803955,0.031160454301729312,-0.001277365179541974,0.23179890382314586
7.035900592803955,0.031144616572710546,-0.0012773655139726205,0.23177829084978205
7.035900592803955,0.03112893145285947,-0.0012773658451625848,0.2317578840909298
7.035900592803955,0.031113397441014934,-0.0012773661731440983,0.2317376815022678
7.035900592803955,0.03109801305134191,-0.0012773664979492984,0.23171768105940377
7.035900592803955,0.03108277681316518,-0.0012773668196098126,0.2316978807576864
7.035900592803955,0.031067687270804903,-0.001277367138157206,0.23167827861201898
7.035900592803955,0.0310527429834139,-0.001277367453622641,0.2316588726566754
7.035900592803955,0.03103794252481734,-0.001277367766036784,0.2316396609451168
7.035900592803955,0.031023284483353716,-0.0012773680754299202,0.23162064154981016
7.035900592803955,0.03100876746171817,-0.0012773683818320287,0.2316018125620487
7.035900592803955,0.030972352868721673,-0.001276766429169466,0.23153713211004
7.035900592803955,0.030939173773698786,-0.0012761447289522804,0.23144930883000187
7.035900592803955,0.030903130459028108,-0.0012757348313803575,0.23133987373931134
7.035900592803955,0.03085456328991959,-0.0012757025887942981,0.23121625700874915
7.035900592803955,0.0308040733672207,-0.0012758177883091838,0.23108699685631814
7.035900592803955,0.03075290898189781,-0.0012760035169351487,0.23096557389353078
7.035900592803955,0.030723699858731357,-0.0012761004794481848,0.230852643890048
7.035900592803955,0.03066660792711004,-0.001276326417466743,0.23072736036279443
7.035900592803955,0.030650699128035447,-0.0012763425841135802,0.2306298931975439
7.035900592803955,0.030623129381189884,-0.0012764544588566885,0.23053517065404128
7.035900592803955,0.030566817471113047,-0.0012766883984137375,0.23041690010782062
7.035900592803955,0.030554531901072157,-0.0012766589786206983,0.23032155550333847
8.035900592803955,0.030510413960444363,-0.001276779686422095,0.2302068431938312
8.035900592803955,0.030468403092632226,-0.0012768874051534047,0.23010542868493808
8.035900592803955,0.03046749575490297,-0.0012768087070649733,0.23002113961636578
8.035900592803955,0.03043327047353142,-0.001276903912964828,0.2299197368615176
8.035900592803955,0.030392495303330117,-0.0012770407846490264,0.22982461128928003
8.035900592803955,0.03043841710316489,-0.0012768191813638564,0.2297929357297428
8.035900592803955,0.030405878165752936,-0.0012770559301530024,0.22970664107479777
8.035900592803955,0.03040012216905734,-0.00127709680385929,0.22963308300812485
8.035900592803955,0.030406555008890862,-0.0012771121580415039,0.2295782678452886
8.035900592803955,0.030374856293836336,-0.0012774399476823094,0.22952951687194878
8.035900592803955,0.030464815232572426,-0.0012771737709507194,0.22952968665468465
8.035900592803955,0.030455799909067924,-0.0012774389748220621,0.22947309395209728
8.035900592803955,0.030500020713074047,-0.0012774246984155815,0.2294603805054127
8.035900592803955,0.03047079893137053,-0.0012779363083265521,0.22943369186082127
8.035900592803955,0.030600142755965648,-0.0012775942359745662,0.22946561316358735
8.035900592803955,0.03054507606049986,-0.0012782415414068736,0.22939536844119857
8.035900592803955,0.030604841788989604,-0.0012782215477552018,0.22939900124508933
8.035900592803955,0.030788069258882,-0.0012777352375406836,0.22951230216555468
8.035900592803955,0.030804205545883576,-0.001278275241493574,0.22950316795053904
8.035900592803955,0.030860801950607142,-0.0012784309702077376,0.229500614161964
8.035900592803955,0.03094966224218823,-0.0012784428931706046,0.22954043784424394
8.035900592803955,0.030940229837502095,-0.0012791982458744793,0.22956206813545932
8.035900592803955,0.031162283238327176,-0.00127860808805556,0.22967215588221013
8.035900592803955,0.031077477690006808,-0.0012795758716987217,0.22952235008148075
8.035900592803955,0.031255391387968845,-0.001278894725802164,0.2296162779288784
8.035900592803955,0.0312551597317019,-0.0012798306440369653,0.22970421068060112
8.035900592803955,0.031606174776520835,-0.0012788000778728333,0.22994012462326086
8.035900592803955,0.03167243492212658,-0.0012795152742583887,0.2299991522965979
8.035900592803955,0.031701807834421836,-0.0012804479141134348,0.23007522825470944
8.035900592803955,0.03219625922562634,-0.001278798222948678,0.23049878058876078
8.035900592803955,0.0322553355198244,-0.001280102173771884,0.23058769638794127
8.035900592803955,0.03243603299711263,-0.0012802310028353775,0.23071803801482202
8.035900592803955,0.032454745934339224,-0.0012814672505614341,0.23078388686464843
8.035900592803955,0.03272871125032914,-0.0012812757145623625,0.23108532108722188
8.035900592803955,0.03315987740796067,-0.0012801615409963225,0.23141671795049784
8.035900592803955,0.0332792589700433,-0.001281045483073992,0.23152093809102695
8.035900592803955,0.03326621004270787,-0.0012822052099260815,0.23137077872030354
8.035900592803955,0.03332110008948731,-0.0012822490040846728,0.23123852066689943
8.035900592803955,0.03335908247243097,-0.0012822461532119855,0.23109886958507417
8.035900592803955,0.03340062992859949,-0.0012821539930345724,0.230962631365438
8.035900592803955,0.03344063649135176,-0.001282055284302988,0.23082721222376984
8.035900592803955,0.03356564155206744,-0.0012819915953669256,0.2309747564910723
8.035900592803955,0.033835861524115676,-0.001281464151816368,0.23117828674756707
8.035900592803955,0.03395806829443171,-0.0012817134649678076,0.2311208090949699
8.035900592803955,0.03428162845701761,-0.0012805203635979263,0.23137591089741988
8.035900592803955,0.034326763250033004,-0.0012822572350842491,0.2315648731621333
8.035900592803955,0.03475417682815646,-0.001281536427480471,0.23207213787173164
8.035900592803955,0.03541076121683631,-0.001279182123496904,0.23268499489030822
8.035900592803955,0.03566737727226926,-0.0012799939261635904,0.23301703823783249
8.035900592803955,0.035768921762218034,-0.0012821391498737816,0.23329662347250635
8.035900592803955,0.036460562894509385,-0.0012786529046438892,0.2338688410920648
8.035900592803955,0.03663588782921594,-0.0012795451980283437,0.23404134445473251
8.035900592803955,0.03667889188588534,-0.0012807721131478551,0.23387263132909142
8.035900592803955,0.03690089806571473,-0.001280555009202572,0.2341047568947138
8.035900592803955,0.037466234532127024,-0.0012775854856319768,0.23452652904632942
8.035900592803955,0.037489734397314484,-0.0012798479492093576,0.23454924447321693
8.035900592803955,0.038102172379774674,-0.0012762173293635985,0.23503310904987235
8.035900592803955,0.038497328629514535,-0.0012754693195410095,0.23549228951348447
8.035900592803955,0.038631366308789716,-0.0012780117593022,0.23584953569201147
8.035900592803955,0.03925006566097182,-0.001275304650936438,0.2365987842568833
8.035900592803955,0.040140846833604554,-0.001269407692664263,0.23756574403391287
8.035900592803955,0.04003799785997139,-0.0012729524840386988,0.23725881957559528
8.035900592803955,0.040876997529734185,-0.0012652735692879266,0.23814046862877292
8.035900592803955,0.04079552229072149,-0.0012682954936885406,0.23783847564060648
8.035900592803955,0.04106068490940791,-0.00126608320913121,0.23770578000186823
8.035900592803955,0.04122945597172424,-0.0012655147833229158,0.23751064791959586
8.035900592803955,0.041421979340615145,-0.0012650960242753077,0.23733420880965297
8.035900592803955,0.04160506949476045,-0.0012652018425688798,0.23715450291613333
8.035900592803955,0.0417879311346737,-0.0012656014156772963,0.23697755944389642
8.035900592803955,0.041968065854241274,-0.0012662327802331862,0.2368017109935819
8.035900592803955,0.042146203687712575,-0.0012670090823470107,0.23662740598261753
8.035900592803955,0.04232218222850946,-0.001267873696226187,0.23645451120970884
8.035900592803955,0.043105381195138154,-0.0012627494642842296,0.23732238280267123
8.035900592803955,0.04303329019941968,-0.0012676939951688573,0.23704193298177142
8.035900592803955,0.04329148291884906,-0.0012668635203549779,0.23691500506653757
8.035900592803955,0.04345711621472875,-0.001267258910890811,0.2367284593025455
8.035900592803955,0.0436457760030821,-0.0012674728011005769,0.23655984798551474
8.035900592803955,0.04440961535126102,-0.0012619531934217679,0.23739410350920012
8.035900592803955,0.04435544302436906,-0.0012664742608278386,0.23711852741075978
8.035900592803955,0.044617480469107046,-0.0012653779038866615,0.23699101779673246
8.035900592803955,0.04479001373616194,-0.0012656100023356806,0.2368052808176493
8.035900592803955,0.04498483734544827,-0.0012657305946576665,0.23663718671041012
8.035900592803955,0.045170548043604236,-0.0012661878416703604,0.23646592213569612
8.035900592803955,0.04535599641781449,-0.0012667949928499567,0.23629729877751296
8.035900592803955,0.045538738858446684,-0.0012675301247360056,0.2361296840141573
8.035900592803955,0.04571949903453895,-0.0012683347230453591,0.23596352524816833
8.035900592803955,0.04589811109173775,-0.0012691743532335133,0.23579868867262962
8.035900592803955,0.04622908450861332,-0.0012698023868925115,0.23627346973762736
8.035900592803955,0.04672534742939671,-0.00126678866933436,0.23645034107811594
8.035900592803955,0.046826139752649085,-0.0012680291302101972,0.23622769792703624
8.035900592803955,0.04703865844369087,-0.001267434177357217,0.2360783050372765
8.035900592803955,0.04721694473897371,-0.001267535597216922,0.23590910183039063
8.035900592803955,0.0474021433123647,-0.0012677339613298873,0.23574715625855053
8.035900592803955,0.04758265911144084,-0.0012681605224436863,0.23558485312169594
8.035900592803955,0.04776180792242929,-0.0012687106680898987,0.2354243279997511
8.035900592803955,0.047938688720787756,-0.0012693509590977585,0.23526497101903743
8.035900592803955,0.048113591740660516,-0.0012700397212733645,0.2351069453772478
8.035900592803955,0.04845896533092044,-0.0012704711132321446,0.23563797651371965
8.035900592803955,0.04897668922185981,-0.0012665615188926053,0.235846906559642
8.035900592803955,0.04906867104947443,-0.0012674245205316313,0.23562668553310384
9.035900592803955,0.04928156229955523,-0.0012663301818791467,0.23548510016664617
9.035900592803955,0.04945738825744134,-0.0012661136623251489,0.23532184964991362
9.035900592803955,0.04981005611574907,-0.00126576639711809,0.2358417998839512
9.035900592803955,0.05032507881219658,-0.0012613254204693752,0.23604474484004698
9.035900592803955,0.050427766709152305,-0.0012619267340206394,0.235825055133594
9.035900592803955,0.05064823770013409,-0.0012607227916611556,0.2356831608012291
9.035900592803955,0.0508321602253798,-0.001260538905869725,0.2355196231472609
9.035900592803955,0.051182944288969176,-0.0012603121335651168,0.2359997743753469
9.035900592803955,0.051682404480382166,-0.001256299916583676,0.23618233380150683
9.035900592803955,0.051797813372004356,-0.0012572141982771963,0.23596564845825685
9.035900592803955,0.052023411199312405,-0.001256386918630302,0.23582280844809936
9.035900592803955,0.052214328701084736,-0.0012565466492479305,0.2356592987781068
9.035900592803955,0.052412374759584185,-0.0012569535992927282,0.2355033030747597
9.035900592803955,0.05260549105465891,-0.0012577193341485396,0.2353467102568347
9.035900592803955,0.052797206395601315,-0.0012586908975555262,0.23519185122198644
9.035900592803955,0.052986537592564706,-0.0012598073918669815,0.23503804770166695
9.035900592803955,0.05317380596677637,-0.0012610026602324388,0.23488548863297512
9.035900592803955,0.05392472138856731,-0.0012554725362661431,0.23569794656489762
9.035900592803955,0.05389378942229296,-0.0012605447743942004,0.23545278435697675
9.035900592803955,0.05415810579981252,-0.001259262479667931,0.2353437217040168
9.035900592803955,0.05433487069032929,-0.0012595327614941393,0.23517687692078754
9.035900592803955,0.054534362693597724,-0.001259664264013475,0.23502787082955062
9.035900592803955,0.05472442111966094,-0.0012602048233281843,0.23487520094646153
9.035900592803955,0.05491445435728788,-0.0012609256924813739,0.2347251082149944
9.035900592803955,0.05510175796520429,-0.0012618071277198974,0.23457577496841167
9.035900592803955,0.05528715543348413,-0.00126277846441648,0.2344277223436885
9.035900592803955,0.05547044152066399,-0.0012637991029069671,0.23428079266801263
9.035900592803955,0.055819481361277165,-0.001264539561232965,0.23475536767252222
9.035900592803955,0.05630484722954862,-0.001261033985189803,0.23493967750223088
9.035900592803955,0.05641410658320811,-0.0012622467309451497,0.23473647848385026
9.035900592803955,0.05663180249774383,-0.0012614244349525468,0.23460486952636855
9.035900592803955,0.05681505082488923,-0.0012614685147695932,0.23445281066438772
9.035900592803955,0.05754359118678232,-0.0012550515498524172,0.235222760781949
9.035900592803955,0.05753040629493575,-0.001259555593772152,0.23498954096060143
9.035900592803955,0.05779430654987369,-0.0012579242073772652,0.23488422151157967
9.035900592803955,0.057974578769288465,-0.0012579552839034405,0.2347232439474269
9.035900592803955,0.05817674608771681,-0.0012579123979567404,0.23457961292233087
9.035900592803955,0.058515567332375895,-0.001258096163173076,0.234967629210967
9.035900592803955,0.059274796382109904,-0.0012511271407520466,0.2356455955592921
9.035900592803955,0.05929332354047065,-0.001255009304678558,0.23539567239994727
9.035900592803955,0.059882985189870064,-0.001249279707058848,0.23584434108194902
9.035900592803955,0.06032598781673694,-0.0012478488488992592,0.2362784308907822
9.035900592803955,0.06058134853734863,-0.0012509745311608117,0.23659830895182293
9.035900592803955,0.0615155596913365,-0.0012422988819876801,0.23756751822457595
9.035900592803955,0.06189632680663719,-0.001245254186036996,0.23797681666044623
9.035900592803955,0.06220638278421878,-0.001249847377103111,0.2382860065745826
9.035900592803955,0.06295319307490227,-0.0012468437043381929,0.23889253049642004
9.035900592803955,0.06327607289050481,-0.0012534779917849105,0.2390207839249769
9.035900592803955,0.06360425832864998,-0.0012590718316804715,0.23913391030078504
9.035900592803955,0.064112370663917,-0.0012615243840852636,0.2395031662682411
9.035900592803955,0.06472638945450788,-0.0012624283581932037,0.23991356076021544
9.035900592803955,0.06497656799222398,-0.0012724929931334401,0.23988977758052152
9.035900592803955,0.0655244310906822,-0.0012752695613931844,0.2400986942474176
9.035900592803955,0.06597123869068419,-0.0012806745766630809,0.24030263639463137
9.035900592803955,0.06636987979756415,-0.001286171351504519,0.24038304627132043
9.035900592803955,0.06666177026709254,-0.0012922210156141312,0.24019671932926687
9.035900592803955,0.06716910522567734,-0.0012922629924355875,0.24038501197147988
9.035900592803955,0.06750350974794336,-0.001298614479631175,0.24050010320213056
9.035900592803955,0.06814809242236461,-0.0013004053171700482,0.24087612974956804
9.035900592803955,0.06852742912035163,-0.0013109040719392895,0.24093971875037046
9.035900592803955,0.06890667325635341,-0.0013192749612226523,0.24101486553668394
9.035900592803955,0.06951047060022716,-0.0013220128206259084,0.24131998344605554
9.035900592803955,0.06987100575368975,-0.0013323319748034974,0.2412934829162664
9.035900592803955,0.07021696864438823,-0.001339128875169928,0.24112275894496332
9.035900592803955,0.07057308785442484,-0.0013425272673227642,0.24094820693975535
9.035900592803955,0.07092174847690763,-0.0013438564378872551,0.2407703023937786
9.035900592803955,0.07126801165845044,-0.0013435187171690482,0.2405942421042602
9.035900592803955,0.07161027260792958,-0.001342006683369961,0.24041858246830977
9.035900592803955,0.0721956181120543,-0.0013351376189081401,0.24075928655777995
9.035900592803955,0.07244807936071612,-0.0013416594443243501,0.24053854852699075
9.035900592803955,0.0728230522987345,-0.0013421964285805499,0.24039359876581215
9.035900592803955,0.07315542709704013,-0.001342474782402979,0.24021289541373592
9.035900592803955,0.07349668428200205,-0.0013410809281103053,0.24004401647323087
9.035900592803955,0.07392455377355885,-0.0013391049361811541,0.2402381167309296
9.035900592803955,0.0747163814134799,-0.001336148887922467,0.24093836045989478
9.035900592803955,0.07491443140624535,-0.0013645668152869085,0.24067234221582684
9.035900592803955,0.07541379515290057,-0.0013788593227734014,0.24091397572770323
9.035900592803955,0.07617924804601903,-0.001387355098094352,0.24155812681999334
9.035900592803955,0.07660475187682836,-0.0014150963814089403,0.2417130249641256
9.035900592803955,0.07696177549133162,-0.001436002751958279,0.24154967304414887
9.035900592803955,0.07735189148186139,-0.0014473884678467448,0.24138811887278325
9.035900592803955,0.0777274085073018,-0.0014531632260014436,0.24121532779056032
9.035900592803955,0.0782296146652193,-0.001450477817818558,0.24131775212047693
9.035900592803955,0.07867294065857601,-0.0014489312255187778,0.24136860370571525
9.035900592803955,0.0790227029496476,-0.0014483018088302553,0.24119007551120222
9.035900592803955,0.0794062418897625,-0.0014433365081728648,0.24102802780947954
9.035900592803955,0.07977445145076537,-0.0014370602299775513,0.2408546861333838
9.035900592803955,0.08014268166552782,-0.0014293018368443725,0.2406854495992117
9.035900592803955,0.08050599174282909,-0.001420768241665711,0.24051563978121554
9.035900592803955,0.08086600610609128,-0.001411742317632459,0.2403467785737539
9.035900592803955,0.08122224644344442,-0.0014025280669726706,0.2401783993962862
9.035900592803955,0.08157491083582483,-0.0013933294739471372,0.240010669578131
9.035900592803955,0.08192398135689162,-0.001384307803855657,0.2398435533464522
9.035900592803955,0.08236592085551381,-0.001372479918581214,0.23987196876489947
9.035900592803955,0.08267728800371997,-0.0013674476879658344,0.23968827951601035
9.035900592803955,0.0831326780257296,-0.001356966263171288,0.23973629963391496
9.035900592803955,0.08343736914042613,-0.001354427752210445,0.2395494128357613
9.035900592803955,0.08379153468713124,-0.001348995730825385,0.23939619896480857
9.035900592803955,0.08412543236217863,-0.0013443375796492567,0.23922763712577017
9.035900592803955,0.08446135294413532,-0.0013393729646686038,0.23906468610048145
10.035900592803955,0.08487940767275795,-0.0013316007331761436,0.23907217351216387
10.035900592803955,0.08518066781699705,-0.0013298774412132952,0.23889441269968986
10.035900592803955,0.0855193877739925,-0.001325903470956357,0.23874106128911818
10.035900592803955,0.08594542771173769,-0.0013190455644716166,0.2387773701030342
10.035900592803955,0.08637856701014147,-0.0013141690905137358,0.2388733368462576
10.035900592803955,0.08675278183239091,-0.0013158677440721599,0.23896067494155526
10.035900592803955,0.08733712312723288,-0.0013114935215882452,0.23923260352769005
10.035900592803955,0.08772552353252239,-0.0013210674093478113,0.2392640882504241
10.035900592803955,0.08811809896457906,-0.0013291563048002976,0.23930657376408193
10.035900592803955,0.08854886109959392,-0.001332912569459943,0.23926706073654272
10.035900592803955,0.08897411789388787,-0.0013362309008695498,0.23928004863644242
10.035900592803955,0.08934282054554395,-0.0013419272173805438,0.2392457935330637
10.035900592803955,0.08989021587865392,-0.0013377584830838972,0.23944290442871932
10.035900592803955,0.09038421298097858,-0.0013397765835910132,0.23963900258758603
10.035900592803955,0.09075918269037792,-0.0013484875195806205,0.23963530763476906
10.035900592803955,0.09120624322977218,-0.0013497070678685288,0.23959007928247916
10.035900592803955,0.09171136092381588,-0.0013483017767873286,0.23972749406959815
10.035900592803955,0.09212113916412493,-0.0013547677030312372,0.23980307856864466
10.035900592803955,0.09273019069775011,-0.0013489913908594359,0.24005704119867055
10.035900592803955,0.09316750128175025,-0.0013555457292456982,0.2400932861440902
10.035900592803955,0.09354550558214456,-0.0013612212628081148,0.23994229277228887
10.035900592803955,0.09394179176139648,-0.0013624696053839563,0.2397936224928437
10.035900592803955,0.09440108481013786,-0.0013592295371034242,0.23978609163215525
10.035900592803955,0.09476443571441494,-0.0013604540014308317,0.23961926845823864
10.035900592803955,0.09526392647166715,-0.0013533251590807371,0.23968851933721141
10.035900592803955,0.09578073200187857,-0.0013478143158376574,0.23984968276441443
10.035900592803955,0.09622131861424144,-0.0013503070326378423,0.23995390545898448
10.035900592803955,0.0968883696191476,-0.001337843461938052,0.24029222184415344
10.035900592803955,0.09737814139065594,-0.001340226098663539,0.24040532665281505
10.035900592803955,0.09777697318161753,-0.0013438876561109626,0.24025851971583362
10.035900592803955,0.0982041193849335,-0.001342378986976825,0.24011864408040037
10.035900592803955,0.09861695696568594,-0.0013405626763557388,0.2399669136977647
10.035900592803955,0.09909410344795631,-0.0013376623392771063,0.24001632820450908
10.035900592803955,0.09957844318848502,-0.0013320871240417205,0.23998382662376835
10.035900592803955,0.09997290204018969,-0.001331581629729378,0.23981635035765234
10.035900592803955,0.10044326364257634,-0.0013281321262361631,0.23983259898129497
10.035900592803955,0.10090963409988989,-0.0013231698141826682,0.23977501144032776
10.035900592803955,0.1013059227667371,-0.0013219973008646614,0.23961243066502502
10.035900592803955,0.10171937727873434,-0.0013185674217525388,0.23946989691196668
10.035900592803955,0.10212213712938145,-0.0013156309491105071,0.2393203900338208
10.035900592803955,0.10266330878462412,-0.001306980155179563,0.23944803501937215
10.035900592803955,0.10309912722888866,-0.0013101129659745178,0.23948945083376155
10.035900592803955,0.1036014068958617,-0.001303875012340746,0.2394837984311582
10.035900592803955,0.10398783448425465,-0.0013044096381250175,0.2393130884434384
10.035900592803955,0.10440610392087737,-0.0013011664980027773,0.23917692077396377
10.035900592803955,0.10480884872302397,-0.0012989103188727272,0.2390287834552347
10.035900592803955,0.10536914457870734,-0.0012904070149587013,0.23918988552918652
10.035900592803955,0.10581030160154298,-0.001295363830473472,0.2392458359031164
10.035900592803955,0.10632357046301345,-0.001289305437322353,0.2392535238681806
10.035900592803955,0.10690330118465803,-0.00128325433653826,0.23945548379761278
10.035900592803955,0.10737645217741094,-0.0012890588964228414,0.2395533904972583
10.035900592803955,0.10792237109488534,-0.0012818686955893242,0.23958622470882163
10.035900592803955,0.10833092964073107,-0.0012819803080800427,0.23941686205040208
10.035900592803955,0.10877786238132468,-0.0012774919000550222,0.23928934368552024
10.035900592803955,0.10920682930199498,-0.001274596226719011,0.23914689823587762
10.035900592803955,0.10963643534534173,-0.0012718405105158342,0.2390091195126134
10.035900592803955,0.11006055934372579,-0.00126980268550057,0.23886961951222993
10.035900592803955,0.11048127238275435,-0.0012682414001158396,0.23873053930596064
10.035900592803955,0.11089793317266569,-0.0012671502857220518,0.2385912072938
10.035900592803955,0.1113107982948011,-0.001266441516951454,0.23845187790386152
10.035900592803955,0.11181725733996717,-0.001267269293324106,0.23857033551279444
10.035900592803955,0.11232903975782044,-0.0012641337195702998,0.2385855978328973
10.035900592803955,0.1127222293241843,-0.001266657919243068,0.23842325329653438
10.035900592803955,0.11314749509072336,-0.0012648492883785521,0.23829499131561302
10.035900592803955,0.11355711944900641,-0.0012641661553540878,0.23815447056136194
10.035900592803955,0.11405956896107701,-0.0012650332255819928,0.23825761511518964
10.035900592803955,0.11456406930996141,-0.0012624054535430099,0.23826355868584265
10.035900592803955,0.11495784184376562,-0.0012645401292149284,0.23810458324732542
10.035900592803955,0.11538116545157624,-0.0012625157569637092,0.23797708623633157
10.035900592803955,0.11578969656717657,-0.001261592444249799,0.2378382133255414
10.035900592803955,0.11619809423024202,-0.00126066521909355,0.23770298126234887
10.035900592803955,0.11660153071833473,-0.0012602290482472273,0.23756649711857236
10.035900592803955,0.11700164942932582,-0.001260098135952785,0.23743040894927375
10.035900592803955,0.11739794741511733,-0.001260273450747102,0.23729420215361768
10.035900592803955,0.11779063360273176,-0.0012606879263091196,0.23715807562228503
10.035900592803955,0.11838205823347768,-0.001255878302737011,0.23738451654897483
10.035900592803955,0.11872809201282761,-0.0012659849721492998,0.23722283915150222
10.035900592803955,0.11914709853807094,-0.001264278432608519,0.2371092757975297
10.035900592803955,0.11953647277087535,-0.001264081994979245,0.23696843074373888
10.035900592803955,0.11993088395216552,-0.0012630597152834162,0.23683616655637718
10.035900592803955,0.12031880519797183,-0.0012625728000259552,0.23670109411056528
10.035900592803955,0.12070410028360216,-0.0012622938812679937,0.23656702609322294
10.035900592803955,0.12108552682276767,-0.0012623220081422089,0.23643272939636925
10.035900592803955,0.12146353796719835,-0.0012625780823633248,0.23629863779840718
10.035900592803955,0.1218380238193165,-0.001263035524123414,0.2361646331828367
10.035900592803955,0.12241484527641389,-0.0012590295201248235,0.236386782111714
10.035900592803955,0.12274402908308342,-0.0012696773130145833,0.23622864506197272
10.035900592803955,0.12314595474080094,-0.0012677492586730295,0.2361170070369383
10.035900592803955,0.12351838937182656,-0.001267162349696864,0.23597871067073772
10.035900592803955,0.12389602339316322,-0.0012657039798464158,0.23584888617851962
10.035900592803955,0.12439149551251372,-0.0012639763653256447,0.23592898710139382
10.035900592803955,0.12482547932640023,-0.0012717690092087473,0.23593594641360688
10.035900592803955,0.12522752131859882,-0.0012801924740503956,0.23588284886622293
10.035900592803955,0.125643796135421,-0.0012811049740860843,0.2358025195681659
10.035900592803955,0.12601382327585786,-0.0012799199312890017,0.23566194314984998
10.035900592803955,0.1263937331328324,-0.0012761153211408374,0.23553350506870693
10.035900592803955,0.1267657707193619,-0.0012728297657609682,0.23540084534014266
10.035900592803955,0.12713584058487176,-0.0012698779576210788,0.23526972506749488
10.035900592803955,0.12750201237397238,-0.0012675200438983548,0.23513827406609245
10.035900592803955,0.12786496692765215,-0.00126566971362619,0.23500713625697667
11.035900592803955,0.12822451690214035,-0.0012642990196777143,0.23487612084408588
11.035900592803955,0.12858076373805832,-0.0012633468975852512,0.23474531301712745
11.035900592803955,0.1289337125795734,-0.0012627630558314958,0.23461470586672895
11.035900592803955,0.12928340033734548,-0.001262497494132677,0.23448432240844308
11.035900592803955,0.1296298530704331,-0.0012625051635068024,0.23435417515022575
11.035900592803955,0.12997310016146812,-0.001262744626878077,0.23422427950693225
11.035900592803955,0.13031316960161668,-0.0012631783967324978,0.23409464936561833
11.035900592803955,0.13065008956076282,-0.0012637726031028973,0.23396529856704334
11.035900592803955,0.13098388786711737,-0.001264496843087281,0.23383624042584789
11.035900592803955,0.13131459218231523,-0.0012653239540384546,0.23370748790066687
11.035900592803955,0.1316422299451304,-0.0012662298068452094,0.2335790535486042
11.035900592803955,0.1319668283921132,-0.0012671930926812201,0.23345094955099993
11.035900592803955,0.13228841455258974,-0.0012681951155356884,0.23332318771537836
11.035900592803955,0.13260701525213872,-0.0012692195889214344,0.23319577948511117
11.035900592803955,0.13292265711320025,-0.0012702524392168499,0.23306873594634353
11.035900592803955,0.13323536655658924,-0.00127128161630366,0.23294206783565077
11.035900592803955,0.13354516980266035,-0.0012722969124273724,0.23281578554727966
11.035900592803955,0.13385209287254132,-0.0012732897898107727,0.23268989914035687
11.035900592803955,0.1341561615892949,-0.0012742532174435002,0.23256441834593866
11.035900592803955,0.1344574015790569,-0.0012751815172797748,0.23243935257394938
11.035900592803955,0.13475583827213466,-0.0012760702199535387,0.23231471091999056
11.035900592803955,0.13505149690407164,-0.0012769159300139166,0.2321905021720343
11.035900592803955,0.13534440251667662,-0.0012777162005781703,0.23206673481699552
11.035900592803955,0.1356345799590194,-0.0012784694172288738,0.23194341704718782
11.035900592803955,0.13592205388839468,-0.0012791746909075162,0.23182055676666422
11.035900592803955,0.136206848771254,-0.0012798317595170555,0.23169816159744439
11.035900592803955,0.13648898888410946,-0.0012804408978949432,0.23157623888563003
11.035900592803955,0.13676849831440907,-0.0012810028357921298,0.2314547957074096
11.035900592803955,0.13704540096138815,-0.0012815186834676667,0.23133383887495518
11.035900592803955,0.1373197205368971,-0.0012819898644976478,0.2312133749422124
11.035900592803955,0.1375914805662085,-0.0012824180553781435,0.23109341021058444
11.035900592803955,0.13786070438880743,-0.0012828051315149254,0.23097395073451255
11.035900592803955,0.13812741515916493,-0.0012831531191702175,0.2308550023269552
11.035900592803955,0.138391635847499,-0.001283464152966561,0.23073657056476524
11.035900592803955,0.13865338924052542,-0.0012837404385349707,0.23061866079396942
11.035900592803955,0.13891269794219954,-0.0012839842199210728,0.23050127813494925
11.035900592803955,0.13916958437445337,-0.001284197751359354,0.23038442748752633
11.035900592803955,0.13942407077792818,-0.0012843832730600468,0.23026811353595397
11.035900592803955,0.13967617921270614,-0.001284542990647796,0.23015234075381374
11.035900592803955,0.1399259315590424,-0.0012846790579240097,0.23003711340882266
11.035900592803955,0.1401733495180995,-0.0012847935626338416,0.22992243556754877
11.035900592803955,0.14041845461268593,-0.0012848885149433185,0.22980831110003885
11.035900592803955,0.1406612681879998,-0.001284965838335629,0.22969474368435808
11.035900592803955,0.14090181141238087,-0.0012850273626764004,0.22958173681104457
11.035900592803955,0.14114010527806903,-0.001285074819192801,0.22946929378747932
11.035900592803955,0.14137617060197355,-0.0012851098371453665,0.22935741774217222
11.035900592803955,0.14161002802645178,-0.001285133941975436,0.22924611162896744
11.035900592803955,0.14184169802009938,-0.0012851485547363574,0.22913537823116736
11.035900592803955,0.14207120087855185,-0.0012851549926335588,0.22902522016557822
11.035900592803955,0.14229855672529898,-0.0012851544705061411,0.22891563988647695
11.035900592803955,0.1425237855125111,-0.0012851481031013953,0.22880663968950327
11.035900592803955,0.14274690702187925,-0.0012851369080105236,0.22869822171547388
11.035900592803955,0.1429679408654677,-0.0012851218091404458,0.22859038795412562
11.035900592803955,0.14318690648658022,-0.0012851036406119898,0.22848314024778288
11.035900592803955,0.1434038231606392,-0.0012850831509893627,0.22837648029495636
11.035900592803955,0.1436187099960785,-0.001285061007752001,0.2282704096538691
11.035900592803955,0.14383158593524897,-0.001285037801933505,0.228164929745915
11.035900592803955,0.14404246975533655,-0.0012850140528553738,0.2280600418590487
11.035900592803955,0.14425138006929317,-0.0012849902129044646,0.22795574715110825
11.035900592803955,0.14445833532677993,-0.0012849666722952353,0.22785204665307332
11.035900592803955,0.14466335381512213,-0.0012849437637719244,0.22774894127225792
11.035900592803955,0.14486645366027495,-0.001284921767224511,0.22764643179543942
11.035900592803955,0.1450676528278011,-0.0012849009141778396,0.2275445188919273
11.035900592803955,0.14526696912385828,-0.0012848813921315719,0.22744320311656743
11.035900592803955,0.14546442019619668,-0.001284863348729657,0.22734248491268924
11.035900592803955,0.14566002353516616,-0.001284846895739808,0.22724236461499173
11.035900592803955,0.1458537964747319,-0.0012848321128398968,0.22714284245237265
11.035900592803955,0.1460457561934991,-0.00128481905119417,0.2270439185507002
11.035900592803955,0.14623591971574454,-0.0012848077368155207,0.22694559293552816
11.035900592803955,0.14642430391245614,-0.0012847981737148274,0.2268478655347566
11.035900592803955,0.14661092550237906,-0.0012847903468329695,0.22675073618123892
11.035900592803955,0.14679580105306755,-0.001284784224760041,0.22665420461533436
11.035900592803955,0.14697894698194316,-0.0012847797622406176,0.22655827048741028
11.035900592803955,0.1471603795573568,-0.0012847769024768203,0.2264629333602906
11.035900592803955,0.14734011489965676,-0.0012847755792291145,0.22636819271165726
11.035900592803955,0.14751816898225945,-0.0012847757187265663,0.22627404793639908
11.035900592803955,0.1476945576327245,-0.001284777241393479,0.2261804983489144
11.035900592803955,0.14786929653383216,-0.0012847800633985391,0.22608754318536461
11.035900592803955,0.1480424012246638,-0.001284784098035733,0.22599518160588172
11.035900592803955,0.14821388710168382,-0.0012847892569517357,0.22590341269673012
11.035900592803955,0.14838376941982356,-0.001284795451223241,0.22581223547242227
11.035900592803955,0.14855206329356607,-0.0012848025922984792,0.22572164887779125
11.035900592803955,0.14871878369803157,-0.0012848105928064193,0.2256316517900192
11.035900592803955,0.14888394547006323,-0.0012848193672506322,0.22554224302062365
11.035900592803955,0.14904756330931282,-0.0012848288325939157,0.22545342131740065
11.035900592803955,0.14920965177932566,-0.0012848389087387994,0.22536518536632916
11.035900592803955,0.14937022530862482,-0.001284849518918857,0.22527753379343268
11.035900592803955,0.149529298191794,-0.0012848605900084888,0.22519046516660285
11.035900592803955,0.14968688459055896,-0.0012848720527554938,0.22510397799738313
11.035900592803955,0.14984299853486654,-0.0012848838419476788,0.2250180707427158
11.035900592803955,0.14999765392396242,-0.0012848958965190962,0.22493274180664977
11.035900592803955,0.15015086452746515,-0.001284908159601663,0.224847989542013
11.035900592803955,0.15030264398643822,-0.0012849205785363804,0.22476381225204808
11.035900592803955,0.1504530058144591,-0.0012849331048334182,0.22468020819201362
11.035900592803955,0.15060196339868442,-0.0012849456941066706,0.22459717557074874
11.035900592803955,0.1507495300009119,-0.001284958305974783,0.22451471255220645
11.035900592803955,0.1508957187586386,-0.0012849709039401518,0.22443281725695075
11.035900592803955,0.15104054268611516,-0.0012849834552435824,0.2243514877636232
11.035900592803955,0.15118401467539538,-0.0012849959307037404,0.22427072211037574
11.035900592803955,0.1513261474973825,-0.00128500830454557,0.22419051829627354
12.035900592803955,0.15146695380286945,-0.001285020554217725,0.2241108742826651
12.035900592803955,0.15160644612357568,-0.0012850326602044243,0.22403178799452375
12.035900592803955,0.15174463687317852,-0.001285044605830267,0.22395325732175828
12.035900592803955,0.1518815383483394,-0.0012850563770660656,0.22387528012049435
12.035900592803955,0.15201716272972515,-0.001285067962336961,0.22379785421432832
12.035900592803955,0.15219969304679604,-0.0012906014246549316,0.22378301471375572
12.035900592803955,0.15235035177803624,-0.0013035490949486611,0.22373748928505133
12.035900592803955,0.15249061356994625,-0.0013143119275032013,0.2236741024836258
12.035900592803955,0.152636866627829,-0.0013260711675462736,0.22361187681769487
12.035900592803955,0.1527654358278545,-0.0013337705862343611,0.223531341597545
12.035900592803955,0.15289497145488082,-0.0013424387310447781,0.2234522613604672
12.035900592803955,0.15302076351858346,-0.0013483570168806303,0.22337094891553738
12.035900592803955,0.15314518510315356,-0.0013502085769622717,0.22328827201832513
12.035900592803955,0.15324639122939993,-0.001354826071271794,0.22318240559421837
12.035900592803955,0.15336178979250006,-0.0013557470756830371,0.22309293942812428
12.035900592803955,0.15346891313160183,-0.001355911044589174,0.2229999714888526
12.035900592803955,0.15356375862273522,-0.0013551316043332075,0.22289414264288476
12.035900592803955,0.15363998219708552,-0.0013533675175312204,0.2227675853217843
12.035900592803955,0.1537329179760293,-0.0013496367148974377,0.2226647778988921
12.035900592803955,0.15381324774569763,-0.0013463930290764509,0.22255565614192094
12.035900592803955,0.15388026911071465,-0.0013426905754210308,0.22243316367927862
12.035900592803955,0.15395135562820833,-0.0013348928309246735,0.22230684915199014
12.035900592803955,0.15396807669570545,-0.0013332219950274206,0.2221463051957608
12.035900592803955,0.15403582880255315,-0.0013267404467540087,0.22203710134416466
12.035900592803955,0.15409245150966921,-0.0013189845262380345,0.22191882000310745
12.035900592803955,0.1541216423388358,-0.0013138987735467726,0.22178371723540624
12.035900592803955,0.1541541547945412,-0.0013107151045996697,0.2216631412753508
12.035900592803955,0.1542141162424237,-0.0013031116940902532,0.22156696930635794
12.035900592803955,0.1541942655893243,-0.001301975681064653,0.22139940417316328
12.035900592803955,0.1541604240357184,-0.0012971996395523405,0.2212022023521316
12.035900592803955,0.1541562791182574,-0.001290175060618088,0.22104905477315456
12.035900592803955,0.15414106836767175,-0.0012849913512265818,0.22090030163849797
12.035900592803955,0.15408929721899123,-0.0012811030440427196,0.22071556569375064
12.035900592803955,0.15406714620331624,-0.0012712750975221732,0.22054291674043708
12.035900592803955,0.15393268441680552,-0.0012722043016250295,0.22030740345534416
12.035900592803955,0.15389750436092065,-0.0012652176987644585,0.22015974105133046
12.035900592803955,0.153846190541785,-0.0012612521229693717,0.22001985875546526
12.035900592803955,0.15370733005086606,-0.0012604846802710297,0.21978513183626588
12.035900592803955,0.15363146032819125,-0.001254932725132333,0.21961844905673067
12.035900592803955,0.1536354260203822,-0.001246081373985547,0.2195690496069314
12.035900592803955,0.15362093322960388,-0.0012402093159834295,0.21952010027992916
12.035900592803955,0.15361345158650824,-0.0012348747571597728,0.2194766817713768
12.035900592803955,0.1536037601917111,-0.001230880295934239,0.21943230694012816
12.035900592803955,0.1535949100759622,-0.0012278509031797835,0.2193888666354724
12.035900592803955,0.15358589494651426,-0.0012257752194003123,0.21934571651505563
12.035900592803955,0.15357704719275317,-0.0012245189397974456,0.21930306221138385
12.035900592803955,0.15356825706816085,-0.001223992929648851,0.21926082966317903
12.035900592803955,0.15355956074184254,-0.0012241003265831898,0.2192190372336028
12.035900592803955,0.1535182023558076,-0.0012268547138965975,0.21912798554557097
12.035900592803955,0.15348087234719937,-0.0012307961140987193,0.2190594147613362
12.035900592803955,0.15347663133764944,-0.0012313830245037141,0.2190237848517413
12.035900592803955,0.15346298826145263,-0.0012328766549330843,0.21898325317636655
12.035900592803955,0.15345259786812038,-0.0012342944347015355,0.21894513790631356
12.035900592803955,0.1534412803385584,-0.001236036405751189,0.2189067721939097
12.035900592803955,0.1534304151430133,-0.0012379455473975516,0.21886901655336694
12.035900592803955,0.15341954599834257,-0.001240022952222971,0.21883158072235714
12.035900592803955,0.153408822572128,-0.001242214126227749,0.21879455500406786
12.035900592803955,0.15339819449957487,-0.0012444860772096618,0.21875790422465644
12.035900592803955,0.1533876774190248,-0.001246803685813213,0.21872163467414535
12.035900592803955,0.15316164129565202,-0.0012588650252689654,0.2184411914657806
12.035900592803955,0.15318878870659552,-0.0012535711629054966,0.21841657089266728
12.035900592803955,0.15314557593841105,-0.0012564762119288524,0.2183703942003786
12.035900592803955,0.15312748895965467,-0.0012575057091129896,0.21834120081544806
12.035900592803955,0.15310140953933335,-0.0012593815319224995,0.21830736072731685
12.035900592803955,0.1529309054036081,-0.0012629163491102609,0.21805732328007082
12.035900592803955,0.15277359097318227,-0.0012694185704914644,0.21790313975565465
12.035900592803955,0.15276412307402987,-0.0012667969470788916,0.21789065416995035
12.035900592803955,0.15271242288238324,-0.0012687719536507817,0.21785578641328407
12.035900592803955,0.15267513621574902,-0.0012696323964302217,0.21782988074754578
12.035900592803955,0.1526336171697894,-0.0012708996854317867,0.21780150035833823
12.035900592803955,0.15259401021759827,-0.0012719691276976003,0.21777434144962737
12.035900592803955,0.15255428739905202,-0.0012730093896798113,0.21774717794353948
12.035900592803955,0.1525151118962975,-0.0012739564402493228,0.21772040907201218
12.035900592803955,0.15247626038859985,-0.0012748301200382894,0.2176938990890957
12.035900592803955,0.15208105955468215,-0.0012909481708211143,0.21727265396034642
12.035900592803955,0.15210883040069184,-0.0012803312651607605,0.21726409347414077
12.035900592803955,0.15201958764450457,-0.0012834102244184686,0.21722189029818206
12.035900592803955,0.1519722261151888,-0.0012833124717805365,0.21720634511720305
12.035900592803955,0.15191178743947234,-0.001284436692702843,0.21718315057341167
12.035900592803955,0.15185637297689883,-0.001285034244155752,0.21716283753989382
12.035900592803955,0.15180002848158186,-0.001285613152024287,0.21714189261661293
12.035900592803955,0.1517447058509621,-0.0012860037192764032,0.21712146494062634
12.035900592803955,0.151689756157319,-0.0012862766810934206,0.2171011730021979
12.035900592803955,0.15163538583239233,-0.001286428066076751,0.21708113900239934
12.035900592803955,0.15137739342988915,-0.0012892291382384097,0.21676382856778037
12.035900592803955,0.1511404492611518,-0.0012985901839994013,0.2165806239193844
12.035900592803955,0.1511105356739413,-0.001295460434888318,0.21658737924795485
12.035900592803955,0.15102190700262363,-0.0012981047081651216,0.2165643978415855
12.035900592803955,0.15095346626334966,-0.0012988507485746578,0.21655299807270978
12.035900592803955,0.15044776391585363,-0.001319369004332764,0.21607337667487522
12.035900592803955,0.1504603717718585,-0.0013106414376246114,0.21607972624942343
12.035900592803955,0.1503300241538242,-0.0013172616040455186,0.21604792587789035
12.035900592803955,0.15025096424977508,-0.001319196585696604,0.21604670676329973
12.035900592803955,0.15015622436344128,-0.0013218124748793601,0.21603651855120748
12.035900592803955,0.1496343512391835,-0.0013433567616765313,0.21556892988231663
12.035900592803955,0.14963117920322822,-0.0013372517466186777,0.21558042260317622
12.035900592803955,0.14948546250967598,-0.0013454361759326558,0.21555568530926175
12.035900592803955,0.14939107065830612,-0.0013483692862067756,0.215560565687954
12.035900592803955,0.14928122192770796,-0.0013514156512726347,0.21555668900929204
12.035900592803955,0.1491777757503595,-0.0013527930732586402,0.21555575714659114
13.035900592803955,0.14907357420822195,-0.0013532495988526003,0.2155538882521542
13.035900592803955,0.14897094457846005,-0.0013527382647771716,0.21555234962311995
13.035900592803955,0.14886911127078578,-0.001351467392005444,0.21555072665074929
13.035900592803955,0.1487683137601501,-0.0013495479223139296,0.21554915540395414
13.035900592803955,0.1481997348315025,-0.001369496250793835,0.2150555500611691
13.035900592803955,0.14819527209001354,-0.0013628151739407332,0.21507418943435785
13.035900592803955,0.14803552811986448,-0.0013711540010254639,0.21505465524299486
13.035900592803955,0.14793158275771073,-0.001373654729532374,0.21506638424422125
13.035900592803955,0.14781088824878963,-0.0013760562376759697,0.21506878488398767
13.035900592803955,0.14769713974280657,-0.0013765428096912773,0.21507421216937567
13.035900592803955,0.1475825934516629,-0.0013759459371899471,0.21507857681086195
13.035900592803955,0.14746976124313016,-0.0013742525020365194,0.21508321259775187
13.035900592803955,0.14735780710848173,-0.0013717110722678179,0.21508768532955944
13.035900592803955,0.14724698805662317,-0.0013684635412356365,0.2150921385416263
13.035900592803955,0.14688641041170514,-0.0013700449245807288,0.21474022733214906
13.035900592803955,0.1465516864602307,-0.0013897049165149528,0.21455584564509853
13.035900592803955,0.1464786582332423,-0.0013935693772524765,0.21459080800474323
13.035900592803955,0.14633244032597642,-0.0014013463637151703,0.214592207730945
13.035900592803955,0.1462116810209383,-0.0014048384814668372,0.21460618119945885
13.035900592803955,0.1460842417431526,-0.001406828215304537,0.21461598205998209
13.035900592803955,0.1459605812050806,-0.0014067806180367952,0.21462697099265515
13.035900592803955,0.14583727576139183,-0.001405253083925584,0.21463739708065027
13.035900592803955,0.14571542196533133,-0.0014024214196533304,0.2146478337112187
13.035900592803955,0.14559464462929284,-0.0013985525544421978,0.21465809705406375
13.035900592803955,0.1449538483504132,-0.0014202885548595702,0.21413369831745124
13.035900592803955,0.1449438642145721,-0.0014201741842648288,0.21416458616005632
13.035900592803955,0.14442026078000308,-0.0014513728468402293,0.21381131473201698
13.035900592803955,0.1441067555714789,-0.0014715815343103386,0.2135807243010363
13.035900592803955,0.14398404430047756,-0.0014816922715439676,0.21359600095763817
13.035900592803955,0.1438197956354509,-0.0014912078511066067,0.21361554140090963
13.035900592803955,0.1436732436305678,-0.001495553552995018,0.21364379662202826
13.035900592803955,0.14352289814670338,-0.0014967824166491651,0.21366926672280995
13.035900592803955,0.14317522029582777,-0.0015037483849099642,0.21349362744122852
13.035900592803955,0.14307328645222084,-0.0014982042335764771,0.2135275286007976
13.035900592803955,0.14290523681746292,-0.0014957981571883487,0.2135467668716002
13.035900592803955,0.14276216441332418,-0.0014896704638237175,0.2135777594818724
13.035900592803955,0.14261289308976316,-0.0014823568788289929,0.21360481990039407
13.035900592803955,0.14246748697765804,-0.0014735263308369023,0.2136327103883042
13.035900592803955,0.1423226674710225,-0.001463743389444487,0.21365987686353927
13.035900592803955,0.14217947413781715,-0.0014532274017225386,0.21368682901245756
13.035900592803955,0.14203754960595655,-0.0014422553748752558,0.2137134085291159
13.035900592803955,0.14189698938171896,-0.0014310357155055235,0.21373967353691614
13.035900592803955,0.1416757094753473,-0.001421340767772502,0.2136494981334089
13.035900592803955,0.14146382928005125,-0.0014157598628035846,0.21361608200646107
13.035900592803955,0.1413411210749514,-0.001405362047419239,0.21365173771164625
13.035900592803955,0.14119490619392763,-0.0013966709323580406,0.2136765715403403
13.035900592803955,0.14105805809958527,-0.0013874491773195052,0.2137049796067969
13.035900592803955,0.14079203478686164,-0.001383887423061475,0.21360266307508816
13.035900592803955,0.14068451283029737,-0.0013736648049695772,0.2136351240675588
13.035900592803955,0.14053462975809855,-0.001366977594135052,0.2136577707027022
13.035900592803955,0.1404012308114031,-0.0013594013255542742,0.21368784604993976
13.035900592803955,0.14026421039810266,-0.001352343061731747,0.21371527498258747
13.035900592803955,0.1401300465560998,-0.0013454135353701165,0.21374312358710884
13.035900592803955,0.13999662953090877,-0.0013388023915544035,0.213770395717221
13.035900592803955,0.1398646250371205,-0.0013324987688469632,0.2137974197210309
13.035900592803955,0.13973380193293777,-0.0013265432498508894,0.21382409573390385
13.035900592803955,0.13960421922004249,-0.0013209478770342398,0.21385046239844602
13.035900592803955,0.1393597721257083,-0.0013205073654012703,0.21375869393701907
13.035900592803955,0.1392582199418173,-0.001314215338976514,0.21378944416714368
13.035900592803955,0.13911841995123986,-0.0013112135861212473,0.21381125222675929
13.035900592803955,0.13899354830741623,-0.0013074937287698464,0.21383978526328865
13.035900592803955,0.13886544719255742,-0.001304261067071457,0.21386590981251852
13.035900592803955,0.13870103477703943,-0.0013018153865411441,0.21383649644938335
13.035900592803955,0.1385409904048266,-0.0013009887437113038,0.2138342319419269
13.035900592803955,0.1384244439210955,-0.0012979668634891216,0.21386500535165098
13.035900592803955,0.13829711051912036,-0.0012958909169470123,0.21389037105092024
13.035900592803955,0.13817481341362786,-0.0012936804138786208,0.21391730773527431
13.035900592803955,0.13805241683169966,-0.0012916809132762878,0.21394333845087504
13.035900592803955,0.13778215453314202,-0.0012932050763006728,0.21375611354946464
13.035900592803955,0.13752292642636962,-0.001306010994649151,0.21367238558638352
13.035900592803955,0.13742563893284565,-0.001310348706727315,0.21371441583202658
13.035900592803955,0.13728405765694374,-0.0013162557339102439,0.21373711662715195
13.035900592803955,0.1371584161297405,-0.001319802657276204,0.21376654786643706
13.035900592803955,0.13702925004784922,-0.0013224135492378615,0.21379341687781628
13.035900592803955,0.13690282211084892,-0.0013238648060906535,0.21382068380200575
13.035900592803955,0.13677709625994416,-0.001324451241262247,0.21384739645951106
13.035900592803955,0.1366527123280754,-0.0013242793643020723,0.21387386828360513
13.035900592803955,0.13652944758657817,-0.0013234951333071197,0.21390000415638105
13.035900592803955,0.13618259747646744,-0.0013287207241616701,0.21360476495375538
13.035900592803955,0.13585171979762345,-0.0013574186071573444,0.21346683411153655
13.035900592803955,0.1357657325204925,-0.0013732922008820904,0.2135172635443302
13.035900592803955,0.13561201042395282,-0.001389068134197747,0.21353918410740666
13.035900592803955,0.13548184417746806,-0.0013994219363241273,0.2135712226678487
13.035900592803955,0.1353458213613902,-0.0014066685085372538,0.21359960106124987
13.035900592803955,0.13521338948039363,-0.0014107744998220033,0.213628692637999
13.035900592803955,0.13508148797358321,-0.0014123980113467903,0.2136570909654803
13.035900592803955,0.13495108018593366,-0.0014119059402465592,0.2136852557046705
13.035900592803955,0.13452852569803833,-0.0014222369569874861,0.21341852556817156
13.035900592803955,0.13446657651984234,-0.0014225386169348514,0.21345770405144587
13.035900592803955,0.13430480677386258,-0.0014272639584969361,0.21347579395290067
13.035900592803955,0.13417914656434957,-0.0014275052641655253,0.21351066771875962
13.035900592803955,0.13404357795418428,-0.0014262190243273139,0.21354010719690353
13.035900592803955,0.13391286121861387,-0.0014229670700500914,0.21357082770081048
13.035900592803955,0.13333001095172464,-0.001439495890538902,0.21315116732253947
13.035900592803955,0.13330092447572817,-0.0014493217990834938,0.2131966709392925
13.035900592803955,0.13311683850728057,-0.0014652862997812065,0.21321115542442767
13.035900592803955,0.1329877383155471,-0.0014735944235225,0.21325109844606185
13.035900592803955,0.13284282329189467,-0.0014785069339689587,0.21328303088074602
13.035900592803955,0.1323947587773709,-0.0014919496946541495,0.21301013575883
13.035900592803955,0.13206688042493286,-0.0015037760379793437,0.2127982293012343
14.035900592803955,0.13195385205687116,-0.0015076917880182186,0.21283198527032562
14.035900592803955,0.13161697585821383,-0.0015144719991086394,0.21262172908280802
14.035900592803955,0.13108301689547974,-0.0015410440955830919,0.21232499713322897
14.035900592803955,0.13084598280628026,-0.0015619575223518069,0.21222576616406236
14.035900592803955,0.1306905975525851,-0.0015749437699490512,0.21226464695127287
14.035900592803955,0.13052107913827832,-0.0015821040509583079,0.21231153007708142
14.035900592803955,0.13035960384129983,-0.0015835151217786989,0.21236111899953714
14.035900592803955,0.1301976529886756,-0.0015805043544226197,0.21240927161424922
14.035900592803955,0.13003789469126104,-0.0015738317550106073,0.21245708427451068
14.035900592803955,0.12987944877214713,-0.0015642865747324715,0.21250420845262902
14.035900592803955,0.12972256582789862,-0.0015525142524251342,0.21255076662889802
14.035900592803955,0.12956713817281612,-0.001539084912629815,0.21259673135350968
14.035900592803955,0.1294131737526827,-0.0015244833451283392,0.2126421228160813
14.035900592803955,0.12926064521299435,-0.0015091231259058285,0.2126869458183258
14.035900592803955,0.12910953782328832,-0.0014933523216958053,0.21273120987928434
14.035900592803955,0.12895983409509934,-0.0014774612047222975,0.2127749228280374
14.035900592803955,0.12881151854652728,-0.0014616886579547315,0.2128180928512662
14.035900592803955,0.12866457605709697,-0.0014462283357052075,0.21286072784403598
14.035900592803955,0.12851899226980973,-0.0014312342495835795,0.21290283562031376
14.035900592803955,0.12837475335108495,-0.0014168259012154738,0.21294442384909273
14.035900592803955,0.12823184596590465,-0.0014030929444276002,0.21298550007786313
14.035900592803955,0.12809025719571135,-0.0013900994082832394,0.21302607172811344
14.035900592803955,0.12794997448561396,-0.0013778875001148327,0.21306614609966457
14.035900592803955,0.12781098559278325,-0.00136648101394762,0.213105730372124
14.035900592803955,0.1276732785441807,-0.0013558883692196162,0.21314483160720582
14.035900592803955,0.12753684160009254,-0.0013461053056129206,0.21318345675073286
14.035900592803955,0.1274016632236139,-0.0013371172597260797,0.21322161263470063
14.035900592803955,0.12726773205507208,-0.001328901449001347,0.2132593059792856
14.035900592803955,0.1271350368907938,-0.0013214286877182325,0.21329654339483306
14.035900592803955,0.12700356666556498,-0.0013146649590112004,0.21333333138381544
14.035900592803955,0.1268733104382292,-0.0013085727658540616,0.21336967634275986
14.035900592803955,0.12674425737993256,-0.0013031122828071826,0.21340558456414574
14.035900592803955,0.12661639676458364,-0.001298242329086409,0.2134410622382692
14.035900592803955,0.12648971796116304,-0.0012939211822221783,0.2134761154550752
14.035900592803955,0.12636421042756812,-0.001290107250249077,0.21351075020595586
14.035900592803955,0.1262398637057292,-0.0012867596190365219,0.21354497238551517
14.035900592803955,0.1261166674177735,-0.0012838384900661706,0.213578787793298
14.035900592803955,0.12599461126305306,-0.0012813055226642868,0.2136122021354869
14.035900592803955,0.12587368501588003,-0.00127912409346179,0.21364522102656336
14.035900592803955,0.125753878523842,-0.0012772594846542189,0.21367784999093636
14.035900592803955,0.1256351817065886,-0.0012756790115108808,0.21371009446453776
14.035900592803955,0.12551758455500267,-0.0012743520984928036,0.21374195979638594
14.035900592803955,0.12540107713067827,-0.0012732503123527167,0.2137734512501158
14.035900592803955,0.12528564956564728,-0.0012723473596427566,0.2138045740054808
14.035900592803955,0.12517129206230032,-0.0012716190551878732,0.21383533315982303
14.035900592803955,0.1250579948934587,-0.0012710432672863557,0.21386573372951406
14.035900592803955,0.12494574840256209,-0.0012705998446592842,0.2138957806513681
14.035900592803955,0.12483454300393902,-0.0012702705295157164,0.21392547878402746
14.035900592803955,0.12472436918313629,-0.0012700388604725242,0.21395483290932021
14.035900592803955,0.12461521749728363,-0.0012698900685407175,0.21398384773359233
14.035900592803955,0.12450707857547623,-0.0012698109688856415,0.21401252788901498
14.035900592803955,0.12439994311915979,-0.0012697898506357046,0.21404087793486565
14.035900592803955,0.1242938019025042,-0.0012698163666208032,0.21406890235878612
14.035900592803955,0.12418864577275673,-0.0012698814245780572,0.21409660557801685
14.035900592803955,0.12408446565056547,-0.0012699770810594008,0.21412399194060822
14.035900592803955,0.12398125253026608,-0.0012700964390202213,0.21415106572660944
14.035900592803955,0.12387899748012739,-0.0012702335498136694,0.2141778311492351
14.035900592803955,0.12377769164255155,-0.0012703833201496186,0.21420429235601224
14.035900592803955,0.12367732623422592,-0.0012705414243852908,0.21423045342990374
14.035900592803955,0.12357789254622535,-0.0012707042223850558,0.21425631839041365
14.035900592803955,0.1234793819440643,-0.0012708686830568486,0.21428189119467148
14.035900592803955,0.12338178586769859,-0.0012710323135804308,0.21430717573849695
14.035900592803955,0.12328509583147713,-0.0012711930942578276,0.214332175857446
14.035900592803955,0.12318930342404562,-0.0012713494188522634,0.21435689532783708
14.035900592803955,0.12309440030820369,-0.001271500040231733,0.21438133786776062
14.035900592803955,0.12300037822071683,-0.0012716440210873252,0.21440550713806872
14.035900592803955,0.12290722897208628,-0.0012717806894792724,0.21442940674334854
14.035900592803955,0.12281494444627887,-0.001271909598929824,0.21445304023287706
14.035900592803955,0.12272351660041975,-0.0012720304927812537,0.21447641110155946
14.035900592803955,0.12263293746445036,-0.0012721432725200203,0.21449952279085152
14.035900592803955,0.12254319914075466,-0.0012722479697789071,0.21452237868966348
14.035900592803955,0.1224542938037565,-0.0012723447217225133,0.21454498213525028
14.035900592803955,0.12236621369949037,-0.0012724337495326754,0.2145673364140841
14.035900592803955,0.1222789511451484,-0.0012725153397185537,0.2145894447627119
14.035900592803955,0.1221924985286063,-0.0012725898279877905,0.21461131036859818
14.035900592803955,0.12210684830793096,-0.0012726575854307767,0.21463293637095257
14.035900592803955,0.12202199301087067,-0.0012727190067759117,0.21465432586154176
14.035900592803955,0.12193792523433218,-0.0012727745005038787,0.21467548188548832
14.035900592803955,0.1218546376438442,-0.0012728244806042566,0.2146964074420548
14.035900592803955,0.12177212297301238,-0.0012728693597904538,0.21471710548541345
14.035900592803955,0.12169037402296401,-0.0012729095439952057,0.21473757892540302
14.035900592803955,0.12160938366178672,-0.0012729454279846904,0.21475783062827167
14.035900592803955,0.1215291448239619,-0.001272977391944475,0.2147778634174066
14.035900592803955,0.12144965050979317,-0.0012730057989072327,0.21479768007405117
14.035900592803955,0.12137089378483258,-0.0012730309928962909,0.21481728333800848
14.035900592803955,0.12129286777930516,-0.001273053297683121,0.21483667590833389
14.035900592803955,0.12121556568753201,-0.0012730730160566694,0.2148558604440136
14.035900592803955,0.12113898076735438,-0.0012730904295239626,0.2148748395646325
14.035900592803955,0.12106310633955765,-0.0012731057983624283,0.21489361585102898
14.035900592803955,0.12098793578729762,-0.001273119361961457,0.21491219184593952
14.035900592803955,0.1209134625555282,-0.001273131339389947,0.21493057005463084
14.035900592803955,0.1208396801504326,-0.0012731419301425205,0.2149487529455209
14.035900592803955,0.120766582138857,-0.0012731513150214153,0.21496674295078952
14.035900592803955,0.12069416214774749,-0.0012731596571122113,0.214984542466978
14.035900592803955,0.12062241386359175,-0.0012731671028278768,0.21500215385557728
14.035900592803955,0.12055133103186384,-0.0012731737829898733,0.21501957944360706
14.035900592803955,0.12048090745647377,-0.0012731798139241912,0.21503682152418352
14.035900592803955,0.12041113699922121,-0.0012731852985567796,0.21505388235707845
14.035900592803955,0.12034201357925409,-0.0012731903274907155,0.21507076416926582
14.035900592803955,0.12027353117253202,-0.001273194980055837,0.2150874691554625
15.035900592803955,0.12020568381129383,-0.0012731993253165992,0.21510399947865572
15.035900592803955,0.12004031374190814,-0.0012760095088399058,0.21501641841890834
15.035900592803955,0.11993960362100343,-0.0012770581878186714,0.21497573734693995
15.035900592803955,0.11986262139549196,-0.0012774208767276016,0.21496841310604214
15.035900592803955,0.11976763339014682,-0.001278707935500882,0.21496350595731784
15.035900592803955,0.11971811693694565,-0.0012784766681684656,0.21499645985118127
15.035900592803955,0.11965404178086185,-0.001278769245800948,0.21502203318366667
15.035900592803955,0.1195965087573821,-0.0012788433666568733,0.21505398449958335
15.035900592803955,0.1195807248203271,-0.0012777742461958091,0.215122646879777
15.035900592803955,0.11954693346730605,-0.0012784522778354346,0.21520293393067094
15.035900592803955,0.11958559204135996,-0.0012773470288314041,0.21531430760067413
15.035900592803955,0.11955923859474644,-0.0012794328982803568,0.21538362510477985
15.035900592803955,0.11954414116931358,-0.001281480204091065,0.21547255487555242
15.035900592803955,0.11969278379382219,-0.0012799552402756702,0.21569282177590549
15.035900592803955,0.11969321499962744,-0.001286792748058846,0.2158003067576951
15.035900592803955,0.11974587158070085,-0.0012906651247159145,0.21592800484958413
15.035900592803955,0.1198357197991949,-0.00129386831411675,0.2161013476115915
15.035900592803955,0.11998121135054314,-0.0012968972191677204,0.21633867771403775
15.035900592803955,0.12017706035766917,-0.0013014809106765765,0.21663626721000503
15.035900592803955,0.12032094225479403,-0.0013107998429659623,0.21687573476106548
15.035900592803955,0.12048249359172976,-0.0013195951674526626,0.217111539846578
15.035900592803955,0.12052080158651923,-0.0013345471551707878,0.21724070747485363
15.035900592803955,0.12071763678451623,-0.0013424424323805646,0.2174367253159045
15.035900592803955,0.12078008899542651,-0.0013571699085260722,0.21753771006057587
15.035900592803955,0.12093885362568776,-0.0013650787274972695,0.21771947107328377
15.035900592803955,0.12114364469477665,-0.0013717379754299465,0.21796881419899414
15.035900592803955,0.12126186840076862,-0.0013816898780587977,0.21811776168012442
15.035900592803955,0.12133909556239013,-0.0013916710886551602,0.21822240862916917
15.035900592803955,0.12161679370158159,-0.001391943647834154,0.2184834247897839
15.035900592803955,0.12171794797120276,-0.001407517136744807,0.2186609935586583
15.035900592803955,0.12207741830186922,-0.0014126648900210335,0.21898308174997505
15.035900592803955,0.12220988102421229,-0.0014329738584992653,0.21912389006529334
15.035900592803955,0.12226210859059576,-0.0014494339756148215,0.2191138459696623
15.035900592803955,0.12233195288385917,-0.0014590401723576403,0.21909925538132544
15.035900592803955,0.1223942377186511,-0.0014648071129462585,0.21907988187257713
15.035900592803955,0.12245825711391038,-0.0014668829154845554,0.219061968657158
15.035900592803955,0.12264359783421372,-0.001461887896075098,0.21919297444020397
15.035900592803955,0.12267812623044172,-0.001462995914719465,0.21916610793646701
15.035900592803955,0.12275568056668422,-0.0014586359650053324,0.21915408329258573
15.035900592803955,0.12281757781668363,-0.0014534889930940334,0.21913257633560357
15.035900592803955,0.12288378119278605,-0.0014466130635688683,0.21911413092979817
15.035900592803955,0.12303162571736444,-0.001435806481602929,0.21919701942146122
15.035900592803955,0.12307616745888957,-0.001429913016261511,0.21917190501167055
15.035900592803955,0.1231498361847719,-0.0014210681708248935,0.21915693484922444
15.035900592803955,0.12321262823425803,-0.0014124638714172362,0.21913552460845748
15.035900592803955,0.12327816174994694,-0.0014033783221421847,0.21911625517025726
15.035900592803955,0.12334202022163564,-0.0013942904864419,0.2190964653179906
15.035900592803955,0.12367600162404549,-0.0013765473766221697,0.2194071571786471
15.035900592803955,0.12368227442185091,-0.0013796973029582514,0.21936984041177082
15.035900592803955,0.1237830406972039,-0.0013745574089472322,0.2193656995360939
15.035900592803955,0.12385009147740447,-0.0013709127262820052,0.219340302093341
15.035900592803955,0.12392718655799892,-0.0013659439247058688,0.21932157871344352
15.035900592803955,0.12400011624038634,-0.0013608752888044397,0.21930083886791882
15.035900592803955,0.12407350712309423,-0.0013555173835176244,0.2192809209007846
15.035900592803955,0.12414586132874283,-0.0013500879998415947,0.21926090286803046
15.035900592803955,0.12421767257532013,-0.0013446406393906596,0.21924108401786097
15.035900592803955,0.12445313156625637,-0.001333394031923469,0.21942276254998777
15.035900592803955,0.12448734939840647,-0.0013343633591603593,0.21939129916539643
15.035900592803955,0.12457890585131531,-0.0013303166649789797,0.2193801301305523
15.035900592803955,0.12464962819621361,-0.0013274428143509216,0.21935596973172608
15.035900592803955,0.12472620837069538,-0.001323955101912043,0.2193359548910252
15.035900592803955,0.12479997191328199,-0.0013205817377044335,0.21931475637762105
15.035900592803955,0.12487374876376302,-0.0013171750254474084,0.21929411689706596
15.035900592803955,0.1249466255791119,-0.0013138452843290786,0.2192734698752517
15.035900592803955,0.12501890721303804,-0.001310603525256495,0.2192529992024107
15.035900592803955,0.12509050214960338,-0.0013074823831216373,0.2192326447216388
15.035900592803955,0.12516144787873423,-0.0013044989185686737,0.2192124256118284
15.035900592803955,0.1253776436586702,-0.0013007828379719803,0.21944207424267373
15.035900592803955,0.12558908488899262,-0.0012975438106361467,0.21955701814571393
15.035900592803955,0.1256382132975479,-0.001303796420549893,0.21951576176363816
15.035900592803955,0.1257331192209158,-0.0013052710678612585,0.21950144173984248
15.035900592803955,0.1258120544833705,-0.0013070052382103577,0.21947763170830847
15.035900592803955,0.12606954687254265,-0.0013066885286060342,0.21975713800719662
15.035900592803955,0.12631913993684468,-0.0013063186910413117,0.21989852165509133
15.035900592803955,0.12637629405923284,-0.0013166336095450232,0.21985135093473923
15.035900592803955,0.1264877423631569,-0.0013205511109976968,0.219836823463758
15.035900592803955,0.12658023235133867,-0.0013243135113947327,0.21981074069955275
15.035900592803955,0.12667775060570063,-0.0013264049405884368,0.21978853846159135
15.035900592803955,0.12677247510613476,-0.0013276433162598238,0.21976522224437137
15.035900592803955,0.1268669680232437,-0.001327996360558227,0.2197424229930494
15.035900592803955,0.12696040123899363,-0.001327667742494744,0.21971960934802132
15.035900592803955,0.12705305364864938,-0.0013267584565627745,0.2196969551997355
15.035900592803955,0.12754140755011295,-0.001311496636213244,0.22017045666414758
15.035900592803955,0.1275514174518686,-0.0013276988605397284,0.22011910762836884
15.035900592803955,0.12769782679999053,-0.0013295190624982509,0.22011940690058995
15.035900592803955,0.1277951051207607,-0.0013332192268253919,0.22008679503382234
15.035900592803955,0.12790711861762658,-0.001334370004395763,0.22006446860832427
15.035900592803955,0.12801301305714533,-0.0013349366952472748,0.220038901767052
15.035900592803955,0.1281196205608278,-0.00133457484486018,0.2200145377635523
15.035900592803955,0.12822471599431373,-0.0013336073439632855,0.21998992644907142
15.035900592803955,0.12832903696644282,-0.0013320984316902915,0.2199655427990935
15.035900592803955,0.12843235208926052,-0.0013301727644005681,0.21994123268784727
15.035900592803955,0.12894658851344618,-0.0013131445461379114,0.22043619152029414
15.035900592803955,0.12896508193194117,-0.0013284704073252135,0.22038142998790022
15.035900592803955,0.1291243876910213,-0.0013284982678567897,0.22038129568782838
15.035900592803955,0.12923273807025581,-0.0013308083748461048,0.22034638854296287
15.035900592803955,0.12935630865511197,-0.001330742682010718,0.22032234914987622
15.035900592803955,0.1294734508180407,-0.001330367421979374,0.22029486228332462
15.035900592803955,0.12959127189555542,-0.0013292788075853317,0.22026863987738515
15.035900592803955,0.12970745382661453,-0.0013277837869353458,0.220242141744723
16.035900592803955,0.1298227676446458,-0.0013259154624511021,0.2202158737718931
16.035900592803955,0.12993697206991706,-0.0013237748677846807,0.22018967197399458
16.035900592803955,0.1302534301914431,-0.0013202827162901824,0.2205141650830769
16.035900592803955,0.13055909239772376,-0.0013143242095192582,0.22068167022248664
16.035900592803955,0.13064523541633502,-0.001320596054594135,0.22062419010325088
16.035900592803955,0.13079316998753435,-0.0013198076674921164,0.22060615308392428
16.035900592803955,0.13091914341113106,-0.001319844270351759,0.22057400973859825
16.035900592803955,0.13124989687340066,-0.0013178022432983813,0.2208917821711275
16.035900592803955,0.13156697576960658,-0.0013122578705811808,0.2210548025533746
16.035900592803955,0.13167123033247535,-0.001317980756880676,0.2209951837244139
16.035900592803955,0.1318352155249159,-0.0013166810604811861,0.2209746896666918
16.035900592803955,0.13197768856769915,-0.0013162738988926094,0.2209401445102012
16.035900592803955,0.13212545895322442,-0.0013148902914732613,0.22091026552394916
16.035900592803955,0.13226972232237982,-0.0013134285310867772,0.2208789565477122
16.035900592803955,0.13241338990411416,-0.0013117258142540632,0.2208482254836745
16.035900592803955,0.13255551863692477,-0.0013099167760858427,0.22081741596824286
16.035900592803955,0.13269643351011218,-0.001308017082653875,0.22078674689122318
16.035900592803955,0.1330327724191942,-0.0013053362515110176,0.22109624790690666
16.035900592803955,0.13335681032644284,-0.0012985603164980715,0.22125604226050322
16.035900592803955,0.1334720031570531,-0.0013026140615759567,0.2211946596435334
16.035900592803955,0.1336457183512783,-0.0012999010701071276,0.22117229006211522
16.035900592803955,0.1337981638497929,-0.0012984380405479286,0.22113586167065744
16.035900592803955,0.13433158521973473,-0.0012830314316266203,0.22159400753941425
16.035900592803955,0.1344150675164837,-0.0012948032356082315,0.22153103122275575
16.035900592803955,0.13462448102196675,-0.0012906540715657243,0.22152214948427978
16.035900592803955,0.13478717161211626,-0.00128929009837081,0.22147902266370353
16.035900592803955,0.13496316889187612,-0.0012865108800241588,0.2214465748925129
16.035900592803955,0.13547235602731655,-0.0012728534548677312,0.22185673334171405
16.035900592803955,0.13557920593931455,-0.001283107320802876,0.221794818375124
16.035900592803955,0.1357979725648336,-0.0012786459721765148,0.22178165741488232
16.035900592803955,0.13597476121524021,-0.00127675862710765,0.22173732639670282
16.035900592803955,0.13616316279830182,-0.0012737633654483146,0.22170269014200003
16.035900592803955,0.1363454880860394,-0.0012714792837451375,0.22166486187656442
16.035900592803955,0.13652760386825907,-0.0012694499963279426,0.22162812715010616
16.035900592803955,0.1367075899290915,-0.0012678351233510986,0.22159107857970783
16.035900592803955,0.13688610050706868,-0.0012665502781502198,0.2215541868380962
16.035900592803955,0.13706293867584812,-0.0012655809380123229,0.22151730250811574
16.035900592803955,0.13755982313027415,-0.0012547253405683322,0.22190236246154957
16.035900592803955,0.13767566439874637,-0.0012661805830246446,0.2218401883750658
16.035900592803955,0.13789707498202528,-0.0012629843619958864,0.22182446100917522
16.035900592803955,0.13807865360920996,-0.0012620965796587905,0.22177897436913
16.035900592803955,0.13827110391933384,-0.0012601201027742336,0.22174274566840668
16.035900592803955,0.1384576660396375,-0.0012588220103950318,0.22170346600952487
16.035900592803955,0.1386439070436289,-0.0012577663279030836,0.2216652358881443
16.035900592803955,0.13882800380221488,-0.0012571010023587036,0.22162670753737118
16.035900592803955,0.13901057975287937,-0.0012567387939659905,0.22158833279465273
16.035900592803955,0.13919144836516412,-0.001256659971767441,0.22154996850439268
16.035900592803955,0.13966544502724848,-0.0012483526447674559,0.2218973726414749
16.035900592803955,0.13979123132796922,-0.0012600627136442506,0.22183612972593986
16.035900592803955,0.1400129520229479,-0.001257677732193728,0.22181725904230715
16.035900592803955,0.14019818002787032,-0.001257232714123424,0.22177104816942683
16.035900592803955,0.14039315734800817,-0.001255743235827212,0.22173334315368895
16.035900592803955,0.14084472988758104,-0.0012482537344588596,0.22203711175930388
16.035900592803955,0.14098839908579897,-0.0012582488932764667,0.22197712185412272
16.035900592803955,0.14121635556412765,-0.0012553168231620448,0.22195474498684825
16.035900592803955,0.14141182097057342,-0.0012540916915343633,0.22190791395875964
16.035900592803955,0.14161561408145432,-0.001252052409387354,0.22186866725044357
16.035900592803955,0.14204060542863753,-0.0012459447840021884,0.22212480279455502
16.035900592803955,0.14219995522595935,-0.001254777587917602,0.22206624907661138
16.035900592803955,0.14243151026215356,-0.0012519853609597835,0.22204026441005492
16.035900592803955,0.142634779616512,-0.0012506044209363992,0.22199300956054605
16.035900592803955,0.14284491182235834,-0.0012485766872488563,0.22195233441609422
16.035900592803955,0.14305024963368948,-0.0012472260036092003,0.2219094580013093
16.035900592803955,0.14325468410486492,-0.0012462494545741158,0.22186732119648683
16.035900592803955,0.14345694466040532,-0.0012457374260881754,0.2218249580742763
16.035900592803955,0.1436574750804886,-0.001245608073671172,0.22178269678117232
16.035900592803955,0.1438561497601803,-0.0012458269288563653,0.2217404361794875
16.035900592803955,0.1442646208443611,-0.001242813503644219,0.22197457968385187
16.035900592803955,0.14442480666172666,-0.0012533714001572473,0.22191640855042621
16.035900592803955,0.14465223380371595,-0.0012522865824804962,0.2218885105274714
16.035900592803955,0.14485315335569543,-0.0012521837852031113,0.22184076052272367
16.035900592803955,0.1450603851961263,-0.0012512718157609223,0.2217991678964341
16.035900592803955,0.14526303477687885,-0.0012508397201913928,0.2217555347951803
16.035900592803955,0.1454647422844511,-0.0012506251930600766,0.22171261027906158
16.035900592803955,0.1456643190734377,-0.0012507273180748582,0.22166949084683857
16.035900592803955,0.14586218169108967,-0.0012510808703970616,0.22162648380669242
16.035900592803955,0.14605821313124837,-0.001251664046866205,0.22158349444633935
16.035900592803955,0.14635662262551047,-0.0012555498816812193,0.2217135681186109
16.035900592803955,0.14664514914107613,-0.0012577222078362926,0.22177166791232963
16.035900592803955,0.1468296883948935,-0.0012610172375744425,0.22171331910453676
16.035900592803955,0.14704204646024993,-0.0012597271928640186,0.22167539916404164
16.035900592803955,0.14724266741227926,-0.0012590124460088448,0.22162991554973666
16.035900592803955,0.14763352906246713,-0.0012566257966472906,0.22183169611984394
16.035900592803955,0.147803242472424,-0.0012658387345246581,0.22177424774543716
16.035900592803955,0.14803239934727133,-0.0012637226801552534,0.22174368976746514
16.035900592803955,0.14823774615596824,-0.0012622605570188211,0.22169535300784501
16.035900592803955,0.14844847354346047,-0.0012600886773387297,0.22165252248724948
16.035900592803955,0.14865487654839415,-0.0012584252667053007,0.22160786244248798
16.035900592803955,0.14886020496610747,-0.0012570551683557425,0.22156383913494407
16.035900592803955,0.1490633986112978,-0.001256071861063992,0.2215196419317408
16.035900592803955,0.14926483228160542,-0.0012554167173274774,0.22147554799461477
16.035900592803955,0.14946440308618186,-0.001255068058943879,0.22143147271796887
16.035900592803955,0.14975576422715003,-0.0012588673360699638,0.2215404212737797
16.035900592803955,0.15003792307398994,-0.001261637804840822,0.2215864480051966
16.035900592803955,0.15022783022909236,-0.0012641662069824422,0.22152896189643895
16.035900592803955,0.15044211522547152,-0.0012623105499688092,0.221489546424963
16.035900592803955,0.15064576290621956,-0.0012609366462148427,0.22144340159281917
16.035900592803955,0.15085045604371233,-0.001259477039014023,0.2213994939578128
16.035900592803955,0.15105232068508329,-0.0012584012226889985,0.2213548864204203
16.035900592803955,0.15125266826425232,-0.0012576056796631749,0.2213105652813025
17.035900592803955,0.151451083506234,-0.0012571111572280622,0.22126620996371027
17.035900592803955,0.15164772632087356,-0.0012568779030278088,0.22122193422340092
17.035900592803955,0.15202293511015438,-0.0012569654882800471,0.22140772069291473
17.035900592803955,0.15218975005270494,-0.0012674528240043462,0.2213512999103718
17.035900592803955,0.1524122125178501,-0.0012661591228887575,0.2213195005093533
17.035900592803955,0.1526122290596748,-0.00126509868721799,0.22127103249124186
17.035900592803955,0.15281724568334557,-0.0012632230284912137,0.22122774020667846
17.035900592803955,0.15310330194799276,-0.0012662942877431256,0.22131974348304592
17.035900592803955,0.1533814879286354,-0.0012688481047554434,0.22135655801976734
17.035900592803955,0.1535764446045104,-0.001270064191204144,0.22129999761269034
17.035900592803955,0.15379313059538774,-0.0012670805434958458,0.22125967647803077
17.035900592803955,0.1540000138624408,-0.0012645504269427031,0.22121326842778552
17.035900592803955,0.1543521792407512,-0.0012638606163483251,0.2213528314544815
17.035900592803955,0.15453667908248503,-0.0012712575999074271,0.2212981215010093
17.035900592803955,0.1547653231224926,-0.0012684253410706232,0.22126324261228653
17.035900592803955,0.15497551477985966,-0.0012657027252239855,0.22121485927654408
17.035900592803955,0.15518926978179481,-0.0012624736337330036,0.22117064118874996
17.035900592803955,0.1555183561607313,-0.0012624332789339908,0.22127626535603936
17.035900592803955,0.15571033347104368,-0.0012687457166747802,0.2212231999651503
17.035900592803955,0.15593780688967057,-0.0012661052331225178,0.22118604119343738
17.035900592803955,0.1561498943256023,-0.0012634274454830091,0.22113786568411384
17.035900592803955,0.15636450829145807,-0.001260370113137052,0.2210930826415119
17.035900592803955,0.1566254792770052,-0.0012624061974336014,0.22112616388822698
17.035900592803955,0.15688067860029087,-0.0012650904843084405,0.2211277255143271
17.035900592803955,0.15708693921996136,-0.0012651439000181779,0.22107506399685245
17.035900592803955,0.15730492168797736,-0.0012623485087253743,0.22103177234026228
17.035900592803955,0.15751638604125975,-0.0012598456599103164,0.22098494679181646
17.035900592803955,0.1577274373582015,-0.0012575086640489452,0.2209393020604141
17.035900592803955,0.15793605567079189,-0.0012556181596938554,0.22089329722816783
17.035900592803955,0.15814293761611986,-0.0012541179954903732,0.2208474555626312
17.035900592803955,0.1583478730092774,-0.001253005743517107,0.2208016104922636
17.035900592803955,0.15862771933042347,-0.001256170432659194,0.2208520700714255
17.035900592803955,0.15888646701084558,-0.0012670639504379563,0.22088678374200948
17.035900592803955,0.15909012431848232,-0.0012735069772696894,0.22084184795643202
17.035900592803955,0.15930466032504614,-0.0012725121210872097,0.22079877789681435
17.035900592803955,0.15951251456658916,-0.0012703664364453193,0.22075162105497442
17.035900592803955,0.1597200650571856,-0.0012679025861867463,0.22070568660915063
17.035900592803955,0.15992518880238085,-0.0012657053665810977,0.2206593869578204
17.035900592803955,0.16012861440449344,-0.001263810306289203,0.22061327010744083
17.035900592803955,0.16033011994159518,-0.0012622508724372782,0.2205671613329071
17.035900592803955,0.1605298015305905,-0.0012610059548206244,0.22052112619200948
17.035900592803955,0.16072764900232206,-0.0012600560705415334,0.22047514981625313
17.035900592803955,0.16092368757790088,-0.0012593764457331826,0.22042924397396269
17.035900592803955,0.16111793049051673,-0.0012589431386320696,0.2203834113571548
17.035900592803955,0.1613103948063661,-0.001258732307626683,0.22033765750344986
17.035900592803955,0.16150109613443453,-0.0012587209729106909,0.22029198682212012
17.035900592803955,0.161690050393345,-0.0012588870106022103,0.2202464039238975
17.035900592803955,0.16187727322087347,-0.0012592093022096677,0.22020091318083085
17.035900592803955,0.16206278017157064,-0.0012596677849249192,0.22015551887666385
17.035900592803955,0.16224658665122454,-0.0012602435060726572,0.2201102251600846
17.035900592803955,0.1624287079394009,-0.001260918654192502,0.22006503606369174
17.035900592803955,0.1626091591826629,-0.0012616765793738126,0.22001995550096853
17.035900592803955,0.16278795539768875,-0.0012625018008869948,0.21997498727053447
17.035900592803955,0.1629651114711698,-0.0012633800046077115,0.21993013505790765
17.035900592803955,0.16314064216086513,-0.0012642980310443794,0.2198854024380409
17.035900592803955,0.16331456209634232,-0.0012652438552518443,0.21984079287754008
17.035900592803955,0.16348688577988812,-0.0012662065596657328,0.21979630973693398
17.035900592803955,0.16365762758742097,-0.0012671763008669686,0.2197519562728698
17.035900592803955,0.16382680176945338,-0.0012681442712296868,0.219707735640279
17.035900592803955,0.16399442245208296,-0.0012691026563348626,0.21966365089450024
17.035900592803955,0.1641605036380117,-0.0012700445889655965,0.21961970499336297
17.035900592803955,0.16432505920758822,-0.0012709641004395415,0.21957590079923306
17.035900592803955,0.16448810291986762,-0.0012718560699751143,0.21953224108101987
17.035900592803955,0.16464964841368668,-0.0012727161727185098,0.21948872851614679
17.035900592803955,0.16480970920874782,-0.001273540827007806,0.2194453656924839
17.035900592803955,0.16496829870671076,-0.0012743271413866095,0.21940215511024638
17.035900592803955,0.1651254301922861,-0.0012750728618314347,0.21935909918385627
17.035900592803955,0.16528111683432883,-0.0012757763195955854,0.21931620024377008
17.035900592803955,0.16543537168692843,-0.0012764363800326778,0.21927346053827268
17.035900592803955,0.16558820769049326,-0.0012770523927072529,0.21923088223523668
17.035900592803955,0.16573963767282543,-0.0012776241430550138,0.21918846742385045
17.035900592803955,0.16588967435018612,-0.0012781518058207,0.2191462181163127
17.035900592803955,0.16603833032834797,-0.0012786359004562549,0.2191041362494962
17.035900592803955,0.16618561810363322,-0.0012790772486219806,0.2190622236865789
17.035900592803955,0.16633155006393702,-0.001279476933916418,0.21902048221864717
17.035900592803955,0.1664761384897333,-0.0012798362639130263,0.21897891356626573
17.035900592803955,0.16661939555506486,-0.0012801567345555875,0.21893751938102105
17.035900592803955,0.16676133332851417,-0.001280439996944674,0.21889630124703366
17.035900592803955,0.16690196377415703,-0.0012806878265272,0.2188552606824431
17.035900592803955,0.16704129875249696,-0.0012809020946718888,0.21881439914086476
17.035900592803955,0.16717935002138146,-0.0012810847426022523,0.2187737180128186
17.035900592803955,0.1673161292369003,-0.0012812377576403092,0.21873321862713227
17.035900592803955,0.1674516479542651,-0.0012813631516986786,0.2186929022523159
17.035900592803955,0.16758591762867137,-0.0012814629419459593,0.2186527700979124
17.035900592803955,0.16771894961614342,-0.0012815391335754683,0.21861282331582135
17.035900592803955,0.16785075517436282,-0.001281593704572724,0.21857306300159862
17.035900592803955,0.1679813454634802,-0.0012816285923966872,0.21853349019572918
17.035900592803955,0.1681107315469123,-0.0012816456824653252,0.2184941058848794
17.035900592803955,0.1682389243921238,-0.0012816467983464523,0.2184549110031212
17.035900592803955,0.16836593487139595,-0.0012816336935422036,0.2184159064331364
17.035900592803955,0.1684917737625815,-0.0012816080447608652,0.2183770930073959
17.035900592803955,0.16861645174984735,-0.0012815714465647457,0.21833847150931704
17.035900592803955,0.16873997942440608,-0.0012815254072911578,0.21830004267439918
17.035900592803955,0.16886236728523618,-0.0012814713461346654,0.21826180719133634
17.035900592803955,0.1689836257397923,-0.0012814105912867177,0.21822376570311
17.035900592803955,0.16910376510470665,-0.0012813443790330274,0.218185918808059
17.035900592803955,0.16922279560648112,-0.0012812738537127527,0.21814826706093093
17.035900592803955,0.1693407273821718,-0.0012812000684369051,0.2181108109739109
17.035900592803955,0.1694575704800661,-0.0012811239864874112,0.21807355101763298
17.035900592803955,0.16957333486035325,-0.001281046483295311,0.21803648762216918
18.035900592803955,0.16968803039578886,-0.0012809683489341667,0.2179996211780021
18.035900592803955,0.16980166687235282,-0.001280890291038353,0.217962952036976
18.035900592803955,0.16991425398990365,-0.0012808129380819377,0.21792648051323182
18.035900592803955,0.17002580136282708,-0.0012807368429497076,0.21789020688412195
18.035900592803955,0.17013631852068037,-0.0012806624867394735,0.21785413139110804
18.035900592803955,0.17024581490883312,-0.0012805902827343237,0.2178182542406416
18.035900592803955,0.17035429988910455,-0.0012805205805010607,0.21778257560502629
18.035900592803955,0.17046178274039664,-0.0012804536700567123,0.217747095623264
18.035900592803955,0.1705682726593259,-0.001280389786071541,0.2177118144018846
18.035900592803955,0.17067377876085005,-0.0012803291120629737,0.2176767320157576
18.035900592803955,0.1707783100788946,-0.0012802717845492757,0.2176418485088903
18.035900592803955,0.17088187556697498,-0.0012802178971318932,0.2176071638952083
18.035900592803955,0.17098448409881745,-0.0012801675044883665,0.21757267815932077
18.035900592803955,0.17108614446897713,-0.001280120626231663,0.2175383912572712
18.035900592803955,0.17118686539345507,-0.0012800772506437186,0.2175043031172727
18.035900592803955,0.17128665551031186,-0.0012800373382510603,0.21747041364042902
18.035900592803955,0.17138552338027999,-0.0012800008252356367,0.21743672270144007
18.035900592803955,0.17148347748737458,-0.0012799676266689111,0.21740323014929533
18.035900592803955,0.17158052623950135,-0.001279937639562797,0.21736993580795055
18.035900592803955,0.171676677969063,-0.0012799107457327277,0.21733683947699445
18.035900592803955,0.17177194093356385,-0.001279886814469465,0.21730394093229816
18.035900592803955,0.17186632331621196,-0.0012798657050164947,0.21727123992665434
18.035900592803955,0.17195983322651953,-0.0012798472688574161,0.21723873619040224
18.035900592803955,0.17205247870090118,-0.0012798313518141494,0.2172064294320402
18.035900592803955,0.17214426770326982,-0.001279817795959766,0.21717431933882597
18.035900592803955,0.17223520812563037,-0.0012798064413506276,0.21714240557736422
18.035900592803955,0.17232530778867156,-0.001279797127580553,0.21711068779418266
18.035900592803955,0.1724145744423544,-0.0012797896951681764,0.21707916561629648
18.035900592803955,0.1725030157664991,-0.0012797839867838973,0.21704783865176078
18.035900592803955,0.17259063937136931,-0.0012797798483177962,0.2170167064902116
18.035900592803955,0.17267745279825317,-0.0012797771298059119,0.21698576870339614
18.035900592803955,0.17276346352004235,-0.001279775686219349,0.21695502484569268
18.035900592803955,0.1728486789418075,-0.001279775378124015,0.21692447445461782
18.035900592803955,0.1729331064013716,-0.0012797760722181445,0.21689411705132547
18.035900592803955,0.17301675316988008,-0.0012797776417609631,0.21686395214109416
18.035900592803955,0.17309962645236773,-0.0012797799668972099,0.21683397921380448
18.035900592803955,0.1731817333883227,-0.0012797829348921985,0.2168041977444066
18.035900592803955,0.1732630810522473,-0.001279786440277056,0.21677460719337838
18.035900592803955,0.17334367645421542,-0.0012797903849204872,0.21674520700717306
18.035900592803955,0.1734235265404268,-0.001279794678027149,0.21671599661865845
18.035900592803955,0.17350263819375816,-0.001279799236079366,0.21668697544754645
18.035900592803955,0.17358101823431016,-0.0012798039827231107,0.21665814290081353
18.035900592803955,0.1736586734199514,-0.0012798088486049505,0.21662949837311185
18.035900592803955,0.17373561044685937,-0.0012798137711710796,0.2166010412471734
18.035900592803955,0.17381183595005667,-0.0012798186944321978,0.2165727708942029
18.035900592803955,0.17388735650394468,-0.0012798235686968702,0.21654468667426502
18.035900592803955,0.17396217862283286,-0.0012798283502832332,0.21651678793666093
18.035900592803955,0.1740363087614646,-0.0012798330012161532,0.2164890740202991
18.035900592803955,0.1741097533155396,-0.0012798374889042216,0.21646154425405573
18.035900592803955,0.1741825186222322,-0.0012798417858134112,0.21643419795712993
18.035900592803955,0.1742546109607061,-0.001279845869130377,0.21640703443938916
18.035900592803955,0.17432603655262502,-0.001279849720427391,0.21638005300170812
18.035900592803955,0.17439680156266002,-0.0012798533253245911,0.21635325293630056
18.035900592803955,0.17446691209899265,-0.0012798566731589585,0.2163266335270431
18.035900592803955,0.1745363742138144,-0.0012798597566601629,0.21630019404979264
18.035900592803955,0.17460519390382245,-0.0012798625716276234,0.21627393377269657
18.035900592803955,0.1746733771107113,-0.0012798651166258737,0.21624785195649593
18.035900592803955,0.17474092972166072,-0.0012798673926856068,0.21622194785482232
18.035900592803955,0.1748078575698202,-0.001279869403020141,0.21619622071448827
18.035900592803955,0.17487416643478892,-0.0012798711527525417,0.2161706697757708
18.035900592803955,0.17493986204309248,-0.001279872648661376,0.21614529427268864
18.035900592803955,0.17500495006865552,-0.0012798738989376508,0.21612009343327382
18.035900592803955,0.17506943613327075,-0.0012798749129597463,0.2160950664798371
18.035900592803955,0.17513332580706403,-0.0012798757010770677,0.21607021262922654
18.035900592803955,0.17519662460895552,-0.0012798762744170925,0.2160455310930815
18.035900592803955,0.17525933800711802,-0.0012798766447058817,0.21602102107808044
18.035900592803955,0.17532147141943002,-0.0012798768241035936,0.2159966817861821
18.035900592803955,0.17538303021392626,-0.001279876825052123,0.21597251241486373
18.035900592803955,0.17544401970924436,-0.0012798766601375376,0.21594851215735025
18.035900592803955,0.1755044451750675,-0.0012798763419707045,0.21592468020284217
18.035900592803955,0.17556431183256332,-0.0012798758830791929,0.21590101573673431
18.035900592803955,0.17562362485482003,-0.0012798752958096266,0.21587751794083399
18.035900592803955,0.1756823893672778,-0.0012798745922458846,0.21585418599356862
18.035900592803955,0.1757406104481572,-0.0012798737841378006,0.21583101907019395
18.035900592803955,0.17579829312888406,-0.0012798728828377036,0.21580801634299351
18.035900592803955,0.17585544239451079,-0.0012798718992504295,0.21578517698147587
18.035900592803955,0.1759120631841339,-0.0012798708437922399,0.21576250015256568
18.035900592803955,0.17596816039130803,-0.0012798697263589273,0.21573998502079034
18.035900592803955,0.17602373886445702,-0.0012798685563000338,0.2157176307484639
18.035900592803955,0.176078803407281,-0.0012798673424015868,0.21569543649586415
18.035900592803955,0.17613335877916036,-0.0012798660928754688,0.2156734014214075
18.035900592803955,0.17618740969555607,-0.0012798648153575856,0.2156515246818186
18.035900592803955,0.176240960828407,-0.0012798635169053024,0.21562980543229607
18.035900592803955,0.17629401680652312,-0.0012798622040026478,0.21560824282667385
18.035900592803955,0.17634658221597657,-0.0012798608825724082,0.21558683601757994
18.035900592803955,0.17639866160048834,-0.0012798595579894857,0.21556558415658955
18.035900592803955,0.17645025946181203,-0.0012798582350949557,0.21554448639437596
18.035900592803955,0.17650138026011486,-0.0012798569182171475,0.21552354188085612
18.035900592803955,0.17655202841435447,-0.0012798556111929538,0.21550274976533457
18.035900592803955,0.17660220830265339,-0.0012798543173900521,0.21548210919664137
18.035900592803955,0.17665192426266968,-0.0012798530397310076,0.21546161932326943
18.035900592803955,0.1767011805919649,-0.0012798517807193419,0.21544127929350557
18.035900592803955,0.17674998154836885,-0.0012798505424660156,0.21542108825555997
18.035900592803955,0.17679833135034068,-0.0012798493267132706,0.21540104535769233
18.035900592803955,0.17684623417732775,-0.001279848134864401,0.2153811497483337
18.035900592803955,0.17689369417012052,-0.0012798469680090838,0.2153614005762061
18.035900592803955,0.17694071543120515,-0.0012798458269479042,0.21534179699043882
18.035900592803955,0.17698730202511276,-0.0012798447122190047,0.2153223381406817
18.035900592803955,0.17703345797876552,-0.0012798436241251016,0.2153030231772148
18.035900592803955,0.17707918728181962,-0.0012798425627545927,0.21528385125105656
19.035900592803955,0.1771244938870063,-0.0012798415280061808,0.21526482151406762
19.035900592803955,0.17716938171046878,-0.0012798405196092454,0.2152459331190528
19.035900592803955,0.17721385463209655,-0.0012798395371476957,0.21522718521986023
19.035900592803955,0.17725791649585715,-0.0012798385800770057,0.21520857697147722
19.035900592803955,0.17730157111012457,-0.0012798376477461786,0.21519010753012385
19.035900592803955,0.1773448222480054,-0.0012798367394131344,0.21517177605334478
19.035900592803955,0.17738767364766156,-0.0012798358542607455,0.21515358170009682
19.035900592803955,0.1774301290126304,-0.0012798349914136947,0.2151355236308356
19.035900592803955,0.17747219201214204,-0.001279834149950143,0.2151176010075992
19.035900592803955,0.17751386628143384,-0.0012798333289157707,0.21509981299408903
19.035900592803955,0.17755515542206263,-0.001279832527334216,0.21508215875574938
19.035900592803955,0.17759606300221345,-0.0012798317442187061,0.21506463745984367
19.035900592803955,0.17763659255700584,-0.0012798309785819265,0.21504724827552932
19.035900592803955,0.17767674758879753,-0.0012798302294434322,0.21502999037392934
19.035900592803955,0.17771653156748574,-0.001279829495835206,0.2150128629282035
19.035900592803955,0.1777559479308049,-0.0012798287768111885,0.21499586511361551
19.035900592803955,0.17779500008462318,-0.001279828071451418,0.21497899610759935
19.035900592803955,0.17783369140323452,-0.001279827378865589,0.21496225508982358
19.035900592803955,0.17787202522965012,-0.0012798266981995307,0.21494564124225296
19.035900592803955,0.17791000487588582,-0.0012798260286350609,0.2149291537492089
19.035900592803955,0.1779476336232473,-0.001279825369393254,0.21491279179742753
19.035900592803955,0.17798491472261332,-0.0012798247197390936,0.21489655457611623
19.035900592803955,0.1780218513947158,-0.00127982407897783,0.21488044127700826
19.035900592803955,0.1780584468304176,-0.0012798234464602813,0.2148644510944154
19.035900592803955,0.17809470419098783,-0.001279822821581695,0.21484858322527955
19.035900592803955,0.1781306266083748,-0.0012798222037804334,0.2148328368692217
19.035900592803955,0.17816621718547643,-0.0012798215925382307,0.21481721122859
19.035900592803955,0.17820147899640792,-0.0012798209873789816,0.21480170550850572
19.035900592803955,0.17823641508676807,-0.0012798203878684362,0.21478631891690814
19.035900592803955,0.17827102847390175,-0.0012798197936126146,0.21477105066459737
19.035900592803955,0.178305322147161,-0.001279819204256901,0.21475589996527594
19.035900592803955,0.17833929906816393,-0.0012798186194830606,0.21474086603558873
19.035900592803955,0.17837296217105003,-0.0012798180390082674,0.2147259480951617
19.035900592803955,0.17840631436273519,-0.001279817462583762,0.21471114536663943
19.035900592803955,0.17843935852316214,-0.0012798168899925307,0.21469645707572013
19.035900592803955,0.17847209750555043,-0.0012798163210469074,0.21468188245119058
19.035900592803955,0.17850453413664358,-0.0012798157555870826,0.2146674207249592
19.035900592803955,0.17853667121695327,-0.0012798151934787227,0.2146530711320876
19.035900592803955,0.17856851152100275,-0.0012798146346110935,0.21463883291082153
19.035900592803955,0.1786000577975667,-0.00127981407889435,0.2146247053026201
19.035900592803955,0.17863131276990962,-0.0012798135262598112,0.2146106875521834
19.035900592803955,0.178662279136022,-0.001279812976654967,0.2145967789074799
19.035900592803955,0.17869295956885417,-0.0012798124300437107,0.214582978619772
19.035900592803955,0.17872335671654813,-0.0012798118864045492,0.2145692859436403
19.035900592803955,0.17875347320266727,-0.0012798113457273656,0.214555700137008
19.035900592803955,0.17878331162642408,-0.001279810808012493,0.21454222046116242
19.035900592803955,0.17881287456290546,-0.0012798102732710925,0.21452884618077664
19.035900592803955,0.1788421645632965,-0.0012798097415218923,0.21451557656392983
19.035900592803955,0.17887118415510178,-0.0012798092127918013,0.21450241088212663
19.035900592803955,0.1788999358423649,-0.0012798086871106153,0.2144893484103154
19.035900592803955,0.17892842210588564,-0.0012798081645126781,0.21447638842690536
19.035900592803955,0.17895664540343592,-0.0012798076450369136,0.21446353021378348
19.035900592803955,0.17898460816997286,-0.001279807128724851,0.21445077305632917
19.035900592803955,0.17901231281785046,-0.001279806615618856,0.21443811624342965
19.035900592803955,0.1790397617370293,-0.0012798061057618347,0.21442555906749364
19.035900592803955,0.17906695729528405,-0.0012798055991956638,0.21441310082446308
19.035900592803955,0.17909390183840945,-0.001279805095963954,0.21440074081382657
19.035900592803955,0.179120597690424,-0.0012798045961088557,0.21438847833862962
19.035900592803955,0.17914704715377222,-0.001279804099670049,0.2143763127054855
19.035900592803955,0.17917325250952454,-0.0012798036066861244,0.21436424322458425
19.035900592803955,0.1791992160175761,-0.0012798031171931158,0.21435226920970232
19.035900592803955,0.1792249399168427,-0.0012798026312243749,0.21434038997820992
19.035900592803955,0.17925042642545613,-0.0012798021488099158,0.21432860485107907
19.035900592803955,0.17927567774095649,-0.0012798016699768974,0.21431691315288948
19.035900592803955,0.17930069604048404,-0.0012798011947500708,0.21430531421183507
19.035900592803955,0.17932548348096788,-0.0012798007231512344,0.21429380735972908
19.035900592803955,0.17935004219931433,-0.0012798002551972429,0.21428239193200865
19.035900592803955,0.17937437431259237,-0.0012797997909027685,0.21427106726773898
19.035900592803955,0.1793984819182179,-0.0012797993302785908,0.2142598327096165
19.035900592803955,0.17942236709413667,-0.001279798873334563,0.21424868760397145
19.035900592803955,0.17944603189900465,-0.0012797984200767568,0.21423763130077067
19.035900592803955,0.17946947837236762,-0.0012797979705060566,0.2142266631536182
19.035900592803955,0.17949270853483834,-0.0012797975246226709,0.21421578251975748
19.035900592803955,0.17951572438827285,-0.0012797970824236157,0.2142049887600705
19.035900592803955,0.17953852791594427,-0.0012797966439020356,0.21419428123907888
19.035900592803955,0.1795611210827162,-0.0012797962090489064,0.21418365932494224
19.035900592803955,0.17958350583521293,-0.0012797957778559119,0.2141731223894579
19.035900592803955,0.17960568410198957,-0.0012797953503094345,0.21416266980805895
19.035900592803955,0.17962765779369966,-0.0012797949263935737,0.21415230095981191
19.035900592803955,0.1796494288032619,-0.001279794506090639,0.2141420152274145
19.035900592803955,0.17967099900602454,-0.001279794089382759,0.21413181199719222
19.035900592803955,0.17969237025992912,-0.0012797936762488464,0.2141216906590957
19.035900592803955,0.1797135444056721,-0.0012797932666674394,0.2141116506066952
19.035900592803955,0.17973452326686512,-0.001279792860614623,0.2141016912371783
19.035900592803955,0.17975530865019396,-0.0012797924580660175,0.21409181195134358
19.035900592803955,0.1797759023455759,-0.001279792058995699,0.21408201215359574
19.035900592803955,0.17979630612631547,-0.0012797916633775948,0.2140722912519406
19.035900592803955,0.17981652174925938,-0.0012797912711841955,0.21406264865797905
