time,servo1,servo2,servo3,servo4,servo5,servo6,servo7
-0.9640994071960449,9.311038858669903e-06,0.004778349785069468,0.004949560542882202,-6.765460025869459e-08,1.6621154582224363e-05,-3.4428222264574924e-09,-3.97274753769004e-08
-0.9640994071960449,1.0271916850523066e-05,0.005350931375335415,0.005512007523089114,-6.766529409352185e-08,1.6621605578392098e-05,-3.4411642158594613e-09,-3.381787761605645e-08
-0.9640994071960449,1.1159720638912552e-05,0.0059185983798617755,0.006068981697806782,-6.766329604045991e-08,1.6621635504486734e-05,-3.4426078387407175e-09,-3.180203980412082e-08
-0.9640994071960449,1.1976739048394523e-05,0.006481390669597651,0.0066205348523120525,-6.765546659365797e-08,1.6621753426140506e-05,-3.4461256023644096e-09,-3.259021123957839e-08
-0.9640994071960449,1.155966095283106e-05,0.007052538362952642,0.007196185753866657,-3.7733045349082126e-08,3.9144677870865265e-05,-7.590506786829868e-08,0.010868382542341555
0.03590059280395508,1.2214248716570426e-05,0.007642883146122657,0.007781047158238694,-1.6602172967920335e-07,7.93581607945521e-05,3.3437546433085893e-08,0.017883998800184497
0.03590059280395508,1.338511469037334e-05,0.008234670708255074,0.008367480800558004,-1.65728265292424e-07,0.00011339332932107366,2.4690401969377457e-08,0.019575231055828365
0.03590059280395508,1.4602196778724281e-05,0.008822012016002155,0.008948954322217649,-1.5060216265706531e-07,0.00016568147686153733,6.552046302518278e-09,0.019918816634902293
0.03590059280395508,1.5773735547390587e-05,0.009403597405062518,0.009526674788910247,-1.4269652528000984e-07,0.0002285038786750383,-3.0205811852123668e-09,0.019984742084270583
0.03590059280395508,1.6858332153212758e-05,0.009978818282720145,0.010100240741111561,-1.3972489291871774e-07,0.00030459529935076483,-6.99316677548023e-09,0.019997115143076314
0.03590059280395508,1.7850020834246123e-05,0.010547439068511334,0.010670017027081279,-1.3890011325415114e-07,0.00039247316748784066,-8.603170321389386e-09,0.01999941862603375
0.03590059280395508,1.8745480975133386e-05,0.011109222922064356,0.01123633413971462,-1.389049978518585e-07,0.0004923327855792229,-9.363684914907165e-09,0.019999848626348952
0.03590059280395508,1.9545957928448753e-05,0.011663998567205406,0.011799319148500652,-1.3915668638180717e-07,0.0006041395709967469,-9.787212612727e-09,0.019999931154949895
0.03590059280395508,2.0252215513209805e-05,0.012211540689048346,0.012359490665473717,-1.3958617200481144e-07,0.0007282341321166234,-1.0166818633616466e-08,0.01999995015302286
0.03590059280395508,2.0865954133095982e-05,0.012751680662920421,0.012916832905120237,-1.3999790500373587e-07,0.0008652971253125282,-1.0458634582742816e-08,0.0199999567487947
0.03590059280395508,2.1396195689674104e-05,0.013284290765210652,0.01347168036690244,-1.4039480396877295e-07,0.001013527300498099,-1.0706406349151422e-08,0.01999996069640154
0.03590059280395508,2.1844233903407015e-05,0.013809142263845761,0.014024488798399999,-1.4087902075938157e-07,0.0011734014287204922,-1.0999269671808771e-08,0.019999964699721012
0.03590059280395508,2.2212206166572377e-05,0.01432608069136094,0.014575234731424856,-1.4131681537295267e-07,0.0013455405528181388,-1.1238144995559e-08,0.019999968071685654
0.03590059280395508,2.2504157946779228e-05,0.014834921467749033,0.015124430954695062,-1.4182981153288965e-07,0.0015295401532120687,-1.1511048688442216e-08,0.019999971723569137
0.03590059280395508,2.2723306446784404e-05,0.015335517758109748,0.015672060065964367,-1.422854681209517e-07,0.0017256049789203553,-1.1724570410655293e-08,0.019999974714114657
0.03590059280395508,2.2875918737955197e-05,0.015827716416382434,0.016218554548893028,-1.4277679461485166e-07,0.0019326483170272407,-1.1943606077114582e-08,0.01999997765075468
0.03590059280395508,2.295906301703516e-05,0.016311282929893922,0.01676425537468334,-1.433684882234855e-07,0.0021522468499275203,-1.2204037894759214e-08,0.01999998096922354
0.03590059280395508,2.298178069631461e-05,0.01678617810723665,0.017308858847659567,-1.4375808562351278e-07,0.0023830180849274975,-1.2320169001310596e-08,0.019999982782970067
0.03590059280395508,2.2946673215610185e-05,0.017252155265280754,0.017853439423335105,-1.444099717129096e-07,0.0026242712708859747,-1.2573033094561453e-08,0.01999998578409555
0.03590059280395508,2.2846428024186574e-05,0.01770903008315512,0.018397580969368874,-1.4498468094399064e-07,0.0028792084512616676,-1.2754023964017338e-08,0.01999998811460846
0.03590059280395508,2.2690559908106236e-05,0.018156720010188435,0.01894169606035617,-1.455441642966846e-07,0.003145468217555908,-1.2905197805150965e-08,0.01999999006717792
0.03590059280395508,2.2486521819453632e-05,0.01859510686624963,0.01948591687389084,-1.4604697240367517e-07,0.0034217684081688455,-1.3008321404133185e-08,0.019999991414021413
0.03590059280395508,2.223559048858363e-05,0.019024003971499465,0.02003070846756535,-1.4666306291135608e-07,0.0037082332050014577,-1.3148222629645441e-08,0.019999992963412667
0.03590059280395508,2.1927008986262308e-05,0.01944316264644204,0.02057634579455601,-1.474417889312111e-07,0.004008057540927592,-1.3336219430676243e-08,0.019999994906789442
0.03590059280395508,2.156803452456881e-05,0.019852576360843928,0.021122417948991674,-1.4795684954144865e-07,0.004319974267182787,-1.3379581358973784e-08,0.01999999554574459
0.03590059280395508,2.1168527697304075e-05,0.020252092307893273,0.021669837289324496,-1.4863406390359352e-07,0.00464119204420852,-1.3476254069568374e-08,0.019999996451563234
0.03590059280395508,2.072210821834671e-05,0.02064150421568442,0.022218522568527046,-1.4933485777640932e-07,0.004974254751989999,-1.3556377795794894e-08,0.01999999708594253
0.03590059280395508,2.0231923591247152e-05,0.021020720281449804,0.022768630596554495,-1.50006443444595e-07,0.005318544924768849,-1.3601451346694996e-08,0.01999999734643707
0.03590059280395508,1.9698520334878287e-05,0.02138958161705259,0.023320539190301637,-1.507620757480273e-07,0.005674006239013668,-1.365397471528561e-08,0.019999997527753686
0.03590059280395508,1.912024639248667e-05,0.021747942063257558,0.023874327674876312,-1.5151946685775018e-07,0.006041363288780298,-1.3681219282289399e-08,0.019999997388059052
0.03590059280395508,1.85072553856675e-05,0.02209576716591275,0.024429978640202996,-1.5211602026342074e-07,0.006418514672190771,-1.3635938889704196e-08,0.019999996601929478
0.03590059280395508,1.785642935135242e-05,0.022432815525796616,0.024988329995221655,-1.530291954617738e-07,0.006806097248492132,-1.3665616059554289e-08,0.0199999961094681
0.03590059280395508,1.7169749283698168e-05,0.022759061367594265,0.025548653122163367,-1.536148202261737e-07,0.007204828273274516,-1.3575062957820829e-08,0.019999994709082196
0.03590059280395508,1.6443182009773144e-05,0.02307425298129285,0.0261122920278197,-1.54692410837035e-07,0.007614456102905512,-1.3594431485820987e-08,0.01999999376423469
0.03590059280395508,1.5672380974949794e-05,0.023378335669829102,0.026678230253510456,-1.5537754093490444e-07,0.008037294680812372,-1.3484703059305928e-08,0.01999999194517287
0.03590059280395508,1.4873254767290087e-05,0.023671260085627158,0.027247377835573405,-1.5615914760382122e-07,0.008468557352416261,-1.3382941007891847e-08,0.019999990058307836
0.03590059280395508,1.4040855818409734e-05,0.023952813086506042,0.02781983437039294,-1.5704621662934615e-07,0.008910461371730792,-1.3278268757077035e-08,0.01999998782476772
0.03590059280395508,1.317973411204842e-05,0.024222960534145455,0.028395437543278123,-1.5776808305096213e-07,0.00936242705604739,-1.3118279252372371e-08,0.01999998518980017
0.03590059280395508,1.2282271963473804e-05,0.0244814673214545,0.028975070201731172,-1.5888897990331576e-07,0.009825547335921036,-1.3004714215125692e-08,0.01999998235406028
0.03590059280395508,1.1344583511827954e-05,0.02472828097550257,0.029558039167829262,-1.596956153290678e-07,0.010301425369819671,-1.2811102577792389e-08,0.019999979104082043
0.03590059280395508,1.038253391271224e-05,0.024963385239405483,0.030144926719771457,-1.6047374313058398e-07,0.010785621012794707,-1.2598515518129622e-08,0.0199999757331908
0.03590059280395508,9.386781319614934e-06,0.025186505802528507,0.0307362768248723,-1.6160361417711607e-07,0.011280798550250883,-1.2404168170492809e-08,0.01999997178924253
0.03590059280395508,8.367938099927423e-06,0.02539773164534307,0.0313311584277402,-1.6214581029987878e-07,0.011785795580580554,-1.2121205290598625e-08,0.01999996783619116
0.03590059280395508,7.322603771327638e-06,0.025596788879330826,0.0319312847968017,-1.6343507008729855e-07,0.01229981872799616,-1.189047012374198e-08,0.01999996309947135
0.03590059280395508,6.2388223279424e-06,0.02578359781207737,0.03253541736493568,-1.642882278854954e-07,0.01282750173384857,-1.1590063258342508e-08,0.01999995816189211
0.03590059280395508,5.132919700112127e-06,0.025958186060003816,0.03314430411890564,-1.6512819494721885e-07,0.013363345679428968,-1.1275246842904086e-08,0.019999953255280877
0.03590059280395508,4.000800792231384e-06,0.026120332017440115,0.033758289504121734,-1.6620039668614227e-07,0.013909210388428638,-1.094653862003045e-08,0.01999994758580773
0.03590059280395508,2.8442109027334697e-06,0.026270008471904638,0.03437699546573622,-1.6702318416568838e-07,0.014465452581358408,-1.0584033105932794e-08,0.019999941896793445
0.03590059280395508,1.6628857101480396e-06,0.02640707848670052,0.035001154719676526,-1.6811787941171324e-07,0.015031293347971307,-1.0204907566781616e-08,0.01999993548224292
0.03590059280395508,4.534386177943822e-07,0.0265314533184577,0.03563043980989228,-1.690566232998056e-07,0.015608297760054025,-9.797629900559936e-09,0.019999928902739713
0.03590059280395508,-7.797330847539228e-07,0.026643073805960548,0.03626522087785672,-1.7001728102240317e-07,0.01619479829736684,-9.36916464341526e-09,0.019999922064579154
0.03590059280395508,-2.0397847024675467e-06,0.026741795353942853,0.03690570653723521,-1.7108135302908394e-07,0.01679178833648258,-8.911996037829649e-09,0.019999914571995552
0.03590059280395508,-3.317793093105662e-06,0.02682763333432913,0.03755160555708321,-1.7182371153852182e-07,0.017397897876334688,-8.445514776981358e-09,0.019999907580000434
0.03590059280395508,-4.617169982085531e-06,0.026900390323012943,0.038203838652753626,-1.7302670316363823e-07,0.018013302624187343,-7.930202588846894e-09,0.019999899025811455
0.03590059280395508,-5.932308604940696e-06,0.0269601032875776,0.0388614871040371,-1.7367156498693637e-07,0.01863859624998097,-7.4262975279216e-09,0.01999989155398802
0.03590059280395508,-7.269664559742373e-06,0.02700655529270394,0.03952596178066556,-1.750087357852405e-07,0.01927316999994041,-6.8425766207503e-09,0.019999881763743444
0.03590059280395508,-8.632582196014202e-06,0.027039735443355854,0.0401961190069945,-1.7577147541521523e-07,0.019919741328156177,-6.282016997496192e-09,0.019999873128380627
0.03590059280395508,-1.001348524373638e-05,0.02705959130603407,0.0408729572598289,-1.7677308452527904e-07,0.02057435089397734,-5.67805308830758e-09,0.01999986373601599
0.03590059280395508,-1.1421032450732042e-05,0.027065930260931247,0.041556419486495806,-1.7787986742044915e-07,0.02124031123015867,-5.027625362194442e-09,0.01999985325869179
0.03590059280395508,-1.2839644549677015e-05,0.027058872266419464,0.042245993219165674,-1.7839530923092753e-07,0.021914564706462816,-4.438410187900688e-09,0.019999844813097335
0.03590059280395508,-1.4260196270179826e-05,0.02703827752352724,0.04294274589426354,-1.7935451565204093e-07,0.0225949882487033,-3.761524999856071e-09,0.01999983447863814
0.03590059280395508,-1.5705890225913703e-05,0.027003877835808848,0.04364663710874792,-1.806514271508298e-07,0.023288306871025323,-2.9850520067842657e-09,0.019999821588574156
0.03590059280395508,-1.7171449509434194e-05,0.02695583536436294,0.044356854111794526,-1.8118892749162776e-07,0.02399228862600634,-2.321478369201561e-09,0.019999811715271768
0.03590059280395508,-1.8648438650024898e-05,0.02689403035996544,0.04507465113468977,-1.8215910160853045e-07,0.024703153967006623,-1.5561706970232142e-09,0.019999800061541555
0.03590059280395508,-2.0140870713691384e-05,0.026818320005916135,0.04579956038894118,-1.8302266208985487e-07,0.025424694246763264,-7.748418784792647e-10,0.019999787944882382
0.03590059280395508,-2.1646256240071725e-05,0.026728705891350735,0.046531740725484806,-1.8377925614571404e-07,0.02615536109403108,9.36283615425979e-12,0.019999776031914537
0.03590059280395508,-2.3172448576898375e-05,0.026625017990751433,0.04727168118467479,-1.8483021255838712e-07,0.026896484622763256,8.975552131080397e-10,0.019999762063608675
0.03590059280395508,-2.4718149509645874e-05,0.026507262177802735,0.04801886656022333,-1.8547161439667899e-07,0.027648301196734636,1.715229645709097e-09,0.019999749668347562
0.03590059280395508,-2.6240057293263114e-05,0.02637570292906184,0.048772995286160574,-1.8530130740131966e-07,0.028402251078011257,2.3225564910717165e-09,0.019999742221948644
0.03590059280395508,-2.7759105133271293e-05,0.026229779115587805,0.04953645510136332,-1.8695024475646099e-07,0.029163954351008627,3.4879603078072914e-09,0.019999723486162906
0.03590059280395508,-2.9286789864345856e-05,0.026069655491888232,0.050306370968017274,-1.8716900072358285e-07,0.02994052452144314,4.284579148153361e-09,0.019999711112981516
0.03590059280395508,-3.082755197795972e-05,0.02589529506826735,0.05108499747854921,-1.8811206078258154e-07,0.030723882524853325,5.31631024299691e-09,0.019999695352239267
0.03590059280395508,-3.237814926175729e-05,0.02570660652792272,0.05187121488042678,-1.8854944210205076e-07,0.03151801768875849,6.2267123773328435e-09,0.01999968162931467
0.03590059280395508,-3.3934646427993196e-05,0.025503570293287734,0.05266574469192099,-1.8911373924276672e-07,0.03231970455539395,7.207202330132925e-09,0.01999966703553117
0.03590059280395508,-3.5491725503970536e-05,0.02528611753617269,0.05346839807267366,-1.8954808440997923e-07,0.033129960947403704,8.180393002825802e-09,0.019999652542306196
0.03590059280395508,-3.70544613991704e-05,0.025054140390047663,0.054279581642502225,-1.9017957690465742e-07,0.033949541078006025,9.269603010230708e-09,0.019999635952638123
0.03590059280395508,-3.862087812368722e-05,0.024807650693791865,0.055098904790266766,-1.9047508984849172e-07,0.03477859971151586,1.026641583093009e-08,0.019999621040223493
0.03590059280395508,-4.018444665104518e-05,0.024546628666953653,0.05592677829711114,-1.907785950334245e-07,0.03561482384069819,1.1297400679564045e-08,0.01999960589294414
0.03590059280395508,-4.17463204023829e-05,0.02427094712720883,0.05676337413249316,-1.9121139143766022e-07,0.036459986083828486,1.2432093583572612e-08,0.019999588804318975
0.03590059280395508,-4.3311166116964056e-05,0.023980564716091765,0.05760856893795597,-1.9152388512678937e-07,0.037315181692295384,1.3561819045377935e-08,0.01999957169294378
0.03590059280395508,-4.4865670517554076e-05,0.023675588388157188,0.05846214041244311,-1.913949178036428e-07,0.03817702973185976,1.4513608499186467e-08,0.019999558078911156
0.03590059280395508,-4.644715922812153e-05,0.023355492770718723,0.05932600064122571,-1.9268984128128214e-07,0.03905222109627791,1.6240210851074915e-08,0.01999953076442415
0.03590059280395508,-4.799490019872717e-05,0.02302113063952216,0.060195707039116315,-1.9074503200091267e-07,0.03993223504369546,1.632567650333189e-08,0.01999953172340978
0.03590059280395508,-4.952155815041579e-05,0.02267176508392508,0.06107767691733558,-1.921894709237004e-07,0.04081138604194389,1.8215893157200466e-08,0.019999504027473528
0.03590059280395508,-5.103035627533273e-05,0.022307402344961504,0.06196679309946125,-1.9178633548161694e-07,0.04171009144078201,1.924802208043801e-08,0.019999487174801902
0.03590059280395508,-5.25387982224109e-05,0.02192829706921697,0.06286546812984975,-1.9169313159050343e-07,0.04261331278131577,2.0436379335325537e-08,0.019999469918166108
0.03590059280395508,-5.40352943875758e-05,0.021534241014912203,0.06377333493864003,-1.9156682130402958e-07,0.043524984056631286,2.167010261083734e-08,0.01999945172914779
0.03590059280395508,-5.551897991978133e-05,0.021125237128529824,0.06469036499700528,-1.9130085964727028e-07,0.04444487718252101,2.2874219023053997e-08,0.01999943396557892
0.03590059280395508,-5.699578339674037e-05,0.020701182874844456,0.06561693906998992,-1.9117793130860736e-07,0.045373837091292925,2.4236161401857015e-08,0.019999413603983638
0.03590059280395508,-5.846121485813431e-05,0.020262135635645617,0.0665525559678458,-1.906458233644603e-07,0.04631137839988753,2.537911299773018e-08,0.019999396798284268
0.03590059280395508,-5.991193666530248e-05,0.019808045570984645,0.06749783554716929,-1.9023926518081996e-07,0.047255460210422304,2.6657515450303123e-08,0.019999378264318118
0.03590059280395508,-6.135093779980209e-05,0.019338772734760246,0.06845279988697207,-1.8990642445753616e-07,0.04820933727400126,2.8081257371800325e-08,0.019999356954356656
0.03590059280395508,-6.275852641026626e-05,0.018854597342669362,0.06941646177719553,-1.8873961652131002e-07,0.04916832012879158,2.889327638813923e-08,0.019999345821382606
0.03590059280395508,-6.41395887812194e-05,0.01835519827654992,0.07039088862461931,-1.8855633060082267e-07,0.05013271519803879,3.055955452776942e-08,0.019999321591660752
0.03590059280395508,-6.549397994153976e-05,0.017840597021403785,0.0713743009238561,-1.8771124155875585e-07,0.05110949133325429,3.181114250540842e-08,0.01999930235923957
0.03590059280395508,-6.683493627007177e-05,0.017310868874279673,0.07236760637227477,-1.869069180010939e-07,0.0520930070162754,3.312737775738902e-08,0.01999928312825576
0.03590059280395508,-6.815427540294546e-05,0.016765944272742538,0.07337066170491693,-1.8599164863063364e-07,0.05308414298445636,3.442114148852085e-08,0.019999264291674975
0.03590059280395508,-6.944233753531265e-05,0.016205884159653766,0.07438334432941375,-1.8485723521724805e-07,0.05408111834576922,3.556514698055104e-08,0.019999247994478594
0.03590059280395508,-7.070364758689259e-05,0.015630501918632463,0.07540643063526095,-1.8405761516179663e-07,0.05508607679708448,3.715715783166121e-08,0.019999224585464638
0.03590059280395508,-7.194073152773961e-05,0.01503984784633316,0.07643904877844415,-1.828497734182396e-07,0.05610128928609382,3.844254041425668e-08,0.019999205243440378
1.035900592803955,-7.315735218387628e-05,0.014433972231479061,0.07748169480480181,-1.815881360316634e-07,0.05712269467836386,3.9710842127139884e-08,0.019999186988790572
1.035900592803955,-7.434946883340477e-05,0.0138127437324619,0.07853461311721173,-1.8039688439393636e-07,0.05815203279724626,4.117995356235616e-08,0.019999165564458292
1.035900592803955,-7.551103512983349e-05,0.013176252001533911,0.07959724841488071,-1.788721159680768e-07,0.0591887632070249,4.233495413527969e-08,0.019999148789244577
1.035900592803955,-7.664028185518807e-05,0.012524454194342668,0.08067025579903807,-1.7744640443316648e-07,0.060231065099033816,4.369586544330566e-08,0.019999129382493458
1.035900592803955,-7.773394765086544e-05,0.01185726533031911,0.08175348698209632,-1.759619366716765e-07,0.06128194470432776,4.514279820878856e-08,0.019999108104525116
1.035900592803955,-7.880221730168287e-05,0.01117465819500732,0.08284699954055433,-1.7439812394298317e-07,0.06234230233343167,4.662951770546821e-08,0.019999085987168715
1.035900592803955,-7.982972779427616e-05,0.010476953364873358,0.08394984407201951,-1.7229668440186199e-07,0.06340571864655112,4.7248261066078146e-08,0.019999077796198663
1.035900592803955,-8.081378917710047e-05,0.009763771613011545,0.08506428079277865,-1.7086138897613177e-07,0.06447347197232173,4.9127811715476334e-08,0.019999051348516563
1.035900592803955,-8.174517314445931e-05,0.00903519349065259,0.0861881928232531,-1.6886357242032817e-07,0.06555325826073713,5.0340524643130485e-08,0.01999903257503322
1.035900592803955,-8.265095925441862e-05,0.008291280097432593,0.08732274779375498,-1.6695127909800915e-07,0.066639169006213,5.175015553993536e-08,0.019999012144253425
1.035900592803955,-8.35177132554818e-05,0.007532060421484314,0.08846735520431917,-1.6482810051243947e-07,0.067731341205436,5.2847324284871494e-08,0.01999899642337956
1.035900592803955,-8.436607198594764e-05,0.006757083514836685,0.08962375065873146,-1.630689947624865e-07,0.06883616771759075,5.5233121078706624e-08,0.019998961030710742
1.035900592803955,-8.517520966037378e-05,0.005967213787637596,0.0907877467083804,-1.602246592275488e-07,0.06994482874773408,5.472817586515539e-08,0.019998968280246648
1.035900592803955,-8.594873380993772e-05,0.0051618540928471185,0.091964969262681,-1.5841289862420278e-07,0.07104988559194754,5.692328002447201e-08,0.019998939654810793
1.035900592803955,-8.663735603283671e-05,0.00434096006387817,0.09315147066534568,-1.5593752654350722e-07,0.07217083399009322,5.817993340241069e-08,0.019998919546581586
1.035900592803955,-8.729708543014442e-05,0.003504790516635057,0.09434859493318039,-1.5348815819305625e-07,0.07329725077286542,5.9413541609328326e-08,0.019998901499478007
1.035900592803955,-8.792977773140866e-05,0.002652968382997164,0.09555712185198884,-1.5107528649177288e-07,0.07443525035932592,6.145959106420663e-08,0.019998871319212956
1.035900592803955,-8.852623469761746e-05,0.0017862078337231694,0.0967740032075295,-1.4824361177617603e-07,0.07557563046852694,6.11044173731744e-08,0.019998876501908697
1.035900592803955,-8.908509625032437e-05,0.0009038566280868669,0.09800409492955217,-1.4587399086747107e-07,0.07671616600873968,6.347761404855559e-08,0.019998844907660036
1.035900592803955,-8.956563958376502e-05,6.0400354324006555e-06,0.09924332318232747,-1.4298759915006545e-07,0.07787229278266086,6.448142987344958e-08,0.019998828232366612
1.035900592803955,-9.00237215145816e-05,-0.0009070036495313748,0.1004934160944621,-1.402066338962126e-07,0.07903122074009691,6.554825543060317e-08,0.019998813274403674
1.035900592803955,-9.043581009252378e-05,-0.0018354690475979145,0.1017544379845756,-1.3735302342076206e-07,0.08019654892213952,6.691861343481101e-08,0.019998793937032966
1.035900592803955,-9.080757841016923e-05,-0.0027795665926913676,0.10302668408292988,-1.3430878732007237e-07,0.08137441008827406,6.882829113504401e-08,0.019998765566974264
1.035900592803955,-9.115197750952381e-05,-0.003738636282236813,0.10430775702688479,-1.3138125247536227e-07,0.08255482993261859,6.854025388580895e-08,0.019998769393139364
1.035900592803955,-9.146046401069972e-05,-0.0047132524218224435,0.10560180204537525,-1.2836138800653184e-07,0.08373583246415045,7.069409006895313e-08,0.019998741147246108
1.035900592803955,-9.168877179232414e-05,-0.005703191247485272,0.10690504637589207,-1.2519339728589393e-07,0.08492862064948423,7.13174428338304e-08,0.019998730582252086
1.035900592803955,-9.188443641071412e-05,-0.006708451412830127,0.10821986667481026,-1.2198749437166163e-07,0.086124769040836,7.274619988497726e-08,0.019998710822085344
1.035900592803955,-9.202442323617699e-05,-0.007729023198304383,0.10954499491261117,-1.18731965063229e-07,0.08732871630197173,7.370251870465876e-08,0.01999869671820302
1.035900592803955,-9.212296045100434e-05,-0.008764873886491123,0.11088107194002805,-1.1543206723025147e-07,0.08853748361770679,7.481271009600206e-08,0.019998681165371984
1.035900592803955,-9.217160808509787e-05,-0.009815987800011493,0.11222780431706844,-1.1209510686047355e-07,0.08975194129647261,7.579488461698245e-08,0.01999866725071766
1.035900592803955,-9.217130577474039e-05,-0.010882441748711886,0.1135856285832235,-1.0858632175685233e-07,0.0909733221308175,7.711596544728712e-08,0.019998648474854025
1.035900592803955,-9.212571002357771e-05,-0.011964186595881677,0.1149540604414616,-1.0505752738015951e-07,0.0922028304616241,7.81724382351559e-08,0.019998632871387666
1.035900592803955,-9.204754100273229e-05,-0.013061123573794072,0.11633317867491154,-1.016107409657075e-07,0.09343701934289066,7.899368510493716e-08,0.019998621323119612
1.035900592803955,-9.192820837328041e-05,-0.014173280019690381,0.11772324298252873,-9.809560254923752e-08,0.0946753119351641,7.994419970281431e-08,0.019998608443262806
1.035900592803955,-9.175493707835164e-05,-0.015300819901728244,0.11912458503065122,-9.423021927310945e-08,0.09592224387249834,8.142013996385737e-08,0.019998587452194183
1.035900592803955,-9.154639830226572e-05,-0.01644330179714755,0.12053550059252213,-9.102913653124503e-08,0.09717261064408854,8.137672901716314e-08,0.019998587538517642
1.035900592803955,-9.129560302397216e-05,-0.017601078411524574,0.12195867411870862,-8.709672932161904e-08,0.09842519644101139,8.300778505951151e-08,0.01999856639268802
1.035900592803955,-9.097194071871084e-05,-0.01877406284455468,0.12339192054648132,-8.330037697784424e-08,0.09968871770445697,8.38479869037279e-08,0.019998553202225617
1.035900592803955,-8.106358796785997e-05,-0.019753027298394572,0.12435271979670369,-1.1075875356349991e-07,0.10189777876119742,-8.359538356072301e-08,0.020000417496932838
1.035900592803955,-8.056582166713787e-05,-0.02095320715078467,0.12580443513656434,-1.125227239744378e-07,0.10317617533170569,-8.439962212892211e-08,0.020000422506317284
1.035900592803955,-8.006673915634751e-05,-0.022168328021117983,0.12726756396655126,-1.1430151536338901e-07,0.10445537205015777,-8.473620361203982e-08,0.020000422657633025
1.035900592803955,-7.944746070406267e-05,-0.023398833514292974,0.1287405013908287,-1.1606257696735887e-07,0.1057499339313697,-8.581629322229084e-08,0.0200004298228603
1.035900592803955,-7.888592718833144e-05,-0.024644092436286222,0.13022564124651245,-1.1780860014247581e-07,0.1070406318876629,-8.587670432583106e-08,0.02000042672976277
1.035900592803955,-7.829802399563492e-05,-0.025904275205662672,0.1317213927884745,-1.1976468594025454e-07,0.10833337832060477,-8.618934028666866e-08,0.020000428446146933
1.035900592803955,-7.75531220415948e-05,-0.02717989134307583,0.13322663506868831,-1.216434456496239e-07,0.10964390259280325,-8.736320432855967e-08,0.020000437116909343
1.035900592803955,-7.691500040885937e-05,-0.028469948583120495,0.1347447163088611,-1.2334988603392561e-07,0.11094361194226413,-8.698411757066297e-08,0.020000430067495963
1.035900592803955,-7.610983748048004e-05,-0.02977533992216795,0.13627167838691065,-1.253900180161341e-07,0.11226146407962326,-8.810385525492503e-08,0.02000043927116402
1.035900592803955,-7.532081584256856e-05,-0.031095492957635563,0.13781049781145288,-1.2711291687045912e-07,0.11357933488549606,-8.828729603781297e-08,0.020000437420502077
1.035900592803955,-7.450606927310325e-05,-0.0324304577690216,0.13936003295564836,-1.2900812650151507e-07,0.11490104806129091,-8.860905366726307e-08,0.020000438289967344
1.035900592803955,-7.359253455419435e-05,-0.03378052842259777,0.14091964578293834,-1.3095738608690875e-07,0.1162353134557417,-8.94148981436122e-08,0.020000443454933393
1.035900592803955,-7.275864179846658e-05,-0.035145041911333226,0.14249148420145005,-1.3266604708411534e-07,0.1175623814555327,-8.912359590488338e-08,0.020000438043260176
1.035900592803955,-7.177675362897852e-05,-0.03652472519213549,0.1440724563804925,-1.3480299021643265e-07,0.11890620311136255,-9.010039043460274e-08,0.02000044598767587
1.035900592803955,-7.083995325913182e-05,-0.03791894260286716,0.14566544826055394,-1.364925163501168e-07,0.1202469098997526,-9.001477075216011e-08,0.020000442188066674
1.035900592803955,-6.981570835748059e-05,-0.039328072739760515,0.14726833127210598,-1.3852369265414268e-07,0.12159865551027187,-9.06461047157515e-08,0.02000044636341435
1.035900592803955,-6.885334102932036e-05,-0.040751588001701734,0.14888311357638667,-1.4022340343290552e-07,0.12294439710504135,-9.034604357192917e-08,0.020000441606460768
1.035900592803955,-6.775249691968892e-05,-0.04219008489746892,0.150507131384326,-1.4240034946913576e-07,0.12430517491773632,-9.116541943110207e-08,0.020000448340560764
1.035900592803955,-6.667085559734414e-05,-0.043643051847281567,0.15214279035886494,-1.4408609559888944e-07,0.12566540470449106,-9.114757232716531e-08,0.02000044541173996
1.035900592803955,-6.554630519789774e-05,-0.04511062145099325,0.15378880870691583,-1.4601548726491394e-07,0.12703157492878048,-9.14303245146736e-08,0.020000446432525718
1.035900592803955,-6.439081408248945e-05,-0.04659275384500614,0.15544551646983737,-1.478890275469642e-07,0.1284023805656307,-9.16471605932996e-08,0.020000446746324112
1.035900592803955,-6.318047095201406e-05,-0.04808950662357748,0.15711262785294433,-1.4981724931718115e-07,0.12978116001497086,-9.203178157963413e-08,0.020000448388862373
1.035900592803955,-6.200187685641246e-05,-0.04960056689688868,0.15879108377818332,-1.5149345904386497e-07,0.13115858790885404,-9.188170086857233e-08,0.020000445075963703
1.035900592803955,-6.07747228380421e-05,-0.051126134536344035,0.1604796712680018,-1.5346577192506556e-07,0.13254223743125784,-9.212101479470765e-08,0.02000044652270967
1.035900592803955,-5.95224776665075e-05,-0.052666100266551906,0.16217893048740628,-1.5529327842313035e-07,0.13392954212464914,-9.222350934822407e-08,0.020000446163970557
1.035900592803955,-5.823878515315357e-05,-0.054220425695360834,0.1638886871244835,-1.571289658569223e-07,0.13532141657467775,-9.235127039261693e-08,0.020000445989055985
1.035900592803955,-5.688665980910544e-05,-0.055789222255624396,0.16560859710250694,-1.590790268702138e-07,0.13672275788875551,-9.274367997528255e-08,0.020000447972122123
1.035900592803955,-5.556400043327726e-05,-0.05737216473745087,0.1673397781784818,-1.6065639765171955e-07,0.13812375451576622,-9.257821619194898e-08,0.020000444417927154
1.035900592803955,-5.424239288039785e-05,-0.05896928030225686,0.16908145972291383,-1.6241106185496405e-07,0.13952626799598655,-9.247818596717893e-08,0.020000442878205942
1.035900592803955,-5.291643671748914e-05,-0.06058051109352008,0.17083362399034852,-1.641476748029238e-07,0.14092934641968288,-9.232214971839798e-08,0.020000441319025192
1.035900592803955,-5.144445453923081e-05,-0.06220626062907548,0.17259491993627074,-1.664014474798653e-07,0.14234907545627315,-9.305683040425823e-08,0.020000447345631438
1.035900592803955,-5.003448315206078e-05,-0.06384587092026509,0.17436804712580894,-1.6767058086207583e-07,0.14376511931577127,-9.26672229834012e-08,0.02000044107490722
1.035900592803955,-4.859680573310474e-05,-0.0654995689886927,0.17615114763927903,-1.694847065146661e-07,0.14518661421535348,-9.271932158924723e-08,0.020000440927458098
1.035900592803955,-4.714478487370552e-05,-0.06716730778705386,0.17794468290924695,-1.7118946157053714e-07,0.14661155732687853,-9.268277900691018e-08,0.020000439948318523
1.035900592803955,-4.5692252871320314e-05,-0.06884897050883948,0.17974870205128501,-1.7279782721233577e-07,0.14803824293107887,-9.252977423857935e-08,0.020000437911495004
1.035900592803955,-4.417738016432328e-05,-0.07054470549815799,0.18156251502980897,-1.746878175360438e-07,0.14947345750164912,-9.274041081861089e-08,0.02000043930722521
1.035900592803955,-4.267737989571133e-05,-0.07225424361039692,0.18338714753967889,-1.7613612338434502e-07,0.15090946743781014,-9.252268548445873e-08,0.020000436065434595
1.035900592803955,-4.117175090619629e-05,-0.07397758960800865,0.1852219934002916,-1.7772738728377217e-07,0.1523481909413887,-9.237692649458405e-08,0.020000434295848028
1.035900592803955,-3.959076599874175e-05,-0.07571494029745499,0.18706644970583927,-1.7965944166935206e-07,0.15379738018006178,-9.266174442410835e-08,0.02000043643480019
1.035900592803955,-3.812188376971919e-05,-0.07746566111005863,0.18892261605994262,-1.80509510437957e-07,0.15523668698185866,-9.182109026664144e-08,0.02000042765512583
1.035900592803955,-3.64174889723161e-05,-0.07923078483582101,0.19078624198918917,-1.833906841082687e-07,0.1567041011877313,-9.30234711963576e-08,0.02000043914030805
1.035900592803955,-3.495348934010348e-05,-0.08100887038259137,0.19266359019094262,-1.833376154865979e-07,0.15814899908117766,-9.151574548351233e-08,0.02000042263405625
1.035900592803955,-3.348755631745347e-05,-0.08280046198606712,0.1945498075812919,-1.8497249058785974e-07,0.15959455554041266,-9.113299577638601e-08,0.02000042154908091
1.035900592803955,-3.1872771282944076e-05,-0.08460595318067735,0.1964445203187325,-1.8726051028445007e-07,0.16105506766621322,-9.161895812086424e-08,0.020000427603091567
1.035900592803955,-3.023812959691912e-05,-0.08642485997577476,0.1983498491310269,-1.8854711148193669e-07,0.16251901945051472,-9.148216248822559e-08,0.02000042469899713
1.035900592803955,-2.8592433159853485e-05,-0.08825713058785016,0.20026525989873314,-1.8988511924331613e-07,0.16398713157081468,-9.132728318214372e-08,0.020000422052977918
1.035900592803955,-2.694511133499518e-05,-0.09010275914298668,0.20219073002777269,-1.9122501169524666e-07,0.16545855549488564,-9.112533984410621e-08,0.020000419672347943
1.035900592803955,-2.5142905693006172e-05,-0.09196224559370819,0.20412480185831436,-1.9358386075699683e-07,0.1669514843548029,-9.190455463546982e-08,0.02000042609320569
1.035900592803955,-2.37389237959352e-05,-0.09383388214766358,0.20607347503945733,-1.9217402324809594e-07,0.16840446474480328,-8.938857656477955e-08,0.020000401346943444
1.035900592803955,-2.197231256351396e-05,-0.09571980696433852,0.20802634305373324,-1.9625997209503185e-07,0.16989853321568146,-9.108626476006347e-08,0.02000042144390357
1.035900592803955,-2.0404881160996345e-05,-0.09761834598804561,0.20999281326911312,-1.9585694411291467e-07,0.17137199171462605,-8.969338019263682e-08,0.020000406581239704
1.035900592803955,-1.8719472937794966e-05,-0.09953024938367902,0.21196692484424032,-1.9797677442310812e-07,0.17286099470481048,-9.002613316182228e-08,0.02000041079311043
1.035900592803955,-1.705700509405825e-05,-0.10145515060948562,0.21395160516411724,-1.9890944268171246e-07,0.1743494955548254,-8.961314859706199e-08,0.02000040661872849
1.035900592803955,-1.5398555960251913e-05,-0.10339300754269849,0.21594594281449223,-2.0002283453162543e-07,0.17584023415287328,-8.928159938482231e-08,0.02000040369038491
1.035900592803955,-1.3683480586012606e-05,-0.1053439877521618,0.21794939358971785,-2.015789218219416e-07,0.17734001378697342,-8.931570960759702e-08,0.020000404336218813
1.035900592803955,-1.2085651985838045e-05,-0.10730751604409725,0.2199639207415161,-2.0175151438145748e-07,0.17882926158297507,-8.832698218697692e-08,0.020000395092442322
1.035900592803955,-1.0397952618400313e-05,-0.10928411353071124,0.2219864442648692,-2.0360502288407418e-07,0.18033056706160805,-8.846683759380359e-08,0.020000398111385265
1.035900592803955,-8.737972473995036e-06,-0.11127338691811675,0.22401922202589566,-2.0434460152885868e-07,0.18183050402238016,-8.796605629112419e-08,0.02000039359786708
1.035900592803955,-7.009923747096026e-06,-0.11327553999899297,0.2260607052124765,-2.0587587432358067e-07,0.183340855403381,-8.802329347226936e-08,0.02000039449409488
1.035900592803955,-5.359337992148261e-06,-0.11529012967424038,0.22811280518184165,-2.0617472304345118e-07,0.18484528368862688,-8.726043524332214e-08,0.020000387234426518
1.035900592803955,-3.7241831027897512e-06,-0.11731725178535954,0.23017396620684702,-2.0706753451093225e-07,0.18635036941693747,-8.678630644958936e-08,0.020000384209979544
1.035900592803955,-1.966274112491182e-06,-0.11935727237683291,0.23224314516962416,-2.090235253881289e-07,0.18787163004947557,-8.712967072681084e-08,0.020000388499637173
2.035900592803955,-3.463413366445891e-07,-0.12140936530618165,0.23432374709878365,-2.0863115096136945e-07,0.1893797978619034,-8.600608044605788e-08,0.020000377489821038
2.035900592803955,1.3357045398574102e-06,-0.12347403230055569,0.23641215673123697,-2.1013142019376546e-07,0.190897871708705,-8.596143311411259e-08,0.02000037884850514
2.035900592803955,3.017289592472117e-06,-0.1255510663746994,0.2385100973505305,-2.109196732274083e-07,0.19241793994454193,-8.558718702569985e-08,0.020000376073851734
2.035900592803955,4.681259183320615e-06,-0.12764032125456365,0.24061738865034196,-2.1153792004773616e-07,0.19393862365369935,-8.510638611770462e-08,0.020000372208047075
2.035900592803955,6.32620268313795e-06,-0.1297417380436197,0.24273383723022313,-2.1214806459155936e-07,0.195459523210662,-8.459866303003216e-08,0.020000368583010755
2.035900592803955,7.974129744343734e-06,-0.1318553043729643,0.24485913235230933,-2.129199193740784e-07,0.19698288116120838,-8.419980753834827e-08,0.02000036619112132
2.035900592803955,9.672530248226817e-06,-0.13398109366561578,0.2469929260667417,-2.1405664257247558e-07,0.19851446184819316,-8.408641583640075e-08,0.02000036608808165
2.035900592803955,1.1373524697569092e-05,-0.13611893244813397,0.24913604033962464,-2.1468306265340593e-07,0.2000493154933906,-8.373424466211095e-08,0.020000362975800434
2.035900592803955,1.3010373612985612e-05,-0.1382685889866657,0.2512887995422708,-2.147287577041648e-07,0.20157990223293204,-8.299093816510728e-08,0.020000356658767534
2.035900592803955,1.4589032556306777e-05,-0.140430006838176,0.2534505254548728,-2.1488656400693208e-07,0.20310613389147805,-8.222659044922107e-08,0.02000035145745999
2.035900592803955,1.6322498138849672e-05,-0.1426037300809979,0.2556190460239106,-2.1700671176819995e-07,0.20465312243817724,-8.26779854160175e-08,0.020000357618668627
2.035900592803955,1.7935198145513788e-05,-0.14478890194181138,0.2577986335730097,-2.1622308817282828e-07,0.20618806756345265,-8.16109862715485e-08,0.020000347315978616
2.035900592803955,1.9550869853776584e-05,-0.14698579524341146,0.2599861399264706,-2.168627567281238e-07,0.20772674377466122,-8.119335735284261e-08,0.020000345151799635
2.035900592803955,2.1167568789284145e-05,-0.14919437501278496,0.2621822247422443,-2.1739114001882226e-07,0.20926773542974306,-8.076345228455303e-08,0.020000342843505287
2.035900592803955,2.2757797697712016e-05,-0.15141444720921296,0.2643871501474383,-2.175631740381145e-07,0.21080773248524498,-8.016698247786816e-08,0.020000338643449838
2.035900592803955,2.439031747144887e-05,-0.15364613909900826,0.2665999758066155,-2.1840775201655918e-07,0.21235535294777896,-7.99590313466771e-08,0.020000338192733832
2.035900592803955,2.5982521552880016e-05,-0.15588915673861778,0.2688220075235378,-2.183213438350771e-07,0.2139003983426062,-7.929567753418492e-08,0.02000033291018815
2.035900592803955,2.7578651114738748e-05,-0.15814355880412986,0.2710521635605263,-2.187337556208135e-07,0.21544873337138995,-7.886892131588071e-08,0.020000330432815572
2.035900592803955,2.918466420749558e-05,-0.16040931931287877,0.2732906211712627,-2.191527893077799e-07,0.21700088424265446,-7.848222174838625e-08,0.02000032820280468
2.035900592803955,3.070436306824366e-05,-0.16268607438012805,0.27553836962188616,-2.1852494115434058e-07,0.21854467689506724,-7.753896337657755e-08,0.02000032076765
2.035900592803955,3.230938066146689e-05,-0.16497424264501523,0.2777928112761834,-2.1976083889393388e-07,0.22010192805566484,-7.754769289096891e-08,0.0200003230760001
2.035900592803955,3.3867816502401945e-05,-0.16727339078031175,0.2800565782543286,-2.193928287911131e-07,0.22165536578918993,-7.683874270702744e-08,0.020000317337614686
2.035900592803955,3.541562217528859e-05,-0.16958353525214334,0.28232832607071523,-2.1948181577932788e-07,0.22321046425403449,-7.631564323551381e-08,0.020000313977019527
2.035900592803955,3.703447158991484e-05,-0.17190489971418402,0.2846073757781836,-2.2042134558173288e-07,0.22477762632078133,-7.626764285874313e-08,0.020000315037888867
2.035900592803955,3.851323275879912e-05,-0.17423681066464092,0.2868966083688084,-2.1894782199934098e-07,0.22632932683385612,-7.503469786239283e-08,0.020000304364760073
2.035900592803955,3.9949088631341646e-05,-0.17657943076385169,0.2891931514746136,-2.1874069340109364e-07,0.22787848669004043,-7.429212809394506e-08,0.02000030034944378
2.035900592803955,4.149290286404398e-05,-0.17893311559650135,0.29149591797864094,-2.2008102757858895e-07,0.2294437299570963,-7.44003614717507e-08,0.02000030405950097
2.035900592803955,4.2947047669166094e-05,-0.18129717264121858,0.29380835576554587,-2.1894512171745487e-07,0.23099869491903607,-7.341823764849389e-08,0.02000029572461343
2.035900592803955,4.443932303232818e-05,-0.18367188642747972,0.29612749323928456,-2.1939671612585784e-07,0.23256174241720304,-7.313437083977344e-08,0.02000029505055619
2.035900592803955,4.60238905090404e-05,-0.18605743443226014,0.2984537067080362,-2.2034116554870367e-07,0.2341397312242464,-7.318919945592082e-08,0.02000029680115158
2.035900592803955,4.732375226444182e-05,-0.1884526283225774,0.3007916318660855,-2.1689727006973907e-07,0.23568156931082274,-7.111855585904564e-08,0.020000278297810686
2.035900592803955,4.879319779281738e-05,-0.19085867734241518,0.3031327996493333,-2.1907761364333094e-07,0.23725034281261612,-7.15356309160485e-08,0.020000286388861376
2.035900592803955,5.0248959957364654e-05,-0.19327501278004183,0.3054829074967478,-2.1864433672084887e-07,0.2388180428018271,-7.097980807988522e-08,0.020000282483113793
2.035900592803955,5.162060676986207e-05,-0.195701259674933,0.30784147978335075,-2.1740861568205967e-07,0.24037685027302905,-7.000827824091367e-08,0.020000274689784665
2.035900592803955,5.307687307163879e-05,-0.19813790501110867,0.31020577625266965,-2.1827917813671567e-07,0.24195054904267219,-6.997942301156019e-08,0.02000027681920185
2.035900592803955,5.442831034459384e-05,-0.20058433791816457,0.3125793700515044,-2.167160760224478e-07,0.24351143158347108,-6.89052049689457e-08,0.020000268169299427
2.035900592803955,5.581664777998279e-05,-0.2030408628576112,0.3149589570263806,-2.1697531948041076e-07,0.24508084728881852,-6.860047369976405e-08,0.020000267787281926
2.035900592803955,5.717431753748921e-05,-0.20550724278915886,0.31734640778109346,-2.162894384861191e-07,0.24664803107024758,-6.793258334285945e-08,0.02000026345049657
2.035900592803955,5.8523799954931935e-05,-0.20798343634282587,0.3197408952311017,-2.1586739239420453e-07,0.24821683746389994,-6.738123163300215e-08,0.02000026031326105
2.035900592803955,5.987365893681974e-05,-0.21046941818338105,0.322142427927512,-2.155127421634981e-07,0.24978837713518523,-6.688180146296062e-08,0.020000257643857468
2.035900592803955,6.116347035033547e-05,-0.2129649282702579,0.3245517534581938,-2.1438262131321804e-07,0.25135371621431735,-6.60421703122202e-08,0.020000251781922745
2.035900592803955,6.251013184484146e-05,-0.21547024147228463,0.3269668364260062,-2.1471528276451684e-07,0.2529305927100583,-6.585067514990345e-08,0.020000252367806254
2.035900592803955,6.381867591445916e-05,-0.21798503392685606,0.3293899024600009,-2.1372012356462322e-07,0.25450411758549074,-6.514346907231152e-08,0.020000247318904065
2.035900592803955,6.500408478147533e-05,-0.22050893539616154,0.3318210375318911,-2.117469021098126e-07,0.25606210102165483,-6.394301512127578e-08,0.02000023838573112
2.035900592803955,6.626588380279514e-05,-0.22304244794080222,0.3342566863720145,-2.1236857956791412e-07,0.25763511806341566,-6.38450668914629e-08,0.020000240793799355
2.035900592803955,6.751261721653922e-05,-0.2255852205299131,0.33669989756856344,-2.1156584930822847e-07,0.25920758604806426,-6.325782296716318e-08,0.020000237136093692
2.035900592803955,6.870257730686955e-05,-0.2281370056854576,0.3391504323497405,-2.10232805426086e-07,0.26077407574664585,-6.242484979147162e-08,0.020000231241086353
2.035900592803955,6.990308358176224e-05,-0.23069795879253627,0.34160683218793936,-2.0982025985159257e-07,0.26234538517232364,-6.196515869573732e-08,0.020000229489425245
2.035900592803955,7.108746713816412e-05,-0.23326793414559416,0.3440700387280944,-2.0897267467507336e-07,0.263916691141241,-6.136392479436688e-08,0.020000226056347287
2.035900592803955,7.224596524289657e-05,-0.2358468097555271,0.34653991429353526,-2.079727742415247e-07,0.26548675031691205,-6.070394967977184e-08,0.02000022207304413
2.035900592803955,7.339253710405984e-05,-0.2384345614455637,0.34901607815778757,-2.0714821778085976e-07,0.26705790457320366,-6.0121577895626e-08,0.02000021898926509
2.035900592803955,7.451781888883878e-05,-0.24103108648200317,0.35149872796862636,-2.0616335207857588e-07,0.26862849246590503,-5.9488431859827735e-08,0.020000215392722853
2.035900592803955,7.562021428929688e-05,-0.24363629528241815,0.35398772780059723,-2.051357330225228e-07,0.27019834057830994,-5.88448623572221e-08,0.020000211757044972
2.035900592803955,7.675171585725327e-05,-0.2462502866299977,0.3564823198984639,-2.0474348751967204e-07,0.2717762298229263,-5.849278285805786e-08,0.020000210773458177
2.035900592803955,7.77522916910077e-05,-0.24887248291631087,0.35898517473209124,-2.022062986304819e-07,0.2733345970645215,-5.725095845202897e-08,0.020000201337856394
2.035900592803955,7.881062600173104e-05,-0.2515033433609069,0.3614917884507626,-2.0228100975386694e-07,0.2749071087762414,-5.704586850092286e-08,0.020000202631279725
2.035900592803955,7.982949083967282e-05,-0.254142519583128,0.3640054597122871,-2.0088020281609155e-07,0.2764750651466531,-5.632110979673681e-08,0.02000019810600099
2.035900592803955,8.08228263361346e-05,-0.25678991504366994,0.3665250349841864,-1.9965766135182886e-07,0.2780419687289839,-5.565805797858323e-08,0.020000194279899887
2.035900592803955,8.180633355553527e-05,-0.2594455313590916,0.36905027033953935,-1.9864116716313202e-07,0.27961046506306875,-5.508740515467663e-08,0.020000191490805418
2.035900592803955,8.276066242959e-05,-0.2621092252837559,0.37158158183725043,-1.9732053308514873e-07,0.2811769142687212,-5.4410158755153576e-08,0.02000018760837374
2.035900592803955,8.3704594965111e-05,-0.2647809719606204,0.37411841883600067,-1.9623350757959338e-07,0.2827449514550331,-5.383563732412469e-08,0.020000184762945364
2.035900592803955,8.461501712588148e-05,-0.26746062533677145,0.3766612627593913,-1.948023919698342e-07,0.2843101361383567,-5.313491680334854e-08,0.020000180698203508
2.035900592803955,8.549311206824711e-05,-0.27014809154140557,0.3792097380404835,-1.9338831965650724e-07,0.2858729229875789,-5.2438686286829824e-08,0.020000176852183225
2.035900592803955,8.637485712098501e-05,-0.27284340551983705,0.3817632137242347,-1.9242987700510815e-07,0.2874400926589878,-5.194559794866753e-08,0.020000174918994282
2.035900592803955,8.720934746990167e-05,-0.2755463213163344,0.3843228796092821,-1.9072223994545158e-07,0.28900151377215844,-5.1171493075346906e-08,0.020000170136354575
2.035900592803955,8.80324110913036e-05,-0.27825685490786667,0.3868874857051618,-1.895105980724931e-07,0.2905647196772093,-5.0591801793427356e-08,0.020000167423295065
2.035900592803955,8.883049891632254e-05,-0.2809748967565967,0.38945757714403695,-1.8807538398824754e-07,0.2921266443101763,-4.994310501937728e-08,0.02000016397793057
2.035900592803955,8.965406712357207e-05,-0.28370054081057683,0.3920322104560642,-1.8726372064805468e-07,0.29369753416625843,-4.95731891237573e-08,0.020000162995164158
2.035900592803955,9.033964371704488e-05,-0.28643316908142086,0.39461459655480186,-1.842210090480336e-07,0.29524371914710135,-4.829392492819016e-08,0.020000153489894437
2.035900592803955,9.109340765892901e-05,-0.28917332359970727,0.3971990068892932,-1.8408623906483843e-07,0.2968095055334267,-4.815536668053892e-08,0.020000155539038927
2.035900592803955,9.176816736697329e-05,-0.2919204870406885,0.3997904885795657,-1.8180014081811316e-07,0.29836172379297843,-4.72232930195878e-08,0.02000014929401978
2.035900592803955,9.24504267212665e-05,-0.2946747718883069,0.402385748363571,-1.8069776816217867e-07,0.29992041442505607,-4.674969502291854e-08,0.02000014765665387
2.035900592803955,9.309806381837506e-05,-0.29743601871443165,0.4049864729554344,-1.7897792209107188e-07,0.30147551901746594,-4.605620365261646e-08,0.020000143787386543
2.035900592803955,9.371072927724835e-05,-0.30020410622359034,0.4075921075515393,-1.772420185522961e-07,0.3030274334475414,-4.535259338415295e-08,0.020000139936188013
2.035900592803955,9.431547484398433e-05,-0.3029790550908677,0.4102020212617095,-1.7586259198570772e-07,0.30458219847525003,-4.480438624387392e-08,0.020000137624634814
2.035900592803955,9.48781973728131e-05,-0.30576066563728005,0.4128171716074073,-1.7397856353347543e-07,0.30613175001979254,-4.406838156079293e-08,0.02000013342741391
2.035900592803955,9.542081748201955e-05,-0.3085489080214397,0.415436595382047,-1.7238816782781932e-07,0.3076815549668455,-4.3451449749876346e-08,0.020000130492832818
2.035900592803955,9.59457457277527e-05,-0.3113437225671764,0.4180604681400018,-1.7079731245988194e-07,0.30923189503606885,-4.2853625427502026e-08,0.020000127670473048
2.035900592803955,9.642483505100851e-05,-0.3141449130060961,0.420689325770294,-1.6880237085299108e-07,0.3107760268356939,-4.2096857465333836e-08,0.020000123342174863
2.035900592803955,9.691159912636883e-05,-0.31695258321184183,0.423321625700695,-1.6751153712899445e-07,0.3123272499922676,-4.1639165532416875e-08,0.020000121912199662
2.035900592803955,9.732402569707688e-05,-0.31976636943590925,0.4259597223186846,-1.6509018333066634e-07,0.3138646691533724,-4.0727542481343054e-08,0.020000116092671757
2.035900592803955,9.773043723111228e-05,-0.32258637289399994,0.4286008485230188,-1.6361194148820144e-07,0.3154065660142462,-4.0192848186621025e-08,0.02000011417031624
2.035900592803955,9.810807381187381e-05,-0.3254124572835133,0.4312464020590417,-1.6178823037887514e-07,0.31694622427308,-3.954626303587439e-08,0.020000110978217692
2.035900592803955,9.847283931447903e-05,-0.3282445677587953,0.4338957758895787,-1.6012166402917598e-07,0.31848790812186123,-3.898049673393058e-08,0.020000108443936133
2.035900592803955,9.879515540725743e-05,-0.3310825299436266,0.43654977144085605,-1.580430714881881e-07,0.32002351202958307,-3.824824947678667e-08,0.020000104338360795
2.035900592803955,9.909309880212316e-05,-0.33392630932581113,0.4392073923155383,-1.5620652196018477e-07,0.32155836429953827,-3.7615671981413356e-08,0.020000101346645593
2.035900592803955,9.9362371782553e-05,-0.3367758111984904,0.44186891025199215,-1.5430001033421954e-07,0.3230910552129236,-3.696625671972697e-08,0.02000009818478413
2.035900592803955,9.95987177810783e-05,-0.33963091020013336,0.4445342985990088,-1.523189466097905e-07,0.32462040141240234,-3.6292790336302095e-08,0.020000094792717284
2.035900592803955,9.981189738812079e-05,-0.3424915463289959,0.44720316312993547,-1.504475377415436e-07,0.32614925715048154,-3.56762801883403e-08,0.02000009195627773
2.035900592803955,0.00010001125223156413,-0.3453576807259595,0.44987543124482354,-1.4865629892715371e-07,0.3276800874139155,-3.511403513991149e-08,0.02000008953853052
2.035900592803955,0.00010015850983604445,-0.3482290727224915,0.45255215329620957,-1.463620030860623e-07,0.32920113996691,-3.4331985221551054e-08,0.020000085038311213
2.035900592803955,0.00010028953874998588,-0.3511057475403227,0.4552315705647545,-1.4452636357776673e-07,0.3307241030083041,-3.3752525651153424e-08,0.020000082649194714
2.035900592803955,0.00010041695281826131,-0.35398771248806665,0.4579140019437388,-1.4280183246651884e-07,0.3322522555177001,-3.325431819867031e-08,0.020000080845185855
2.035900592803955,0.0001004811827239144,-0.35687462722355734,0.4606012853471428,-1.4031676597059887e-07,0.3337659426111447,-3.24084004295367e-08,0.02000007568300508
2.035900592803955,0.00010049961971977371,-0.35976639824527784,0.46329146286074036,-1.3809569813063451e-07,0.33527222757701297,-3.166019696909821e-08,0.02000007184811685
2.035900592803955,0.00010053170095536664,-0.3626631959263915,0.46598306243103205,-1.365750291447181e-07,0.3367911527312729,-3.1274016189082474e-08,0.02000007138569829
2.035900592803955,0.00010051901274157078,-0.36556470478325304,0.4686791633831347,-1.3429382678315957e-07,0.33830087480089305,-3.0552192537002043e-08,0.020000067346909994
2.035900592803955,0.00010047498636145015,-0.3684708342527997,0.4713781140116638,-1.3215196964704206e-07,0.33980681236621213,-2.9886800761653857e-08,0.020000064025278666
2.035900592803955,0.00010041055908911436,-0.3713815768426061,0.47407960527981324,-1.3014163728427943e-07,0.3413129338667533,-2.9295793606008746e-08,0.020000061492251975
2.035900592803955,0.00010032252166919197,-0.37429682972028144,0.4767840014475358,-1.2806665054038537e-07,0.3428175643764034,-2.8687391816067705e-08,0.020000058705246494
3.035900592803955,0.00010020365885150488,-0.3772164612604223,0.47949142219996055,-1.258918608251923e-07,0.34431769441984933,-2.803230610889954e-08,0.0200000554667098
3.035900592803955,0.00010005433464640245,-0.3801403697572021,0.4822015387985897,-1.2371863811909332e-07,0.3458135820569681,-2.7379615494887937e-08,0.020000052321467128
3.035900592803955,9.988551181161266e-05,-0.3830685111018043,0.4849138888367322,-1.216493244978283e-07,0.3473096709108861,-2.679539440642688e-08,0.020000049838085076
3.035900592803955,9.96926265418902e-05,-0.3860007797188451,0.48762889282036914,-1.1951109507677733e-07,0.34880351516419184,-2.6185128886192942e-08,0.020000047032236692
3.035900592803955,9.947731239658783e-05,-0.38893708998159454,0.49034636351850674,-1.1736528220911728e-07,0.35029550547142485,-2.557882043341043e-08,0.020000044251757602
3.035900592803955,9.923333999535835e-05,-0.39187732530238206,0.4930664614858603,-1.1515148623365289e-07,0.3517826278956054,-2.4934739883365576e-08,0.020000041128444574
3.035900592803955,9.897987920817801e-05,-0.3948214991170362,0.49578824577411973,-1.1308980287154264e-07,0.3532736508297007,-2.4403497466824335e-08,0.020000039099292176
3.035900592803955,9.867207039795841e-05,-0.3977692852607345,0.49851386572457823,-1.1065110240512239e-07,0.3547465528735942,-2.3607656039640598e-08,0.02000003450015047
3.035900592803955,9.834103391845387e-05,-0.40072065027491477,0.501240482792598,-1.0848260087926392e-07,0.3562183483799153,-2.3000343561408886e-08,0.020000031930006764
3.035900592803955,9.800036256178428e-05,-0.40367561005998115,0.5039683210107433,-1.0641637855131462e-07,0.35769569710335714,-2.2497868035287973e-08,0.020000030267507986
3.035900592803955,9.762828473397246e-05,-0.40663393991130503,0.5066990145766406,-1.0416744165659009e-07,0.35916532257150147,-2.185314215219072e-08,0.02000002705081111
3.035900592803955,9.724666380721617e-05,-0.40959565732458064,0.5094308568843973,-1.020320341700585e-07,0.36063898253997695,-2.1325470499386983e-08,0.020000025018743105
3.035900592803955,9.682220198041143e-05,-0.4125605052862761,0.5121659190458719,-9.970761900146108e-08,0.36209667020046066,-2.0597262983621583e-08,0.02000002101011049
3.035900592803955,9.639139856718364e-05,-0.4155285449660262,0.5149011210486724,-9.756249106403965e-08,0.363561337056213,-2.0091319458731266e-08,0.020000019304963725
3.035900592803955,9.593701030083142e-05,-0.4184996458706442,0.5176386022124324,-9.534099444730039e-08,0.36502088880173844,-1.9491108262610833e-08,0.020000016547339464
3.035900592803955,9.545626000684178e-05,-0.4214736311761327,0.5203779610721794,-9.310082834390486e-08,0.3664728033339162,-1.8858016157390323e-08,0.02000001346476499
3.035900592803955,9.496433761789652e-05,-0.4244505151661738,0.5231179878314611,-9.089468032343495e-08,0.3679278071260183,-1.8325192428762293e-08,0.02000001142278217
3.035900592803955,9.445513557008576e-05,-0.42743020112156155,0.5258597388997694,-8.867507523338874e-08,0.36938011835008805,-1.775401485981104e-08,0.02000000892075553
3.035900592803955,9.390159726353215e-05,-0.4304123205485605,0.5286044648700968,-8.645702392631471e-08,0.3708086300158742,-1.7001390566582505e-08,0.020000004593292223
3.035900592803955,9.336346510622265e-05,-0.4333971920466475,0.5313466856609634,-8.41682269605238e-08,0.3722640111056447,-1.6650396255996267e-08,0.020000004488585545
3.035900592803955,9.278828760095842e-05,-0.4363844513898316,0.5340932465793266,-8.202752408578078e-08,0.37369699714309906,-1.596013190051183e-08,0.02000000064329203
3.035900592803955,9.22055196630255e-05,-0.43937407271587714,0.5368394372005368,-7.976567570160717e-08,0.37513401980456035,-1.5429481035711518e-08,0.01999999855956501
3.035900592803955,9.16020202008023e-05,-0.4423659599866732,0.5395872758900814,-7.757513240365846e-08,0.37656265150267626,-1.4834065621750238e-08,0.01999999577200352
3.035900592803955,9.098259590337809e-05,-0.4453599822603377,0.5423357605046604,-7.53581483510398e-08,0.37798746324684035,-1.4265862382023985e-08,0.01999999327219824
3.035900592803955,9.03645602284284e-05,-0.44835627635188835,0.5450836237317666,-7.296519394458537e-08,0.3794269439010995,-1.3821803932469696e-08,0.01999999209883253
3.035900592803955,8.97026514314832e-05,-0.45135424243322403,0.5478365959376298,-7.123072802041355e-08,0.38082164725885326,-1.3036639029534807e-08,0.019999987066511266
3.035900592803955,8.904456583763613e-05,-0.45435413128928187,0.550585340966893,-6.861751232935783e-08,0.3822425582661829,-1.2619906237871316e-08,0.019999986312392283
3.035900592803955,8.836750302487974e-05,-0.4573558147663698,0.5533364486862588,-6.649891330002568e-08,0.38365420828919183,-1.2066518608912127e-08,0.01999998386820397
3.035900592803955,8.767783202489929e-05,-0.4603590762172676,0.5560882153358635,-6.437418315653623e-08,0.3850592383033749,-1.1509149639267511e-08,0.019999981335202567
3.035900592803955,8.697960584677425e-05,-0.46336393838561113,0.5588397565922879,-6.209489051094946e-08,0.38646578030280504,-1.0992006684485555e-08,0.019999979284128635
3.035900592803955,8.626759711233543e-05,-0.46637021849820626,0.5615925268874603,-6.007236186081822e-08,0.3878604483990405,-1.0427034419204095e-08,0.019999976602879145
3.035900592803955,8.554628281612176e-05,-0.46937784322325216,0.5643447721165595,-5.782824089476016e-08,0.3892545921779108,-9.904200160630658e-09,0.019999974443353094
3.035900592803955,8.481439663657687e-05,-0.47238671867733945,0.5670972994735441,-5.5677903240290855e-08,0.39064407782931215,-9.377316061453256e-09,0.019999972192713694
3.035900592803955,8.407341198863035e-05,-0.47539672791412796,0.5698498544023065,-5.3533546797073226e-08,0.3920293826312006,-8.855108116137103e-09,0.01999996996690737
3.035900592803955,8.332169990917604e-05,-0.4784076662132432,0.5726030481376261,-5.16442606172294e-08,0.39340082871128307,-8.310618801390873e-09,0.019999967352501282
3.035900592803955,8.256369262681524e-05,-0.48141971192753175,0.5753534262272327,-4.8788934916265264e-08,0.3947945686347522,-7.857593169770272e-09,0.019999966168453988
3.035900592803955,8.180024340001407e-05,-0.4844325230836884,0.5781072931729756,-4.7458580342049335e-08,0.39615735395073715,-7.306550304280058e-09,0.019999963235729914
3.035900592803955,8.103138571132e-05,-0.48744607708663906,0.580858460003643,-4.4966140537637314e-08,0.39752885155750733,-6.813125901447438e-09,0.019999961342854995
3.035900592803955,8.025627882165359e-05,-0.4904602977678381,0.5836101615473441,-4.3014712077563633e-08,0.39889086191759804,-6.310064565034884e-09,0.01999995913825389
3.035900592803955,7.947601353992147e-05,-0.4934750612383053,0.5863609271711719,-4.08291889879635e-08,0.40025184782695983,-5.817760839172179e-09,0.01999995713392949
3.035900592803955,7.869279247363994e-05,-0.49649023102552786,0.5891117532199626,-3.897080743441935e-08,0.40160246940645933,-5.324586294958895e-09,0.01999995493297231
3.035900592803955,7.790376320755193e-05,-0.49950574100278,0.5918611636647771,-3.6723884319983194e-08,0.4029538869076314,-4.83988094896006e-09,0.01999995298147914
3.035900592803955,7.711077449235313e-05,-0.5025215351522905,0.5946099608922305,-3.460055661649399e-08,0.40430298697146294,-4.361826484959571e-09,0.019999951071267844
3.035900592803955,7.632403255275148e-05,-0.5055373107535351,0.5973595848072799,-3.335698506790647e-08,0.40562833511086227,-3.892968178646635e-09,0.019999948714022414
3.035900592803955,7.551903554726269e-05,-0.5085532078159986,0.6001048754335669,-3.0159492746836504e-08,0.4069774621359064,-3.4013178115775256e-09,0.019999947088139423
3.035900592803955,7.472459623311293e-05,-0.5115690070607025,0.602852413983157,-2.908517600055756e-08,0.4083006769563846,-2.963203006135608e-09,0.019999945075008633
3.035900592803955,7.392540673709003e-05,-0.5145845908832262,0.6055971702515287,-2.675756336776271e-08,0.40962790587450565,-2.4901858265227927e-09,0.019999943139042728
3.035900592803955,7.312689105360955e-05,-0.5175999115447085,0.6083413167113189,-2.492413120387812e-08,0.41094730639638843,-2.041170221237569e-09,0.01999994124843059
3.035900592803955,7.232450139918027e-05,-0.5206148852952192,0.6110836464619525,-2.2709838567925762e-08,0.41226796862442583,-1.5811362968707805e-09,0.019999939444257205
3.035900592803955,7.15314148297407e-05,-0.523629358041091,0.6138257290938786,-2.1254167512690524e-08,0.41357459317467893,-1.1587364599835507e-09,0.01999993760535765
3.035900592803955,7.07397596923786e-05,-0.526643185837193,0.616565869031379,-1.938239453489549e-08,0.41487591691594355,-7.207019796321511e-10,0.01999993569229569
3.035900592803955,6.994160635326611e-05,-0.529656337755464,0.6193038234612912,-1.7146291564552684e-08,0.41617880411894387,-2.6916737157167117e-10,0.01999993388705862
3.035900592803955,6.914846734316874e-05,-0.532668694916294,0.6220408119289562,-1.546441372863103e-08,0.4174736311623536,1.468610103100089e-10,0.01999993221665978
3.035900592803955,6.836152945433556e-05,-0.5356801158323613,0.624776205359418,-1.3803431554990264e-08,0.4187606714754025,5.576821361113012e-10,0.019999930484122876
3.035900592803955,6.75726667120124e-05,-0.5386905382157023,0.6275093077015154,-1.1767518211627319e-08,0.420046513065344,9.880273276561476e-10,0.019999928719163982
3.035900592803955,6.678745620367206e-05,-0.5416998753406198,0.6302407821858522,-9.991132269664667e-09,0.42132701082115787,1.3970182253259394e-09,0.0199999270827619
3.035900592803955,6.601542249685189e-05,-0.544707956367682,0.6329708625631448,-8.656773897939224e-09,0.4225953776114223,1.770034367129685e-09,0.019999925490998407
3.035900592803955,6.52383060365392e-05,-0.5477147097472047,0.6356979500308043,-6.5238498346141944e-09,0.4238648083255833,2.197395513353569e-09,0.019999923706826066
3.035900592803955,6.446829475602928e-05,-0.550720044184344,0.638423403178144,-4.958029770121148e-09,0.42512641394309,2.5776845236144104e-09,0.01999992218631356
3.035900592803955,6.369989612834663e-05,-0.5537238564020669,0.641146357732817,-3.118376302923522e-09,0.4263852399432176,2.9763342689294074e-09,0.019999920585214163
3.035900592803955,6.294736108052977e-05,-0.5567260091238259,0.6438676692499952,-1.9142823370702667e-09,0.42763175825881705,3.3180545412462953e-09,0.019999919164010973
3.035900592803955,6.21886192081161e-05,-0.5597264231447626,0.646585612422219,2.041148084119602e-10,0.4288799424547718,3.732868545332066e-09,0.019999917433476084
3.035900592803955,6.14384847337988e-05,-0.5627250262103703,0.6493015957625934,1.6960913643660751e-09,0.4301207514157145,4.090987871863168e-09,0.019999916043954777
3.035900592803955,6.0704341019081795e-05,-0.5657216488772984,0.6520153735067294,2.8849672144106164e-09,0.4313506778387584,4.417133899121882e-09,0.019999914695965154
3.035900592803955,5.9963404967976906e-05,-0.568716231269825,0.6547255796280945,4.9644254525582395e-09,0.43258217376278424,4.820402192747395e-09,0.01999991300375545
3.035900592803955,5.924426107818387e-05,-0.5717086405624081,0.6574340680308971,5.868774010034679e-09,0.43379937723758655,5.111050107589038e-09,0.01999991186443346
3.035900592803955,5.852176136756998e-05,-0.5746987538242915,0.6601388259114105,7.74322682216744e-09,0.43501603372679,5.488950067346773e-09,0.01999991025034841
3.035900592803955,5.77756093668225e-05,-0.5776866510568057,0.6628397360903462,1.0454192201830485e-08,0.43624295331286667,5.950527753020793e-09,0.01999990850807066
3.035900592803955,5.711959449083788e-05,-0.580671994358644,0.665541765152112,8.764912616807074e-09,0.437424239133106,5.970146002218389e-09,0.019999908616134633
3.035900592803955,5.64159474531337e-05,-0.5836546319995525,0.6682362978925542,1.219437786501154e-08,0.43862531792775095,6.489746085271517e-09,0.01999990594215046
3.035900592803955,5.5714272258583885e-05,-0.5866346610485569,0.6709287301290007,1.3687942290465185e-08,0.4398204668449136,6.8208123279602135e-09,0.019999904790845263
3.035900592803955,5.502703386491634e-05,-0.5896118966706253,0.6736183298447078,1.4797417731669496e-08,0.441007539262048,7.110458473349582e-09,0.01999990381170245
3.035900592803955,5.436545771794678e-05,-0.5925862010917684,0.6763050187854511,1.5478127696439077e-08,0.44218124305715767,7.34650693243576e-09,0.019999902851122953
3.035900592803955,5.369264151862054e-05,-0.5955574916618233,0.6789871159177524,1.7455607443426458e-08,0.4433568474941964,7.715875482466206e-09,0.019999901197669073
3.035900592803955,5.302835007086097e-05,-0.5985257180718974,0.6816661016120378,1.870476883546805e-08,0.44452594484431,8.008519310605577e-09,0.01999990011819428
3.035900592803955,5.238888881436192e-05,-0.6014907128282971,0.6843419951211339,1.9348963524374243e-08,0.4456825135314071,8.229913578374197e-09,0.01999989928774159
3.035900592803955,5.174035952344002e-05,-0.6044523929346362,0.6870132175167386,2.1170271521905704e-08,0.446839912492095,8.576417270828787e-09,0.019999897762738007
3.035900592803955,5.111959075588146e-05,-0.607410651712278,0.6896815647488181,2.164731770011513e-08,0.44798321474930597,8.771811166140659e-09,0.019999897075210347
3.035900592803955,5.049116225458984e-05,-0.6103653620042561,0.6923450919702739,2.3332673227769164e-08,0.44912642715824647,9.0984039846589e-09,0.019999895639919666
3.035900592803955,4.9882987014427906e-05,-0.6133164455908798,0.6950052634861086,2.4016832073605756e-08,0.4502585924043985,9.310450860540939e-09,0.019999894871067646
3.035900592803955,4.9249170725096626e-05,-0.6162638520274707,0.6976601544716645,2.6309607047370138e-08,0.45139755795862996,9.70671552275862e-09,0.01999989320656872
3.035900592803955,4.8705530377573513e-05,-0.619207379174374,0.7003138568601214,2.455098912100234e-08,0.4525008062805241,9.627026853628938e-09,0.01999989386976586
3.035900592803955,4.810000158804759e-05,-0.6221468545007415,0.7029596691175929,2.7885219262197396e-08,0.453621958650544,1.0130259479992771e-08,0.019999891206834382
3.035900592803955,4.752559362729974e-05,-0.6250823331735023,0.7056029604609689,2.8068339040931037e-08,0.4547275445980388,1.0274900060195778e-08,0.019999890943105978
3.035900592803955,4.6956927165811834e-05,-0.6280136027336943,0.7082413693487429,2.907602525909634e-08,0.4558280497313437,1.0509818129962192e-08,0.019999890004837987
3.035900592803955,4.6393195214334716e-05,-0.6309406173151512,0.7108751556550147,3.0109741257836786e-08,0.45692315401100186,1.0745097972386024e-08,0.019999889045227093
3.035900592803955,4.585242254912841e-05,-0.633863245514339,0.7135047317511205,3.04980935879913e-08,0.4580069083387101,1.0899188916430956e-08,0.019999888481391052
3.035900592803955,4.52998952913551e-05,-0.6367813915809831,0.7161287965987323,3.200745830557325e-08,0.4590905478997542,1.118640457942093e-08,0.0199998871964973
3.035900592803955,4.478583136998074e-05,-0.6396949478416014,0.7187491128868257,3.182095081695246e-08,0.46015781258141225,1.1265030556932221e-08,0.01999988704416124
3.035900592803955,4.4249613031011495e-05,-0.6426037849968711,0.7213632500301165,3.357512607544736e-08,0.4612278470174863,1.1577096429472938e-08,0.019999885562010176
3.035900592803955,4.3751827572824425e-05,-0.6455078333116637,0.7239735753742594,3.333065584969717e-08,0.46228157267591063,1.1643170861476184e-08,0.01999988549561846
3.035900592803955,4.324593019725905e-05,-0.6484069235966454,0.7265779166967998,3.452637299705122e-08,0.46333332198464516,1.1881262613478968e-08,0.019999884357818472
3.035900592803955,4.2739323005530646e-05,-0.6513010304950816,0.7291770851837786,3.5494271073545585e-08,0.464380647717263,1.2094322460327049e-08,0.019999883521128498
3.035900592803955,4.227590674985629e-05,-0.6541899964951517,0.7317719331591312,3.4989831561681305e-08,0.46541085535627374,1.2116980478529135e-08,0.019999883604842433
3.035900592803955,4.178240859192834e-05,-0.6570737017989484,0.7343599693483215,3.6783151135744e-08,0.4664449569378771,1.2424902798041153e-08,0.019999882059078645
3.035900592803955,4.132898762568188e-05,-0.6599520941078262,0.7369437968925341,3.633366474002035e-08,0.46746263804211263,1.2451085458983233e-08,0.019999882189234878
3.035900592803955,4.0862515159559626e-05,-0.66282500568025,0.7395211390447207,3.749798092909804e-08,0.46847919921422787,1.267659614826575e-08,0.019999881097045757
3.035900592803955,4.0372188406977274e-05,-0.6656924708909906,0.7420924746872778,3.9080569799819386e-08,0.46949788358986344,1.2963810584300263e-08,0.019999879946276753
3.035900592803955,4.0029108878310724e-05,-0.6685542253427964,0.744661534385329,3.5123795088351216e-08,0.4704714174853769,1.2520599349655523e-08,0.019999882326379982
3.035900592803955,3.9553047802549095e-05,-0.6714100259448443,0.7472196386289155,3.977528287011252e-08,0.4714743124954726,1.3178441291699293e-08,0.01999987843164307
4.035900592803955,3.912337404886338e-05,-0.6742600852587135,0.7497744766533707,3.901835270205838e-08,0.47245869327121076,1.3163497170702146e-08,0.01999987912594448
4.035900592803955,3.871090710694912e-05,-0.677104124986798,0.7523231375368564,3.903838324786653e-08,0.47343417463927157,1.323515723309006e-08,0.019999878940599503
4.035900592803955,3.8303122970804494e-05,-0.67994208093009,0.7548654497617827,3.9455748897607106e-08,0.4744030752748294,1.335210530386365e-08,0.01999987834879002
4.035900592803955,3.791006702463865e-05,-0.6827738420448548,0.7574017139542052,3.9514978169505394e-08,0.4753625680138524,1.3420923923636109e-08,0.01999987804968698
4.035900592803955,3.7518573435600086e-05,-0.6855992904626528,0.759931452155758,3.9926398567245866e-08,0.4763159278632296,1.3534532691516995e-08,0.01999987750644915
4.035900592803955,3.713133897176155e-05,-0.6884183451429244,0.7624548101262191,4.023973899298932e-08,0.47726251163862754,1.36356958169615e-08,0.01999987708864025
4.035900592803955,3.6762827449057045e-05,-0.6912308949320464,0.7649719609288614,4.007240062059302e-08,0.4781987880226111,1.3669942973742456e-08,0.019999876993671763
4.035900592803955,3.640316417836404e-05,-0.6940368088336909,0.7674824104630767,4.014403534334048e-08,0.47912693023721475,1.373132808374363e-08,0.01999987665972023
4.035900592803955,3.605647419118e-05,-0.6968359712441878,0.7699862378919863,4.003796700657606e-08,0.480045591045162,1.37666271911824e-08,0.019999876453004224
4.035900592803955,3.5705068280631025e-05,-0.6996282721446397,0.7724829765706323,4.042093606292263e-08,0.4809589269086379,1.3867470548739103e-08,0.019999875924810902
4.035900592803955,3.536355233929949e-05,-0.7024136308238371,0.7749730454487951,4.0353880695226544e-08,0.48186359028412146,1.390852322233652e-08,0.01999987578619287
4.035900592803955,3.503396096367677e-05,-0.7051919273965922,0.7774562277261702,4.0179950028132516e-08,0.48275916026486515,1.3931465870151507e-08,0.01999987568080683
4.035900592803955,3.4706573222374626e-05,-0.7079630561367874,0.7799322096241582,4.026383471025984e-08,0.4836477592563718,1.3987125528753496e-08,0.019999875368923555
4.035900592803955,3.438290799841898e-05,-0.7107269303723394,0.7824010557086237,4.0287946419000795e-08,0.4845290747030304,1.4034849985446179e-08,0.019999875141407955
4.035900592803955,3.408495863186108e-05,-0.7134834302615668,0.7848630505539183,3.960800927948122e-08,0.4853980233375521,1.398223756312928e-08,0.01999987538743975
4.035900592803955,3.377949930238453e-05,-0.716232422946845,0.7873172339582349,3.98458539780705e-08,0.4862618171680694,1.4051948247711122e-08,0.01999987490579015
4.035900592803955,3.348661323547775e-05,-0.7189738326168171,0.7897642408740836,3.94862770526821e-08,0.4871159046528069,1.4041103749720273e-08,0.019999874944804853
4.035900592803955,3.321541542159966e-05,-0.7217075133095991,0.7922039193438589,3.877556150439666e-08,0.4879581378239978,1.3976581910676682e-08,0.01999987517228325
4.035900592803955,3.2905272421784415e-05,-0.724433378098618,0.7946350302808023,3.9832915545951e-08,0.48880179238406496,1.4159277206489183e-08,0.01999987414849125
4.035900592803955,3.2649052322163555e-05,-0.7271513806572495,0.7970597686698798,3.821029373820369e-08,0.4896270148799388,1.397133725518527e-08,0.01999987520934283
4.035900592803955,3.237299580822421e-05,-0.729861327231565,0.7994757928732158,3.8601232088153006e-08,0.49044947370338127,1.4054094561753824e-08,0.019999874568252942
4.035900592803955,3.211642360209103e-05,-0.7325631776110648,0.8018843960324944,3.789666277197556e-08,0.49126055651207,1.3986948617560381e-08,0.019999874855884864
4.035900592803955,3.187176550021717e-05,-0.7352567763387484,0.8042849893927172,3.7310086519312885e-08,0.49206180206881983,1.3931420896207044e-08,0.019999874984970897
4.035900592803955,3.1627226370584835e-05,-0.7379420146102654,0.8066773177297795,3.7027151300013614e-08,0.4928553902543306,1.3916989306249578e-08,0.019999874882095144
4.035900592803955,3.138220321420432e-05,-0.7406188038038448,0.8090614263900919,3.674824826882709e-08,0.4936415085947677,1.3904827582903926e-08,0.019999874842014695
4.035900592803955,3.11500279938937e-05,-0.7432870450946448,0.8114374682731342,3.6061728626931e-08,0.49441752250255316,1.3833862068021986e-08,0.0199998751124026
4.035900592803955,3.092545852999924e-05,-0.7459466171690792,0.8138051186124426,3.5474051212130683e-08,0.4951843758713217,1.3773003142556755e-08,0.019999875252504795
4.035900592803955,3.070682889370071e-05,-0.7485974124007019,0.8161642913781932,3.4900455731191806e-08,0.49594223012616356,1.3712438824445978e-08,0.01999987537580502
4.035900592803955,3.0493539026235045e-05,-0.7512393228489757,0.8185149053860752,3.430772987805676e-08,0.4966911272621679,1.3648203260541074e-08,0.019999875523426185
4.035900592803955,3.0276321575343458e-05,-0.7538722526781506,0.8208567438785184,3.395902389863157e-08,0.4974329677436865,1.3619066903138443e-08,0.019999875515234047
4.035900592803955,3.006070929246858e-05,-0.7564961265002714,0.8231899218985395,3.34628453553366e-08,0.4981668787657363,1.356990507155438e-08,0.019999875663657463
4.035900592803955,2.9904234224748653e-05,-0.759110798939061,0.8255151429294905,3.125402382611076e-08,0.4988811909587038,1.3265849324897436e-08,0.01999987696460793
4.035900592803955,2.9705797471844617e-05,-0.7617160805419105,0.8278301420306159,3.174569570876356e-08,0.4995948662626492,1.3344112634842425e-08,0.019999876102143977
4.035900592803955,2.9518570813057263e-05,-0.7643119651451379,0.8301366115262063,3.0859486849437185e-08,0.5002978967981564,1.3234952014605393e-08,0.019999876560272124
4.035900592803955,2.932864601441275e-05,-0.7668983260803173,0.8324338582521617,3.029119000471402e-08,0.5009933714088237,1.3169532903484094e-08,0.019999876746504882
4.035900592803955,2.9166918712476064e-05,-0.7694750663115318,0.8347223252037622,2.8850884411220124e-08,0.5016752607212838,1.2973106013328693e-08,0.019999877526426686
4.035900592803955,2.898335417376919e-05,-0.7720420527289087,0.8370008836184367,2.8736003688279793e-08,0.5023528344071563,1.296609114580011e-08,0.01999987724821116
4.035900592803955,2.8834015922531003e-05,-0.7745992179972774,0.8392707160110552,2.7094871541772226e-08,0.5030155487816976,1.2738226729939686e-08,0.019999878200334623
4.035900592803955,2.8671606762512833e-05,-0.7771463993265386,0.8415305398895087,2.6641805102649715e-08,0.5036720011433308,1.2678149861628265e-08,0.019999878148556718
4.035900592803955,2.851750265569031e-05,-0.7796835331213368,0.8437809721507503,2.564037381726428e-08,0.5043182255401456,1.2540764693309077e-08,0.019999878603282673
4.035900592803955,2.836887356630092e-05,-0.7822104993300175,0.8460217287601416,2.4659796333228543e-08,0.504954783305829,1.2404269534693935e-08,0.019999879020800304
4.035900592803955,2.8195829267975137e-05,-0.7847272219918693,0.8482523263875392,2.4518299523954128e-08,0.5055873497585285,1.2393095874470539e-08,0.01999987884918454
4.035900592803955,2.8078919396830055e-05,-0.7872336244434165,0.8504740972438156,2.2184303405153113e-08,0.5062013587035865,1.2056721010356037e-08,0.019999880344112632
4.035900592803955,2.796839584251532e-05,-0.7897294837746912,0.8526854691755542,2.0990565380442323e-08,0.5068049061601114,1.1874640567667561e-08,0.019999880703341803
4.035900592803955,2.784173324508279e-05,-0.792214704218821,0.8548863811695573,2.0415794300334123e-08,0.5074016052282477,1.1787667149201984e-08,0.01999988069179202
4.035900592803955,2.7715115553235144e-05,-0.7946892105153153,0.8570772432310005,1.941897455157942e-08,0.5079889232321354,1.1644294940991085e-08,0.019999881157551695
4.035900592803955,2.758409285558963e-05,-0.7971529085522412,0.859257808798188,1.8530007394376443e-08,0.5085679691470671,1.1516753935347945e-08,0.019999881549544837
4.035900592803955,2.7481428038916608e-05,-0.7996056973801992,0.8614284544875215,1.674234537699442e-08,0.5091329169427004,1.125129688410725e-08,0.019999882570379525
4.035900592803955,2.7366352925566425e-05,-0.8020474319883625,0.8635882232440532,1.5965694936911455e-08,0.5096905855135127,1.1131402609283145e-08,0.01999988272587239
4.035900592803955,2.7258511341183187e-05,-0.8044780407166112,0.8657376202377256,1.4701597038666646e-08,0.5102375903434,1.0941524697706478e-08,0.019999883342399424
4.035900592803955,2.7143779131813267e-05,-0.8068974155296219,0.867876244408748,1.377848695372508e-08,0.5107765096252372,1.0802156127390278e-08,0.019999883703194846
4.035900592803955,2.7043760789006854e-05,-0.8093054719372406,0.8700044066998631,1.2288837515332439e-08,0.5113036837893451,1.0576936988021206e-08,0.019999884504959157
4.035900592803955,2.696461847745808e-05,-0.8117020696272034,0.8721218979863116,1.0547231408072429e-08,0.5118177063715469,1.0307538316917556e-08,0.019999885398469714
4.035900592803955,2.6866778693910822e-05,-0.8140870826870759,0.8742280102892742,9.803814882431155e-09,0.5123250240388767,1.0186966353503377e-08,0.01999988551199944
4.035900592803955,2.678034031140407e-05,-0.8164604439885973,0.8763233914813658,8.308962307041813e-09,0.5128207177973811,9.957032053637208e-09,0.019999886315189917
4.035900592803955,2.670504886983204e-05,-0.8188220212291104,0.878407723470401,6.740581601635177e-09,0.5133047233491757,9.711740674411541e-09,0.019999887109781334
4.035900592803955,2.6616859415205322e-05,-0.8211717066326762,0.8804805703192852,5.785498801574094e-09,0.5137809602940547,9.558235694388985e-09,0.019999887425352865
4.035900592803955,2.6543027669576794e-05,-0.8235094204748624,0.8825424011722013,4.139463693898172e-09,0.514244998179053,9.301254000610952e-09,0.019999888328541653
4.035900592803955,2.6475606236056567e-05,-0.8258350304323993,0.8845928076746251,2.624675073006694e-09,0.5146979772162373,9.059794042225152e-09,0.019999889060474885
4.035900592803955,2.6407753320113344e-05,-0.8281484280223241,0.8866316385311336,1.2686468617741753e-09,0.5151408568966618,8.841203475044189e-09,0.019999889665316083
4.035900592803955,2.6340162077510045e-05,-0.8304495142437287,0.8886588746097401,-1.1395986856929634e-10,0.5155735417629826,8.619076278421315e-09,0.019999890323954595
4.035900592803955,2.6278184141710904e-05,-0.8327381865090523,0.890674495456794,-1.6538781987887101e-09,0.5159951694375208,8.372014069979045e-09,0.019999891107514104
4.035900592803955,2.6217291094765496e-05,-0.8350143361287228,0.8926783058196154,-3.104002552559726e-09,0.5164064188574246,8.136918312977144e-09,0.019999891804810387
4.035900592803955,2.6160317503363143e-05,-0.8372778621073036,0.8946702792512589,-4.6386761712762645e-09,0.5168067947102664,7.887929589157685e-09,0.019999892570429195
4.035900592803955,2.611088995649727e-05,-0.8395286538779869,0.8966503442821101,-6.298379121845074e-09,0.5171956106214517,7.617811509371103e-09,0.019999893416501255
4.035900592803955,2.6058122432820755e-05,-0.8417666007092206,0.8986182367971992,-7.70777811127953e-09,0.5175745194752162,7.384908668308499e-09,0.019999894061735864
4.035900592803955,2.6010151039594548e-05,-0.8439916085426481,0.9005740507241219,-9.323349178200385e-09,0.5179422446620757,7.120398943134422e-09,0.019999894893194543
4.035900592803955,2.5968252105194684e-05,-0.84620356558802,0.9025176521516006,-1.1007841670075159e-08,0.5182985044248856,6.843177580186911e-09,0.019999895756966306
4.035900592803955,2.592918505091149e-05,-0.8484023602673286,0.9044488833402247,-1.2639670286625448e-08,0.5186436757714649,6.572213452025908e-09,0.019999896562624978
4.035900592803955,2.588594059662572e-05,-0.8505878909454669,0.906367590030915,-1.4103736176155537e-08,0.5189788499876603,6.327142382316642e-09,0.019999897255967496
4.035900592803955,2.586214589457005e-05,-0.8527600538794348,0.9082740191283236,-1.6184132764474668e-08,0.5193002357260865,5.984902432289944e-09,0.01999989842374206
4.035900592803955,2.5822600135433862e-05,-0.8549187204514717,0.9101674658378808,-1.74394279455403e-08,0.5196131597511707,5.768289496661486e-09,0.01999989891062975
4.035900592803955,2.579825934655395e-05,-0.8570638129833673,0.9120484628918004,-1.9430727415880656e-08,0.5199128803462761,5.4387935938799226e-09,0.019999900033069992
4.035900592803955,2.5769471369192258e-05,-0.8591952024454058,0.9139164710673667,-2.1001817826150134e-08,0.5202023189339832,5.171658483930303e-09,0.019999900779534868
4.035900592803955,2.5744576788133432e-05,-0.8613127974458152,0.915771618518949,-2.2763829979732113e-08,0.5204801776537317,4.874825425684474e-09,0.01999990169979254
4.035900592803955,2.5722318065895167e-05,-0.863416487905317,0.9176137495249627,-2.452520433134284e-08,0.5207466061707007,4.576672832303054e-09,0.019999902610576527
4.035900592803955,2.570126982990125e-05,-0.8655061692548377,0.9194427545054206,-2.6265608800184044e-08,0.5210017672887738,4.280654869529834e-09,0.019999903501471704
4.035900592803955,2.5685832167362934e-05,-0.8675817359613849,0.9212586002620913,-2.813293991960196e-08,0.5212449224111797,3.963512428802487e-09,0.0199999044883746
4.035900592803955,2.5670341696659486e-05,-0.8696430770766945,0.923061090383889,-2.988818595720188e-08,0.5214768382189982,3.662502988243042e-09,0.0199999053770919
4.035900592803955,2.5657517097755066e-05,-0.8716900908371517,0.9248501997313423,-3.1717975786918154e-08,0.5216970672307063,3.349240255709651e-09,0.019999906334737833
4.035900592803955,2.5647264184852634e-05,-0.8737226698801236,0.926625816497071,-3.3567470420873793e-08,0.5219055683067091,3.0316958927249375e-09,0.019999907303749242
4.035900592803955,2.5639860732783512e-05,-0.8757407072551437,0.9283878450471122,-3.544264259732081e-08,0.5221022250564905,2.708854175934263e-09,0.019999908287643794
4.035900592803955,2.563548907358416e-05,-0.877744094618976,0.930136186823293,-3.73434389755274e-08,0.5222869243933396,2.380722316452413e-09,0.019999909286769348
4.035900592803955,2.562721108860058e-05,-0.8797327276108622,0.9318706658477356,-3.908666372128571e-08,0.522460680313975,2.0770215991136855e-09,0.01999991017047109
4.035900592803955,2.5627462200054787e-05,-0.8817065078753558,0.9335913828557376,-4.113465874675348e-08,0.522621638279186,1.724465526451645e-09,0.019999911303972395
4.035900592803955,2.562701515003658e-05,-0.8836653191694277,0.935298048506898,-4.29993701742911e-08,0.522771040740843,1.3987807566650246e-09,0.01999991226512852
4.035900592803955,2.5626945404659603e-05,-0.8856090622736467,0.9369906352140385,-4.488766647460432e-08,0.5229087029495495,1.0691037080224934e-09,0.019999913260410694
4.035900592803955,2.563279020703792e-05,-0.8875376314421337,0.9386691105870046,-4.692838045240638e-08,0.5230337591419028,7.141208030934233e-10,0.0199999143744202
4.035900592803955,2.5636623349467977e-05,-0.8894509160959697,0.9403332462769848,-4.880404986419386e-08,0.5231472830827218,3.839949408681241e-10,0.019999915346236782
4.035900592803955,2.564368735181915e-05,-0.8913488170878721,0.9419830585359196,-5.080487976194117e-08,0.5232484919425767,3.360759872006488e-11,0.019999916431412502
4.035900592803955,2.565401057749463e-05,-0.8932312250890515,0.9436184202469785,-5.283239169759883e-08,0.5233373039026372,-3.2245945221497913e-10,0.01999991752695098
4.035900592803955,2.5663908594413995e-05,-0.8950980333461751,0.9452391875422904,-5.478746125888097e-08,0.5234141818185862,-6.679719056257082e-10,0.019999918562277237
4.035900592803955,2.5677011590153372e-05,-0.8969491390964097,0.9468453310090184,-5.683689480563488e-08,0.5234785623891832,-1.0291917413270952e-09,0.019999919679716704
4.035900592803955,2.5691219553881164e-05,-0.8987844341982332,0.9484367078883343,-5.8857712178139033e-08,0.5235306800989444,-1.3869884947590588e-09,0.01999992076817657
4.035900592803955,2.5706051963624648e-05,-0.9006038149269057,0.9500132283143213,-6.087607715688389e-08,0.5235705615546915,-1.7450971761097232e-09,0.01999992185845127
4.035900592803955,2.5724011430368062e-05,-0.9024071767172633,0.9515748291219831,-6.296642063345874e-08,0.5235977996513806,-2.115639811983862e-09,0.019999923006408907
4.035900592803955,2.5742212800525582e-05,-0.9041944123656277,0.9531213642473081,-6.50067578587664e-08,0.5236127404390609,-2.4792103660371687e-09,0.019999924109478956
4.035900592803955,2.5763208037291303e-05,-0.9059654182056591,0.9546527829532994,-6.711605984150438e-08,0.5236149692757783,-2.8546245770484748e-09,0.01999992527068772
4.035900592803955,2.5732775649415645e-05,-0.9077201241708758,0.9561684125733373,-6.788673959162402e-08,0.5236127017916888,-3.0099910932305745e-09,0.019999925455822846
4.035900592803955,2.5614138908111534e-05,-0.9094586044117668,0.9576682751633231,-6.74367108337299e-08,0.5236132274728893,-2.95163130324209e-09,0.01999992500659633
5.035900592803955,2.545158560461904e-05,-0.9111810192334107,0.9591533069314088,-6.75756418119548e-08,0.5236131068927692,-2.9735809126276952e-09,0.019999925318345307
5.035900592803955,2.5254961489612123e-05,-0.9128875000632416,0.9606235028447108,-6.76523126483402e-08,0.5236131366150956,-2.9833358049934305e-09,0.01999992557943427
5.035900592803955,2.50375744338834e-05,-0.9145781942468174,0.9620790468400171,-6.774177999344696e-08,0.5236131313917931,-2.9954168428234056e-09,0.01999992581157981
5.035900592803955,2.4808405816256844e-05,-0.9162532446745613,0.9635200764492082,-6.780989491475184e-08,0.5236131342848068,-3.0046655916857107e-09,0.019999925987760587
5.035900592803955,2.457464109370434e-05,-0.9179127937534332,0.9649467381752073,-6.786351385267245e-08,0.5236131352844096,-3.01211485658616e-09,0.01999992612128582
5.035900592803955,2.4341631377862593e-05,-0.9195569824621227,0.9663591746608138,-6.790355090090926e-08,0.5236131367171409,-3.0178071543269916e-09,0.01999992621923864
5.035900592803955,2.411334822890757e-05,-0.9211859505805854,0.9677575276894558,-6.793280695860257e-08,0.5236131380422689,-3.0221019402092995e-09,0.01999992628900061
5.035900592803955,2.3892642440513955e-05,-0.922799836649344,0.9691419375052522,-6.795338184090361e-08,0.5236131393854415,-3.02526303846976e-09,0.019999926336337952
5.035900592803955,2.3681482623867658e-05,-0.9243987779913436,0.9705125429882551,-6.79671206864204e-08,0.5236131407174452,-3.0275277955863623e-09,0.019999926366030926
5.035900592803955,2.3481143963530066e-05,-0.9259829107192525,0.9718694816307891,-6.797552050754666e-08,0.5236131420450539,-3.0290892940063135e-09,0.019999926381952596
5.035900592803955,2.3292363304442713e-05,-0.9275523697460516,0.9732128895598438,-6.797980298290448e-08,0.5236131433666777,-3.030105865468708e-09,0.019999926387246406
5.035900592803955,2.3115464489643578e-05,-0.9291072887947799,0.9745429015485954,-6.7980953187421e-08,0.5236131446826721,-3.030705552771541e-09,0.019999926384447756
5.035900592803955,2.295045948704931e-05,-0.9306478004083942,0.9758596510302916,-6.797976160191048e-08,0.5236131459929405,-3.030991424015166e-09,0.019999926375592208
5.035900592803955,2.279712945067982e-05,-0.9321740359595192,0.9771632701114242,-6.797685826632151e-08,0.5236131472974914,-3.031045880508624e-09,0.019999926362304177
5.035900592803955,2.2655089318021667e-05,-0.9336861256601386,0.9784538895849032,-6.797274204070717e-08,0.5236131485963105,-3.030934375789615e-09,0.019999926345871805
5.035900592803955,2.252383887011374e-05,-0.9351841985712173,0.9797316389430732,-6.796780449483455e-08,0.5236131498893877,-3.030708469019571e-09,0.019999926327307845
5.035900592803955,2.240280276507546e-05,-0.9366683826122549,0.9809966463906061,-6.796235043502419e-08,0.523613151176714,-3.030408454010337e-09,0.01999992630740209
5.035900592803955,2.229136160585517e-05,-0.9381388045707715,0.9822490388572664,-6.795661421031415e-08,0.52361315245828,-3.0300654480032413e-09,0.019999926286763076
5.035900592803955,2.2188875749774705e-05,-0.9395955901117259,0.9834889420105506,-6.795077386647265e-08,0.5236131537340776,-3.0297032179052287e-09,0.019999926265854215
5.035900592803955,2.2094703282662073e-05,-0.9410388637868643,0.984716480268202,-6.794496205537932e-08,0.5236131550040982,-3.029339582979049e-09,0.0199999262450218
5.035900592803955,2.2008213309210823e-05,-0.9424687490440029,0.9859317768106016,-6.793927552394578e-08,0.5236131562683348,-3.0289876436805403e-09,0.019999926224519304
5.035900592803955,2.1928795527029675e-05,-0.943885368236242,0.9871349535930382,-6.793378263537591e-08,0.5236131575267797,-3.028656759468181e-09,0.019999926204526654
5.035900592803955,2.1855866864677174e-05,-0.9452888426311122,0.9883261313578555,-6.79285294776707e-08,0.5236131587794272,-3.0283533365256294e-09,0.019999926185166057
5.035900592803955,2.178887580390496e-05,-0.9466792924196548,0.9895054296464816,-6.792354482598519e-08,0.5236131600262707,-3.0280814839117315e-09,0.01999992616651459
5.035900592803955,2.1727304933034454e-05,-0.9480568367254331,0.9906729668113375,-6.791884419867275e-08,0.5236131612673055,-3.0278435345943377e-09,0.01999992614861484
5.035900592803955,2.1670672143298844e-05,-0.9494215936134798,0.9918288600276308,-6.791443324754811e-08,0.5236131625025262,-3.0276404971317114e-09,0.019999926131483554
5.035900592803955,2.1618530794374466e-05,-0.9507736800991757,0.9929732253050307,-6.79103100219561e-08,0.523613163731929,-3.0274723469888926e-09,0.0199999261151176
5.035900592803955,2.157046910768786e-05,-0.952113212157064,0.9941061774992294,-6.790646723730045e-08,0.5236131649555091,-3.0273383343689623e-09,0.019999926099499684
5.035900592803955,2.1526109037877665e-05,-0.9534403047295978,0.9952278303233881,-6.790289381307887e-08,0.523613166173264,-3.027237180311846e-09,0.019999926084602524
5.035900592803955,2.1485104738633445e-05,-0.9547550717358229,0.9963382963594719,-6.789957602692382e-08,0.523613167385191,-3.027167235117455e-09,0.019999926070391732
5.035900592803955,2.1447140810410122e-05,-0.9560576260799957,0.9974376870694709,-6.78964987934057e-08,0.5236131685912874,-3.027126646504789e-09,0.019999926056829216
5.035900592803955,2.141193039231874e-05,-0.9573480796601362,0.9985261128065117,-6.789364608193023e-08,0.5236131697915519,-3.0271134199689214e-09,0.01999992604387422
5.035900592803955,2.1379213177209564e-05,-0.9586265433765169,0.9996036828258597,-6.789100157645436e-08,0.5236131709859828,-3.027125503076569e-09,0.019999926031485135
5.035900592803955,2.134875343487113e-05,-0.9598931271400872,1.0006705052958105,-6.788854920214018e-08,0.52361317217458,-3.0271608615785623e-09,0.01999992601962079
5.035900592803955,2.1320338069691662e-05,-0.9611479398808356,1.0017266873084771,-6.788627328654174e-08,0.5236131733573429,-3.0272174969148585e-09,0.01999992600824101
5.035900592803955,2.1293774723459624e-05,-0.9623910895560872,1.002772334890468,-6.788415882115074e-08,0.5236131745342719,-3.0272934906722e-09,0.01999992599730714
5.035900592803955,2.1268889978788728e-05,-0.9636226831587392,1.0038075530134605,-6.788219157551498e-08,0.5236131757053675,-3.0273870136936037e-09,0.01999992598678251
5.035900592803955,2.124552767070421e-05,-0.964842826725434,1.0048324456046707,-6.788035828615113e-08,0.5236131768706314,-3.0274963552609008e-09,0.019999925976632887
5.035900592803955,2.1223547286974318e-05,-0.9660516253446697,1.0058471155572184,-6.78786465228378e-08,0.5236131780300651,-3.027619909216233e-09,0.019999925966826086
5.035900592803955,2.120282250252246e-05,-0.9672491831648498,1.0068516647403916,-6.787704485254157e-08,0.5236131791836705,-3.027756190708424e-09,0.01999992595733253
5.035900592803955,2.118323980464507e-05,-0.9684356034022701,1.0078461940098074,-6.787554273463089e-08,0.5236131803314511,-3.02790382963676e-09,0.01999992594812485
5.035900592803955,2.1164697233780927e-05,-0.9696109883490464,1.008830803217474,-6.787413048992696e-08,0.5236131814734091,-3.0280615652091107e-09,0.019999925939177873
5.035900592803955,2.1147103246148067e-05,-0.9707754393809801,1.0098055912217536,-6.787279938881204e-08,0.5236131826095484,-3.0282282561139217e-09,0.019999925930468915
5.035900592803955,2.1130375643764425e-05,-0.971929056965364,1.0107706558972251,-6.787154132918771e-08,0.5236131837398735,-3.0284028412071566e-09,0.019999925921976854
5.035900592803955,2.1114440640495024e-05,-0.9730719406687287,1.011726094144451,-6.787034922994562e-08,0.5236131848643879,-3.028584394165605e-09,0.01999992591368319
5.035900592803955,2.1099231991623668e-05,-0.9742041891645287,1.0126720018996478,-6.786921646556422e-08,0.523613185983097,-3.0287720423413604e-09,0.019999925905570634
5.035900592803955,2.1084690207093932e-05,-0.9753259002407697,1.013608474144259,-6.78681371818527e-08,0.5236131870960065,-3.0289650160968985e-09,0.01999992589762386
5.035900592803955,2.107076184672789e-05,-0.9764371708075776,1.014535604914436,-6.786710606642784e-08,0.5236131882031214,-3.029162615974943e-09,0.019999925889828917
5.035900592803955,2.1057398878636052e-05,-0.977538096904708,1.0154534873104235,-6.786611833398836e-08,0.5236131893044487,-3.0293642086502202e-09,0.01999992588217327
5.035900592803955,2.1044558115423794e-05,-0.9786287737089985,1.0163622135058523,-6.786516978400316e-08,0.5236131903999941,-3.0295692408558803e-09,0.019999925874645847
5.035900592803955,2.1032200703000228e-05,-0.9797092955417621,1.0172618747569415,-6.786425659509368e-08,0.5236131914897649,-3.029777204128148e-09,0.019999925867236628
5.035900592803955,2.102029165233002e-05,-0.9807797558761255,1.0181525614116076,-6.786337534592857e-08,0.5236131925737685,-3.0299876479522005e-09,0.01999992585993653
5.035900592803955,2.1008799430018554e-05,-0.9818402473443075,1.0190343629184864,-6.786252300320867e-08,0.5236131936520128,-3.030200168415836e-09,0.019999925852737566
5.035900592803955,2.099769559432771e-05,-0.9828908617448431,1.0199073678358619,-6.786169686755007e-08,0.5236131947245052,-3.030414406834495e-09,0.019999925845632587
5.035900592803955,2.0986954454914926e-05,-0.9839316900497495,1.0207716638405109,-6.786089448605548e-08,0.5236131957912553,-3.030630038592519e-09,0.01999992583861505
5.035900592803955,2.0976552795407228e-05,-0.9849628224116374,1.0216273377364573,-6.786011377833881e-08,0.523613196852271,-3.030846785232034e-09,0.01999992583167947
5.035900592803955,2.096646958788685e-05,-0.9859843481707663,1.0224744754636403,-6.785935269891178e-08,0.5236131979075622,-3.0310643759452547e-09,0.019999925824820353
5.035900592803955,2.0956685775412057e-05,-0.9869963558620445,1.023313162106499,-6.785860967553168e-08,0.5236131989571379,-3.0312826016591865e-09,0.0199999258180335
5.035900592803955,2.0947184058894155e-05,-0.9879989332219737,1.024143481902468,-6.785788314068672e-08,0.5236132000010082,-3.0315012539145257e-09,0.019999925811314705
5.035900592803955,2.093794871190558e-05,-0.9889921671955401,1.0249655182503934,-6.785717170170227e-08,0.5236132010391837,-3.0317201445156854e-09,0.019999925804660267
5.035900592803955,2.092896540604085e-05,-0.9899761439430498,1.025779353718862,-6.785647425240898e-08,0.5236132020716748,-3.0319391319618625e-09,0.019999925798067114
5.035900592803955,2.092022107702254e-05,-0.990950948846912,1.0265850700544505,-6.785578962796988e-08,0.5236132030984925,-3.0321580562675812e-09,0.01999992579153217
5.035900592803955,2.0911703780264017e-05,-0.9919166665183674,1.0273827481898918,-6.785511696853678e-08,0.5236132041196475,-3.032376807012996e-09,0.01999992578505305
5.035900592803955,2.090340258064473e-05,-0.9928733808041639,1.0281724682521596,-6.785445535907008e-08,0.5236132051351523,-3.0325952605842406e-09,0.01999992577862728
5.035900592803955,2.0895307444977834e-05,-0.9938211747931796,1.0289543095704758,-6.785380410591858e-08,0.523613206145018,-3.032813327708116e-09,0.01999992577225292
5.035900592803955,2.0887409152282023e-05,-0.9947601308229925,1.0297283506842365,-6.785316250308822e-08,0.5236132071492577,-3.0330309128444453e-09,0.01999992576592807
5.035900592803955,2.0879699203707094e-05,-0.9956903304863989,1.0304946693508592,-6.785252996866139e-08,0.5236132081478828,-3.033247942403407e-09,0.01999992575965107
5.035900592803955,2.087216975212589e-05,-0.9966118546378799,1.0312533425535542,-6.785190597544207e-08,0.523613209140907,-3.0334643453607523e-09,0.01999992575342048
5.035900592803955,2.086481354002127e-05,-0.9975247834000157,1.032004446509017,-6.7851290086135e-08,0.5236132101283432,-3.0336800669132137e-09,0.01999992574723504
5.035900592803955,2.0857623847575527e-05,-0.9984291961698496,1.0327480566750462,-6.785068188820824e-08,0.5236132111102041,-3.03389505272449e-09,0.01999992574109361
5.035900592803955,2.0850594419696813e-05,-0.9993251716252001,1.033484247758085,-6.78500809226309e-08,0.5236132120865041,-3.0341092445669596e-09,0.019999925734994855
5.035900592803955,2.0843719437429454e-05,-1.0002127877309235,1.0342130937206884,-6.784948695732227e-08,0.5236132130572565,-3.0343226134133593e-09,0.019999925728938113
5.035900592803955,2.0836993465055625e-05,-1.0010921217451265,1.0349346677889162,-6.784889960836413e-08,0.5236132140224762,-3.034535110425205e-09,0.01999992572292227
5.035900592803955,2.083041142556557e-05,-1.0019632502253282,1.035649042459653,-6.784831870592983e-08,0.5236132149821767,-3.034746715382964e-09,0.019999925716946827
5.035900592803955,2.0823968559634304e-05,-1.0028262490345712,1.036356289507855,-6.784774395349111e-08,0.523613215936374,-3.0349573923014226e-09,0.019999925711010887
5.035900592803955,2.0817660393940312e-05,-1.0036811933474878,1.0370564799937279,-6.784717513883408e-08,0.5236132168850813,-3.0351671155541515e-09,0.019999925705113823
5.035900592803955,2.0811482713721328e-05,-1.0045281576563134,1.0377496842698277,-6.784661207731062e-08,0.5236132178283154,-3.035375865190164e-09,0.019999925699255044
5.035900592803955,2.0805431548586537e-05,-1.0053672157768518,1.0384359719880982,-6.784605459832418e-08,0.5236132187660907,-3.0355836190142484e-09,0.019999925693434065
5.035900592803955,2.0799503145957375e-05,-1.0061984408543954,1.0391154121068333,-6.784550257404348e-08,0.5236132196984231,-3.035790365923446e-09,0.01999992568765044
5.035900592803955,2.0793693957307524e-05,-1.0070219053695928,1.0397880728975741,-6.7844955840623e-08,0.5236132206253286,-3.035996086169975e-09,0.019999925681903674
5.035900592803955,2.0788000601047415e-05,-1.0078376811442729,1.0404540219519354,-6.784441422389523e-08,0.5236132215468229,-3.036200762279599e-09,0.01999992567619319
5.035900592803955,2.0782419870861002e-05,-1.0086458393472206,1.0411133261883634,-6.784387767069151e-08,0.5236132224629225,-3.036404388821592e-09,0.01999992567051882
5.035900592803955,2.077694871215587e-05,-1.009446450499904,1.0417660518588319,-6.784334608755572e-08,0.5236132233736441,-3.0366069604949245e-09,0.019999925664880187
5.035900592803955,2.0771584211702098e-05,-1.0102395844821566,1.042412264555465,-6.784281935463332e-08,0.5236132242790038,-3.036808463176474e-09,0.019999925659276944
5.035900592803955,2.0766323588105114e-05,-1.0110253105378133,1.0430520292170995,-6.784229739178416e-08,0.5236132251790199,-3.03700889184104e-09,0.019999925653708773
5.035900592803955,2.0761164177042783e-05,-1.0118036972802997,1.0436854101357798,-6.784178012117229e-08,0.5236132260737077,-3.0372082409582e-09,0.0199999256481754
5.035900592803955,2.0756103428881703e-05,-1.0125748126981757,1.0443124709631886,-6.78412674468332e-08,0.5236132269630855,-3.037406500696395e-09,0.019999925642676507
5.035900592803955,2.075113889195833e-05,-1.0133387241606355,1.044933274717015,-6.78407593483083e-08,0.5236132278471706,-3.0376036766489906e-09,0.019999925637211917
5.035900592803955,2.0746268216269884e-05,-1.0140954984229593,1.045547883787258,-6.784025572827356e-08,0.5236132287259804,-3.0377997571458432e-09,0.01999992563178135
5.035900592803955,2.074148913326756e-05,-1.0148452016319227,1.0461563599424692,-6.783975651886559e-08,0.523613229599533,-3.037994740283153e-09,0.019999925626384522
5.035900592803955,2.0736799463650086e-05,-1.0155878993311627,1.0467587643359317,-6.783926170675071e-08,0.523613230467846,-3.0381886290094948e-09,0.01999992562102133
5.035900592803955,2.0732197100430572e-05,-1.0163236564664968,1.0473551575117779,-6.783877118278788e-08,0.5236132313309383,-3.0383814139769974e-09,0.019999925615691406
5.035900592803955,2.0727680013735178e-05,-1.0170525373911996,1.0479455994110494,-6.783828501117565e-08,0.5236132321888273,-3.038573110939929e-09,0.01999992561039483
5.035900592803955,2.0723246249610622e-05,-1.0177746058712365,1.0485301493776933,-6.783780305563712e-08,0.5236132330415321,-3.0387637044368325e-09,0.0199999256051312
5.035900592803955,2.071889391123363e-05,-1.018489925090454,1.0491088661645012,-6.783732528301991e-08,0.5236132338890708,-3.0389531976316123e-09,0.01999992559990032
5.035900592803955,2.0714621159459493e-05,-1.0191985576557256,1.0496818079389882,-6.783685167457928e-08,0.5236132347314625,-3.0391415941356216e-09,0.01999992559470206
5.035900592803955,2.0710426220359655e-05,-1.0199005656020583,1.0502490322892142,-6.783638219032004e-08,0.5236132355687257,-3.0393288924121723e-09,0.019999925589536276
5.035900592803955,2.0706307368557836e-05,-1.020596010397653,1.0508105962295466,-6.783591675639151e-08,0.5236132364008796,-3.0395150894296905e-09,0.019999925584402677
5.035900592803955,2.0702262928491194e-05,-1.0212849529489263,1.0513665562063688,-6.783545539246454e-08,0.523613237227944,-3.039700195856659e-09,0.01999992557930121
5.035900592803955,2.0698291280583523e-05,-1.0219674536054886,1.0519169681037264,-6.783499805264051e-08,0.5236132380499374,-3.0398842082744677e-09,0.019999925574231733
6.035900592803955,2.0694390846858613e-05,-1.0226435721650817,1.052461887248923,-6.783454468128211e-08,0.5236132388668792,-3.040067128355161e-09,0.019999925569193975
6.035900592803955,2.069056009560236e-05,-1.0233133678784752,1.0530013684180584,-6.783409526926192e-08,0.5236132396787894,-3.040248959813385e-09,0.019999925564187854
6.035900592803955,2.0686797536102543e-05,-1.0239768994543212,1.0535354658415101,-6.783364976487073e-08,0.5236132404856868,-3.0404297017199636e-09,0.01999992555921317
6.035900592803955,2.068310172071521e-05,-1.0246342250639713,1.054064233209364,-6.783320818141352e-08,0.5236132412875921,-3.040609363173547e-09,0.01999992555426987
6.035900592803955,2.0679471241006154e-05,-1.0252854023462494,1.0545877236767873,-6.783277045145744e-08,0.5236132420845248,-3.0407879414853605e-09,0.019999925549357693
6.035900592803955,2.0675904726987813e-05,-1.0259304884121887,1.0551059898693513,-6.783233656625042e-08,0.5236132428765045,-3.0409654412144406e-09,0.019999925544476563
6.035900592803955,2.067240083731093e-05,-1.0265695398497245,1.0556190838883004,-6.783190646265152e-08,0.5236132436635516,-3.0411418612977067e-09,0.01999992553962621
6.035900592803955,2.0668958267515854e-05,-1.0272026127283527,1.0561270573157673,-6.783148013643616e-08,0.5236132444456865,-3.0413172078422776e-09,0.01999992553480656
6.035900592803955,2.0665575749407588e-05,-1.027829762603746,1.056629961219938,-6.7831057613426e-08,0.5236132452229284,-3.0414914910397754e-09,0.019999925530017608
6.035900592803955,2.066225205082805e-05,-1.0284510445223323,1.0571278461601654,-6.783063880619981e-08,0.5236132459952991,-3.041664705960248e-09,0.01999992552525904
6.035900592803955,2.0658985959766685e-05,-1.0290665130258332,1.057620762192033,-6.783022367138642e-08,0.5236132467628177,-3.0418368530805663e-09,0.01999992552053067
6.035900592803955,2.0655776300434584e-05,-1.0296762221557683,1.058108758872366,-6.782981224387983e-08,0.5236132475255051,-3.042007944585903e-09,0.019999925515832514
6.035900592803955,2.065262192896474e-05,-1.030280225457917,1.0585918852641938,-6.782940446207705e-08,0.5236132482833823,-3.0421779774473426e-09,0.019999925511164356
6.035900592803955,2.0649521715806768e-05,-1.0308785759867454,1.059070189941664,-6.782900026715377e-08,0.5236132490364692,-3.042346953504151e-09,0.019999925506525906
6.035900592803955,2.064647456911377e-05,-1.0314713263097943,1.0595437209949063,-6.78285997094978e-08,0.523613249784787,-3.0425148847474024e-09,0.019999925501917277
6.035900592803955,2.0643479417349727e-05,-1.0320585285120325,1.060012526034851,-6.782820270343382e-08,0.5236132505283566,-3.042681766891372e-09,0.019999925497338145
6.035900592803955,2.064053521807971e-05,-1.0326402342001706,1.060476652197995,-6.782780930496529e-08,0.5236132512671979,-3.0428476159203562e-09,0.019999925492788572
6.035900592803955,2.0637640955492836e-05,-1.033216494506939,1.0609361461511233,-6.782741939727759e-08,0.5236132520013329,-3.0430124209789904e-09,0.019999925488268202
6.035900592803955,2.0634795632276164e-05,-1.0337873600953325,1.0613910540959846,-6.782703301411705e-08,0.523613252730782,-3.0431761956489603e-09,0.019999925483777024
6.035900592803955,2.0631998279994736e-05,-1.0343528811628129,1.061841421773919,-6.782665012746343e-08,0.523613253455566,-3.043338943360073e-09,0.019999925479314888
6.035900592803955,2.0629247952433994e-05,-1.034913107445483,1.062287294470438,-6.782627065513339e-08,0.5236132541757064,-3.0435006573064904e-09,0.019999925474881535
6.035900592803955,2.0626543712220377e-05,-1.0354680882222196,1.0627287170197635,-6.782589460393912e-08,0.5236132548912238,-3.0436613497685923e-09,0.019999925470476843
6.035900592803955,2.0623884647393906e-05,-1.0360178723187743,1.0631657338093174,-6.782552197528702e-08,0.5236132556021401,-3.0438210265949157e-09,0.019999925466100778
6.035900592803955,2.0621269873568078e-05,-1.0365625081118384,1.0635983887841696,-6.782515274740805e-08,0.5236132563084755,-3.043979691426003e-09,0.019999925461753217
6.035900592803955,2.0618698522561975e-05,-1.0371020435330736,1.0640267254514393,-6.782478689120098e-08,0.5236132570102517,-3.044137349482713e-09,0.019999925457433967
6.035900592803955,2.0616169747972088e-05,-1.0376365260731073,1.0644507868846547,-6.782442436790062e-08,0.5236132577074903,-3.0442940005898994e-09,0.019999925453142896
6.035900592803955,2.0613682727979003e-05,-1.0381660027854953,1.0648706157280696,-6.782406517447641e-08,0.5236132584002118,-3.0444496523774904e-09,0.019999925448879914
6.035900592803955,2.0611236646660292e-05,-1.0386905202906493,1.0652862542009338,-6.782370923543498e-08,0.5236132590884379,-3.0446043030327735e-09,0.019999925444644705
6.035900592803955,2.0608830707899627e-05,-1.0392101247797318,1.0656977441017255,-6.78233565704163e-08,0.5236132597721899,-3.044757962378058e-09,0.019999925440437265
6.035900592803955,2.0606464133442968e-05,-1.039724862018518,1.0661051268123385,-6.782300713931016e-08,0.5236132604514896,-3.0449106324533777e-09,0.01999992543625741
6.035900592803955,2.0604136164356162e-05,-1.0402347773512215,1.0665084433022292,-6.782266096113563e-08,0.5236132611263572,-3.0450623226967778e-09,0.01999992543210513
6.035900592803955,2.0601846062206146e-05,-1.0407399157042916,1.066907734132522,-6.782231796501988e-08,0.5236132617968152,-3.0452130303569195e-09,0.019999925427980167
6.035900592803955,2.0599593100674507e-05,-1.0412403215901762,1.0673030394600738,-6.78219781574722e-08,0.5236132624628846,-3.0453627659910944e-09,0.01999992542388242
6.035900592803955,2.0597376566378763e-05,-1.041736039111051,1.0676943990414995,-6.782164148352094e-08,0.5236132631245866,-3.0455115282495747e-09,0.01999992541981169
6.035900592803955,2.0595195765232823e-05,-1.0422271119625182,1.0680818522371545,-6.782130795248706e-08,0.523613263781943,-3.0456593255991023e-09,0.019999925415767936
6.035900592803955,2.0593050014483712e-05,-1.0427135834372725,1.068465438015081,-6.782097751747483e-08,0.5236132644349752,-3.0458061599446626e-09,0.01999992541175094
6.035900592803955,2.059093864612039e-05,-1.0431954964287373,1.0688451949549131,-6.782065015979514e-08,0.5236132650837041,-3.0459520364043052e-09,0.01999992540776057
6.035900592803955,2.0588861011556015e-05,-1.043672893434667,1.0692211612517428,-6.782032590756247e-08,0.523613265728152,-3.046096966271159e-09,0.01999992540379684
6.035900592803955,2.0586816474431724e-05,-1.04414581656072,1.0695933747199493,-6.7820004657782e-08,0.5236132663683398,-3.046240941390124e-09,0.019999925399859415
6.035900592803955,2.0584804406163578e-05,-1.0446143075239998,1.0699618727969893,-6.781968641066655e-08,0.5236132670042892,-3.0463839714482478e-09,0.01999992539594818
6.035900592803955,2.058282419714641e-05,-1.0450784076565671,1.0703266925471493,-6.781937118137793e-08,0.5236132676360211,-3.0465260649638662e-09,0.019999925392063134
6.035900592803955,2.0580875247468177e-05,-1.0455381579089194,1.0706878706652612,-6.781905892446811e-08,0.5236132682635576,-3.0466672248737083e-09,0.01999992538820404
6.035900592803955,2.0578956974228074e-05,-1.0459935988534415,1.0710454434803798,-6.781874960296082e-08,0.5236132688869197,-3.0468074507118234e-09,0.019999925384370773
6.035900592803955,2.0577068802066075e-05,-1.0464447706878273,1.0713994469594252,-6.781844322183315e-08,0.5236132695061293,-3.04694675386435e-09,0.019999925380563225
6.035900592803955,2.0575210170175448e-05,-1.0468917132384699,1.0717499167107902,-6.78181397154298e-08,0.5236132701212072,-3.0470851297711635e-09,0.019999925376781184
6.035900592803955,2.0573380525691755e-05,-1.0473344659638224,1.0720968879879078,-6.781783910471106e-08,0.5236132707321753,-3.0472225924509956e-09,0.01999992537302458
6.035900592803955,2.0571579329875884e-05,-1.0477730679577322,1.0724403956927862,-6.781754137226613e-08,0.5236132713390547,-3.047359144836272e-09,0.019999925369293327
6.035900592803955,2.0569806061707242e-05,-1.0482075579527428,1.072780474379508,-6.781724649545712e-08,0.5236132719418668,-3.0474947917317752e-09,0.01999992536558729
6.035900592803955,2.0568060205633756e-05,-1.048637974323369,1.0731171582576957,-6.781695441867867e-08,0.5236132725406332,-3.0476295325273734e-09,0.019999925361906236
6.035900592803955,2.056634125487845e-05,-1.049064355089343,1.0734504811959409,-6.781666510014037e-08,0.5236132731353744,-3.047763369448202e-09,0.01999992535824997
6.035900592803955,2.056464870954282e-05,-1.0494867379188328,1.0737804767251993,-6.781637856490463e-08,0.5236132737261128,-3.0478963141906034e-09,0.019999925354618482
6.035900592803955,2.0562982084725125e-05,-1.0499051601316318,1.0741071780421547,-6.781609478836113e-08,0.523613274312869,-3.0480283703540604e-09,0.019999925351011635
6.035900592803955,2.0561340907296524e-05,-1.0503196587023196,1.0744306180125467,-6.781581376817589e-08,0.5236132748956644,-3.0481595449653906e-09,0.019999925347429347
6.035900592803955,2.0559724714710834e-05,-1.0507302702633985,1.0747508291744665,-6.781553542979379e-08,0.5236132754745204,-3.0482898350693932e-09,0.01999992534387135
6.035900592803955,2.055813304697498e-05,-1.0511370311083998,1.07506784374162,-6.781525976016173e-08,0.523613276049458,-3.048419246783239e-09,0.01999992534033752
6.035900592803955,2.055656545952937e-05,-1.051539977194963,1.0753816936065572,-6.781498680158529e-08,0.5236132766204982,-3.048547793843374e-09,0.019999925336827904
6.035900592803955,2.0555021518014352e-05,-1.0519391441478894,1.0756924103438728,-6.781471646800737e-08,0.5236132771876627,-3.048675471007823e-09,0.01999992533334219
6.035900592803955,2.055350079394426e-05,-1.0523345672621682,1.0760000252133706,-6.781444875682563e-08,0.5236132777509718,-3.0488022856409796e-09,0.019999925329880295
6.035900592803955,2.0552002868544594e-05,-1.0527262815059761,1.0763045691631996,-6.781418363112489e-08,0.5236132783104471,-3.0489282395583184e-09,0.019999925326442056
6.035900592803955,2.0550527325573806e-05,-1.053114321523651,1.0766060728329574,-6.781392107840594e-08,0.5236132788661099,-3.0490533399891738e-09,0.01999992532302734
6.035900592803955,2.0549073762616365e-05,-1.0534987216386391,1.0769045665567631,-6.781366109276373e-08,0.5236132794179806,-3.0491775917220133e-09,0.019999925319636087
6.035900592803955,2.054764178678988e-05,-1.0538795158564163,1.0772000803663009,-6.78134036702241e-08,0.5236132799660801,-3.049301003610797e-09,0.01999992531626817
6.035900592803955,2.0546231013281454e-05,-1.0542567378673844,1.0774926439938308,-6.781314875317158e-08,0.5236132805104295,-3.049423573159144e-09,0.019999925312923397
6.035900592803955,2.0544841063311548e-05,-1.0546304210497408,1.0777822868751723,-6.781289635350997e-08,0.5236132810510502,-3.0495453113288616e-09,0.019999925309601697
6.035900592803955,2.0543471568367193e-05,-1.0550005984723245,1.0780690381526559,-6.78126463964428e-08,0.5236132815879624,-3.0496662125104247e-09,0.01999992530630282
6.035900592803955,2.0542122158985555e-05,-1.055367302897435,1.0783529266780467,-6.781239889057309e-08,0.5236132821211866,-3.049786287464212e-09,0.01999992530302669
6.035900592803955,2.0540792478502183e-05,-1.0557305667836288,1.0786339810154388,-6.781215384296609e-08,0.5236132826507445,-3.0499055443635786e-09,0.019999925299773253
6.035900592803955,2.0539482181164257e-05,-1.056090422288489,1.0789122294441207,-6.781191123448718e-08,0.5236132831766561,-3.050023987089868e-09,0.019999925296542397
6.035900592803955,2.053819093105134e-05,-1.0564469012713713,1.0791876999614114,-6.781167101905988e-08,0.5236132836989417,-3.0501416157130246e-09,0.019999925293333932
6.035900592803955,2.0536918386501258e-05,-1.0568000352961278,1.07946042028547,-6.781143311845627e-08,0.5236132842176229,-3.0502584277938663e-09,0.01999992529014754
6.035900592803955,2.0535664215033536e-05,-1.0571498556338021,1.0797304178580767,-6.781119760840399e-08,0.5236132847327191,-3.0503744420995056e-09,0.01999992528698335
6.035900592803955,2.0534428102015494e-05,-1.0574963932653056,1.0799977198473845,-6.78109644682045e-08,0.5236132852442518,-3.0504896609067777e-09,0.01999992528384127
6.035900592803955,2.053320972810106e-05,-1.0578396788840672,1.0802623531506461,-6.781073360845235e-08,0.5236132857522405,-3.0506040804891112e-09,0.019999925280720955
6.035900592803955,2.053200878465441e-05,-1.0581797428986595,1.0805243443969126,-6.78105050442422e-08,0.5236132862567064,-3.0507177087608064e-09,0.019999925277622385
6.035900592803955,2.0530824965906956e-05,-1.0585166154354038,1.080783719949704,-6.78102787739028e-08,0.5236132867576695,-3.0508305542398574e-09,0.01999992527454546
6.035900592803955,2.052965797495352e-05,-1.0588503263409494,1.0810405059096553,-6.781005476117276e-08,0.5236132872551498,-3.0509426181597398e-09,0.019999925271490027
6.035900592803955,2.0528507523381134e-05,-1.059180905184833,1.081294728117136,-6.780983299843169e-08,0.5236132877491679,-3.0510539064132824e-09,0.01999992526845599
6.035900592803955,2.0527373328082107e-05,-1.0595083812620123,1.0815464121548415,-6.780961342199896e-08,0.5236132882397435,-3.0511644156298943e-09,0.01999992526544312
6.035900592803955,2.052625510479281e-05,-1.0598327835953794,1.0817955833503605,-6.780939606601314e-08,0.5236132887268972,-3.0512741619588037e-09,0.019999925262451382
6.035900592803955,2.0525152579754628e-05,-1.0601541409382509,1.0820422667787177,-6.780918089366236e-08,0.5236132892106489,-3.0513831435705803e-09,0.019999925259480654
6.035900592803955,2.0524065479889857e-05,-1.0604724817768356,1.0822864872648883,-6.780896786779474e-08,0.5236132896910184,-3.0514913642536837e-09,0.01999992525653073
6.035900592803955,2.0522993539920892e-05,-1.0607878343326824,1.08252826938629,-6.780875700288652e-08,0.5236132901680254,-3.0515988318117704e-09,0.019999925253601593
6.035900592803955,2.052193650517625e-05,-1.061100226565103,1.08276763747525,-6.780854827431069e-08,0.5236132906416903,-3.051705549940225e-09,0.019999925250693107
6.035900592803955,2.0520894121229597e-05,-1.061409686173576,1.083004615621445,-6.780834163117581e-08,0.5236132911120321,-3.051811518925418e-09,0.01999992524780505
6.035900592803955,2.051986613751689e-05,-1.061716240600127,1.083239227674321,-6.780813709632456e-08,0.5236132915790715,-3.051916749026046e-09,0.019999925244937405
6.035900592803955,2.051885231177609e-05,-1.0620199170316906,1.0834714972454853,-6.780793461481485e-08,0.5236132920428275,-3.0520212381564677e-09,0.01999992524208998
6.035900592803955,2.051785240158626e-05,-1.0623207424024488,1.083701447711077,-6.780773420661186e-08,0.5236132925033198,-3.052124998453234e-09,0.019999925239262705
6.035900592803955,2.0516866175505017e-05,-1.0626187433961491,1.0839291022141115,-6.780753582144516e-08,0.523613292960568,-3.0522280263404554e-09,0.019999925236455437
6.035900592803955,2.0515893405784322e-05,-1.0629139464484036,1.0841544836668064,-6.780733946737206e-08,0.5236132934145917,-3.052330333083506e-09,0.019999925233668062
6.035900592803955,2.0514933866020437e-05,-1.0632063777489649,1.0843776147528776,-6.780714511215569e-08,0.5236132938654099,-3.0524319191211515e-09,0.01999992523090046
6.035900592803955,2.0513987331050134e-05,-1.0634960632439832,1.0845985179298185,-6.780695268396877e-08,0.5236132943130422,-3.0525327807888002e-09,0.019999925228152353
6.035900592803955,2.051305358281989e-05,-1.063783028638244,1.0848172154311535,-6.780676228321806e-08,0.5236132947575078,-3.0526329415439883e-09,0.01999992522542391
6.035900592803955,2.0512132412143075e-05,-1.0640672993973836,1.085033729268669,-6.780657381979356e-08,0.5236132951988259,-3.0527323913793143e-09,0.019999925222714886
6.035900592803955,2.0511223612360783e-05,-1.0643489007500868,1.0852480812346235,-6.780638727135891e-08,0.5236132956370154,-3.0528311364823377e-09,0.019999925220025097
6.035900592803955,2.0510326978256505e-05,-1.0646278576902635,1.0854602929039352,-6.780620264620404e-08,0.5236132960720956,-3.052929184186481e-09,0.019999925217354504
6.035900592803955,2.0509442306614152e-05,-1.0649041949792073,1.0856703856363472,-6.780601989534323e-08,0.5236132965040857,-3.0530265347462914e-09,0.01999992521470289
6.035900592803955,2.0508569396725778e-05,-1.0651779371477335,1.0858783805785726,-6.780583900122398e-08,0.5236132969330038,-3.053123190403574e-09,0.019999925212070165
6.035900592803955,2.0507708054948137e-05,-1.0654491084982982,1.0860842986664156,-6.780566002463761e-08,0.5236132973588695,-3.053219168923763e-09,0.019999925209456388
6.035900592803955,2.050685809521418e-05,-1.0657177331070993,1.0862881606268755,-6.780548287310374e-08,0.5236132977817014,-3.0533144617128724e-09,0.019999925206861273
6.035900592803955,2.0506019328991783e-05,-1.065983834826156,1.086489986980225,-6.780530753566862e-08,0.5236132982015178,-3.0534090746185343e-09,0.01999992520428469
7.035900592803955,2.0505191576020765e-05,-1.0662474372853743,1.0866897980420727,-6.780513402389499e-08,0.5236132986183379,-3.053503015284097e-09,0.019999925201726623
7.035900592803955,2.0504374656341943e-05,-1.066508563894589,1.0868876139254011,-6.780496229289002e-08,0.5236132990321796,-3.053596283864018e-09,0.019999925199186867
7.035900592803955,2.05035683955983e-05,-1.066767237845591,1.0870834545425865,-6.780479237072867e-08,0.523613299443062,-3.053688891780429e-09,0.019999925196665422
7.035900592803955,2.050277261850592e-05,-1.067023482114134,1.0872773396073976,-6.780462417244303e-08,0.523613299851003,-3.053780832680629e-09,0.019999925194161987
7.035900592803955,2.0501987159874164e-05,-1.067277319461924,1.0874692886369752,-6.780445775206883e-08,0.5236133002560214,-3.0538721197344298e-09,0.019999925191676666
7.035900592803955,2.0501211851312452e-05,-1.0675287724385925,1.0876593209537921,-6.780429302821097e-08,0.5236133006581347,-3.0539627482415237e-09,0.019999925189209143
7.035900592803955,2.0500446528341727e-05,-1.0677778633836483,1.0878474556875926,-6.780413004490247e-08,0.5236133010573616,-3.0540527322202055e-09,0.01999992518675946
7.035900592803955,2.0499691034438007e-05,-1.0680246144284162,1.0880337117773133,-6.780396875337104e-08,0.5236133014537203,-3.0541420690234755e-09,0.019999925184327437
7.035900592803955,2.0498945207963893e-05,-1.0682690474979537,1.0882181079729851,-6.780380911830125e-08,0.5236133018472287,-3.0542307600990294e-09,0.01999992518191291
7.035900592803955,2.0498208893628235e-05,-1.0685111843129542,1.0884006628376157,-6.780365117916297e-08,0.5236133022379044,-3.054318818817161e-09,0.01999992517951589
7.035900592803955,2.0497481945636713e-05,-1.0687510463916308,1.0885813947490532,-6.78034948930112e-08,0.5236133026257652,-3.0544062426178763e-09,0.019999925177136234
7.035900592803955,2.049676421433877e-05,-1.0689886550515837,1.0887603219018323,-6.780334023395601e-08,0.5236133030108299,-3.054493036645514e-09,0.019999925174773763
7.035900592803955,2.0496055554268025e-05,-1.069224031411652,1.0889374623090011,-6.780318721126027e-08,0.523613303393115,-3.0545792075970875e-09,0.019999925172428438
7.035900592803955,2.04953558250761e-05,-1.0694571963937454,1.089112833803929,-6.780303578255404e-08,0.5236133037726387,-3.0546647546438943e-09,0.0199999251701001
7.035900592803955,2.049466488534285e-05,-1.0696881707246644,1.0892864540420992,-6.780288594264349e-08,0.5236133041494185,-3.0547496836848343e-09,0.01999992516778865
7.035900592803955,2.0493982596598757e-05,-1.0699169749378985,1.0894583405028804,-6.78027376738909e-08,0.5236133045234722,-3.0548339977238685e-09,0.019999925165493978
7.035900592803955,2.049330882247465e-05,-1.070143629375413,1.0896285104912824,-6.780259097410092e-08,0.5236133048948162,-3.0549177036669174e-09,0.019999925163215995
7.035900592803955,2.0492643430366556e-05,-1.0703681541894166,1.0897969811396944,-6.780244582298767e-08,0.5236133052634689,-3.0550008033416593e-09,0.0199999251609546
7.035900592803955,2.0491986293788683e-05,-1.0705905693441142,1.0899637694096054,-6.780230220461714e-08,0.5236133056294472,-3.0550833004625197e-09,0.019999925158709676
7.035900592803955,2.0491337280200884e-05,-1.0708108946174433,1.0901288920933077,-6.780216007598808e-08,0.5236133059927678,-3.0551651950564184e-09,0.019999925156481038
7.035900592803955,2.0490696265629077e-05,-1.071029149602795,1.090292365815583,-6.780201949881322e-08,0.5236133063534485,-3.0552465030719535e-09,0.01999992515426877
7.035900592803955,2.049006312470431e-05,-1.0712453537107203,1.0904542070353727,-6.780188036571147e-08,0.5236133067115057,-3.0553272126434387e-09,0.01999992515207254
7.035900592803955,2.048943773370701e-05,-1.071459526170619,1.0906144320474307,-6.780174273564354e-08,0.5236133070669565,-3.0554073404124993e-09,0.019999925149892416
7.035900592803955,2.0488819980937775e-05,-1.0716716860324145,1.09077305698396,-6.780160659295573e-08,0.5236133074198182,-3.0554868879937708e-09,0.019999925147728314
7.035900592803955,2.0488209748112638e-05,-1.0718818521682139,1.0909300978162328,-6.780147185582504e-08,0.5236133077701064,-3.0555658493061377e-09,0.019999925145579942
7.035900592803955,2.0487606922509637e-05,-1.0720900432739517,1.0910855703561952,-6.780133855837133e-08,0.5236133081178397,-3.0556442360398334e-09,0.019999925143447318
7.035900592803955,2.0487011387882793e-05,-1.0722962778710192,1.0912394902580553,-6.780120668970086e-08,0.5236133084630327,-3.0557220531295403e-09,0.019999925141330328
7.035900592803955,2.048642303196617e-05,-1.0725005743078806,1.0913918730198546,-6.780107621537577e-08,0.5236133088057032,-3.055799299950844e-09,0.01999992513922884
7.035900592803955,2.048584175076352e-05,-1.0727029507616708,1.091542733985027,-6.78009471416492e-08,0.5236133091458669,-3.0558759815187544e-09,0.019999925137142823
7.035900592803955,2.0485267433707566e-05,-1.072903425239783,1.0916920883439372,-6.780081944359328e-08,0.5236133094835409,-3.055952102946162e-09,0.019999925135072098
7.035900592803955,2.0484699976565645e-05,-1.0731020155814384,1.091839951135409,-6.780069312225114e-08,0.5236133098187409,-3.0560276688630787e-09,0.019999925133016613
7.035900592803955,2.0484139279970718e-05,-1.073298739459244,1.0919863372482341,-6.780056816101449e-08,0.5236133101514833,-3.0561026810280934e-09,0.019999925130976294
7.035900592803955,2.04835852418264e-05,-1.0734936143807343,1.0921312614226697,-6.78004445291589e-08,0.5236133104817842,-3.0561771419868847e-09,0.01999992512895096
7.035900592803955,2.048303776617624e-05,-1.0736866576899007,1.0922747382519176,-6.780032221918088e-08,0.5236133108096597,-3.0562510547061816e-09,0.019999925126940554
7.035900592803955,2.0482496748711387e-05,-1.0738778865687062,1.092416782183591,-6.78002012082926e-08,0.5236133111351258,-3.056324424016935e-09,0.019999925124944896
7.035900592803955,2.0481962095762087e-05,-1.074067318038586,1.0925574075211657,-6.780008152734422e-08,0.5236133114581981,-3.0563972565347048e-09,0.019999925122964075
7.035900592803955,2.048143371403277e-05,-1.0742549689619347,1.0926966284254174,-6.779996312533172e-08,0.5236133117788929,-3.056469552760367e-09,0.01999992512099783
7.035900592803955,2.048091151506098e-05,-1.0744408560435805,1.0928344589158434,-6.779984602267474e-08,0.5236133120972257,-3.0565413193989742e-09,0.019999925119046198
7.035900592803955,2.0480395406715285e-05,-1.0746249958322458,1.0929709128720722,-6.779973014272498e-08,0.5236133124132116,-3.056612550731843e-09,0.01999992511710889
7.035900592803955,2.047988529605589e-05,-1.0748074047219929,1.0931060040352574,-6.77996155392453e-08,0.5236133127268673,-3.0566832617828185e-09,0.019999925115185967
7.035900592803955,2.04793811001556e-05,-1.074988098953659,1.0932397460094585,-6.779950218593612e-08,0.5236133130382074,-3.056753451530014e-09,0.019999925113277334
7.035900592803955,2.047888273259923e-05,-1.0751670946162768,1.093372152263007,-6.779939003625524e-08,0.5236133133472477,-3.0568231194089183e-09,0.019999925111382783
7.035900592803955,2.047839010743383e-05,-1.0753444076484817,1.0935032361298613,-6.779927909751037e-08,0.5236133136540037,-3.056892271996151e-09,0.019999925109502267
7.035900592803955,2.0477903142483204e-05,-1.0755200538399068,1.0936330108109442,-6.779916938376352e-08,0.5236133139584896,-3.056960915929158e-09,0.019999925107635774
7.035900592803955,2.0477421753457093e-05,-1.0756940488325664,1.0937614893754704,-6.779906084004533e-08,0.5236133142607218,-3.0570290486830514e-09,0.019999925105783082
7.035900592803955,2.0476945860598217e-05,-1.075866408122224,1.0938886847622602,-6.779895350043209e-08,0.5236133145607149,-3.057096680707057e-09,0.019999925103944216
7.035900592803955,2.047647538652961e-05,-1.0760371470597498,1.0940146097810384,-6.7798847325134e-08,0.5236133148584837,-3.0571638098868752e-09,0.01999992510211904
7.035900592803955,2.04760102528519e-05,-1.0762062808524662,1.0941392771137224,-6.779874229714646e-08,0.5236133151540437,-3.0572304408402444e-09,0.019999925100307403
7.035900592803955,2.047555038742525e-05,-1.0763738245654788,1.094262699315696,-6.77986384355911e-08,0.5236133154474091,-3.0572965789593984e-09,0.019999925098509338
7.035900592803955,2.0475095718101735e-05,-1.0765397931229983,1.0943848888170717,-6.779853568986943e-08,0.5236133157385952,-3.057362222917767e-09,0.01999992509672463
7.035900592803955,2.0474646167715584e-05,-1.0767042013096473,1.0945058579239382,-6.779843406585996e-08,0.5236133160276165,-3.0574273799188174e-09,0.019999925094953207
7.035900592803955,2.0474201658657127e-05,-1.0768670637717566,1.0946256188195986,-6.779833353186891e-08,0.5236133163144873,-3.057492049169727e-09,0.019999925093194943
7.035900592803955,2.0473762122640392e-05,-1.0770283950186503,1.094744183565794,-6.779823414664206e-08,0.5236133165992228,-3.0575562429702308e-09,0.01999992509144996
7.035900592803955,2.0473327495771996e-05,-1.0771882094239178,1.094861564103916,-6.779813583032877e-08,0.5236133168818367,-3.057619954803003e-09,0.019999925089717974
7.035900592803955,2.0472897701558417e-05,-1.0773465212266748,1.0949777722562066,-6.779803855785288e-08,0.5236133171623442,-3.0576831874882376e-09,0.01999992508799883
7.035900592803955,2.047247267542174e-05,-1.0775033445328126,1.0950928197269454,-6.77979424149303e-08,0.5236133174407587,-3.0577459572903514e-09,0.019999925086292718
7.035900592803955,2.047205235082353e-05,-1.0776586933162366,1.095206718103627,-6.77978472907688e-08,0.5236133177170952,-3.05780825283609e-09,0.01999992508459928
7.035900592803955,2.0471636664683942e-05,-1.0778125814200923,1.0953194788581249,-6.779775323816616e-08,0.5236133179913675,-3.057870086700029e-09,0.0199999250829186
7.035900592803955,2.0471225549966393e-05,-1.0779650225579804,1.0954311133478447,-6.779766018866382e-08,0.5236133182635896,-3.057931453149981e-09,0.01999992508125043
7.035900592803955,2.0470818947066322e-05,-1.0781160303151616,1.0955416328168652,-6.7797568211379e-08,0.5236133185337757,-3.057992367199267e-09,0.019999925079594912
7.035900592803955,2.047041679636567e-05,-1.0782656181497499,1.0956510483970687,-6.77974772311485e-08,0.5236133188019392,-3.0580528225813544e-09,0.01999992507795177
7.035900592803955,2.0470019036079383e-05,-1.0784137993938943,1.0957593711092597,-6.779738722198912e-08,0.5236133190680946,-3.058112819140233e-09,0.019999925076320892
7.035900592803955,2.0469625598094182e-05,-1.0785605872549502,1.095866611864273,-6.779729822207424e-08,0.5236133193322555,-3.05817237012987e-09,0.019999925074702277
7.035900592803955,2.0469236424771935e-05,-1.0787059948166409,1.0959727814640694,-6.779721021108138e-08,0.5236133195944351,-3.058231472754491e-09,0.019999925073095885
7.035900592803955,2.046885146283875e-05,-1.0788500350402055,1.0960778906028223,-6.779712320901175e-08,0.5236133198546477,-3.0582901376012883e-09,0.01999992507150166
7.035900592803955,2.0468470656365055e-05,-1.0789927207655416,1.0961819498679914,-6.779703716888385e-08,0.5236133201129064,-3.0583483617917634e-09,0.019999925069919426
7.035900592803955,2.0468093947838608e-05,-1.0791340647123313,1.0962849697413888,-6.779695204879351e-08,0.5236133203692245,-3.0584061429006173e-09,0.019999925068349026
7.035900592803955,2.046772128228777e-05,-1.0792740794811608,1.0963869606002303,-6.779686789305132e-08,0.5236133206236161,-3.0584634917185015e-09,0.019999925066790526
7.035900592803955,2.0467352603508402e-05,-1.0794127775546294,1.0964879327181805,-6.779678464004494e-08,0.5236133208760935,-3.058520403071394e-09,0.019999925065243708
7.035900592803955,2.046698785528469e-05,-1.0795501712984463,1.0965878962663838,-6.779670237088421e-08,0.5236133211266706,-3.0585768965013447e-09,0.019999925063708686
7.035900592803955,2.046662699287712e-05,-1.0796862729625203,1.096686861314488,-6.779662100800006e-08,0.5236133213753601,-3.0586329609817333e-09,0.019999925062185262
7.035900592803955,2.0466269963278278e-05,-1.079821094682036,1.0967848378316554,-6.779654054675928e-08,0.5236133216221757,-3.0586886020769615e-09,0.019999925060673326
7.035900592803955,2.0465916715935626e-05,-1.0799546484785236,1.0968818356875665,-6.77964609734297e-08,0.5236133218671299,-3.058743821675818e-09,0.019999925059172804
7.035900592803955,2.0465567198734684e-05,-1.0800869462609155,1.09697786465341,-6.779638228788076e-08,0.5236133221102356,-3.0587986245287856e-09,0.019999925057683627
7.035900592803955,2.0465221363397124e-05,-1.0802179998265968,1.0970729344028667,-6.779630448222032e-08,0.5236133223515059,-3.05885301274537e-09,0.019999925056205733
7.035900592803955,2.0464879163947767e-05,-1.0803478208624424,1.0971670545130816,-6.779622757067557e-08,0.5236133225909533,-3.05890699323687e-09,0.0199999250547391
7.035900592803955,2.0464540556831646e-05,-1.0804764209458475,1.0972602344656261,-6.779615151820802e-08,0.5236133228285909,-3.058960564559056e-09,0.019999925053283584
7.035900592803955,2.046420549087659e-05,-1.080603811545747,1.0973524836474515,-6.779607628407363e-08,0.5236133230644305,-3.059013725973707e-09,0.019999925051839007
7.035900592803955,2.046387391416211e-05,-1.080730004023626,1.0974438113518334,-6.779600191789547e-08,0.5236133232984858,-3.059066489118243e-09,0.01999992505040544
7.035900592803955,2.046354578396595e-05,-1.0808550096345213,1.097534226779305,-6.779592838490151e-08,0.5236133235307682,-3.059118850182056e-09,0.01999992504898278
7.035900592803955,2.0463221061709828e-05,-1.0809788395280127,1.0976237390385815,-6.779585571525571e-08,0.5236133237612908,-3.05917081998477e-09,0.019999925047571025
7.035900592803955,2.0462899701358077e-05,-1.0811015047492065,1.0977123571474772,-6.779578382670361e-08,0.5236133239900658,-3.0592223904895352e-09,0.019999925046169893
7.035900592803955,2.0462581663214503e-05,-1.081223016239709,1.0978000900338116,-6.779571277164248e-08,0.5236133242171047,-3.0592735725618345e-09,0.01999992504477949
7.035900592803955,2.0462266899869977e-05,-1.0813433848385907,1.0978869465363077,-6.779564248007894e-08,0.5236133244424209,-3.0593243601363414e-09,0.019999925043399563
7.035900592803955,2.04619553660934e-05,-1.0814626212833434,1.0979729354054784,-6.779557298955822e-08,0.5236133246660256,-3.059374763124508e-09,0.019999925042030162
7.035900592803955,2.046164702315577e-05,-1.0815807362108256,1.0980580653045087,-6.779550432415646e-08,0.5236133248879314,-3.0594247883385525e-09,0.019999925040671315
7.035900592803955,2.0461341834750782e-05,-1.0816977401582026,1.0981423448101257,-6.779543642259714e-08,0.5236133251081497,-3.0594744303385883e-09,0.019999925039322797
7.035900592803955,2.0461039764203184e-05,-1.0818136435638752,1.0982257824134607,-6.77953693001402e-08,0.5236133253266929,-3.0595236960165378e-09,0.019999925037984593
7.035900592803955,3.0152929961837126e-05,-1.0820120804628357,1.0984209902976043,7.117352369524543e-06,0.5238750068428166,8.560317248396294e-06,0.020000179160571778
7.035900592803955,3.9964367359577314e-05,-1.0823255702496661,1.0988251491155767,1.4701263831922474e-05,0.523717079812063,1.7411079337914666e-05,0.0199999164502665
7.035900592803955,4.52769471458187e-05,-1.0827186889204625,1.0993635736114804,2.0584631344445017e-05,0.5233878685889517,2.4308416222011882e-05,0.019999846196278974
7.035900592803955,4.245170681419548e-05,-1.0831383736703724,1.099901596943937,2.3479966761744172e-05,0.5232735878170561,2.7626164734613062e-05,0.019999821898020704
7.035900592803955,3.730737473994586e-05,-1.083568431420402,1.100458019626654,2.4563743654326607e-05,0.5231734775825276,2.8867806895806647e-05,0.019999873656578425
7.035900592803955,3.1231143434251326e-05,-1.0839962021726404,1.1009779410062004,2.463912097654158e-05,0.523100131186747,2.8774758286387246e-05,0.01999974965000393
7.035900592803955,2.971114042738815e-05,-1.0844276183881958,1.101604289908036,2.348926441516878e-05,0.5224996562404193,2.7644437751891354e-05,0.019999974239936276
7.035900592803955,2.3418813900740524e-05,-1.084847919154714,1.102095032951836,2.2741227309243573e-05,0.5225890444035615,2.6548537412890153e-05,0.019999791165705515
7.035900592803955,2.5502934191874137e-05,-1.085268183599878,1.1027344667350742,2.087567913284996e-05,0.5217128437191195,2.4621782772724955e-05,0.020000016093391897
7.035900592803955,2.4607713095302127e-05,-1.0856765399097366,1.1032805302062054,1.8897095590170747e-05,0.521149578266106,2.2280813886484768e-05,0.019999982342222004
7.035900592803955,1.8869208469137798e-05,-1.086074941141198,1.103729183210798,1.7529388974731874e-05,0.52128963702093,2.040362866277004e-05,0.01999974541338569
7.035900592803955,2.2752248042070964e-05,-1.0864736165676498,1.1043637221187967,1.5429932827912527e-05,0.5203919670213604,1.8258740560798642e-05,0.020000023218505466
8.035900592803955,2.0723790615600553e-05,-1.0868607999687336,1.1048642166199725,1.4051383047843137e-05,0.5202775478340946,1.6563811756860004e-05,0.019999947718374458
8.035900592803955,1.890778182908122e-05,-1.08723726047094,1.10531734877629,1.2823099118582161e-05,0.5201502033189799,1.4829583134608673e-05,0.019999656473940364
8.035900592803955,2.483452996482792e-05,-1.0876161598680214,1.1059628304390507,1.040813392961246e-05,0.5190442952862375,1.2415219692884074e-05,0.020000024664402895
8.035900592803955,2.4015324846190955e-05,-1.0879807691981849,1.1064536952058084,8.7498088739043e-06,0.518766857238097,1.0397553576004798e-05,0.019999956779576757
8.035900592803955,2.1447479998606746e-05,-1.088333420754171,1.106869084936225,7.364932795524193e-06,0.518683401178035,8.412317195861043e-06,0.019999607745535344
8.035900592803955,3.3825817298137936e-05,-1.0886871337970498,1.1075840857705233,3.636454554113521e-06,0.5165530732924402,4.64700850414069e-06,0.020000115001584735
8.035900592803955,2.9569262279729623e-05,-1.0890213903278307,1.1080008645408272,1.0823680559662836e-06,0.5163305029394764,1.4414583990026163e-06,0.019999938462159535
8.035900592803955,3.172269655099549e-05,-1.0893491271264035,1.1085308694623484,-1.4738786162257232e-06,0.5154914776597488,-1.465153727014466e-06,0.020000020386156225
8.035900592803955,3.513441592233698e-05,-1.0896655988840802,1.109056013963172,-4.35614189464721e-06,0.5144002160707718,-4.791179496438546e-06,0.020000034225053986
8.035900592803955,2.7821211237222352e-05,-1.0899566591915224,1.1092965106544221,-6.8806170552540256e-06,0.5142990481233678,-8.661927346095217e-06,0.019999141236375324
8.035900592803955,4.410525932162839e-05,-1.090260599783456,1.1101272191348606,-1.2557277833036947e-05,0.5112572427594776,-1.4160543200482187e-05,0.020000204863103214
8.035900592803955,4.0096252357705544e-05,-1.0905336784082187,1.110525108573707,-1.6037261334895434e-05,0.5106590348698179,-1.8472676461566286e-05,0.019999998174129396
8.035900592803955,4.6229564331269114e-05,-1.0907964971972506,1.1110834590554217,-2.03428959203405e-05,0.5088236143279539,-2.3342381326123047e-05,0.02000011996992326
8.035900592803955,3.3995852769765903e-05,-1.0910262312962775,1.1112014847598208,-2.369259291400477e-05,0.5088504902542605,-2.8513913615375915e-05,0.01999889184602098
8.035900592803955,5.419016423064165e-05,-1.091273528212965,1.1121191642570105,-3.072882010711405e-05,0.5050108467060214,-3.525960267765081e-05,0.020000302181427138
8.035900592803955,3.689173609234293e-05,-1.09147439797131,1.1122130794192189,-3.353086236824647e-05,0.5057322383727734,-3.971199430931785e-05,0.019999206992548556
8.035900592803955,4.343854413278198e-05,-1.0916744483247451,1.1127567762565733,-3.81409128171906e-05,0.5036980705504006,-4.497911073271944e-05,0.01999928645269425
8.035900592803955,6.954578293508384e-05,-1.0918646862708963,1.1136693717157586,-4.65537934628921e-05,0.498714476629069,-5.3520899698314685e-05,0.020000411245692688
8.035900592803955,5.953349486317869e-05,-1.0920174994450784,1.1139443381746335,-5.2406690809752026e-05,0.4978651360722758,-6.0837189723960006e-05,0.020000010887061243
8.035900592803955,6.115743817760219e-05,-1.092158457948123,1.1144455344700739,-5.779183816323982e-05,0.49605983484619426,-6.700398844975245e-05,0.020000153471118765
8.035900592803955,6.789803229845137e-05,-1.0922791842467794,1.114978373197433,-6.371448508167666e-05,0.4935317194632667,-7.379651675633862e-05,0.02000021114184996
8.035900592803955,4.954092514744357e-05,-1.0923574094772583,1.114905188700209,-6.838987540049436e-05,0.4935394385389614,-8.106880678822044e-05,0.019998355226760862
8.035900592803955,7.994331679959646e-05,-1.0924581785636784,1.1160276102521702,-7.842749347825288e-05,0.48778871931350315,-9.059297180810059e-05,0.020000533476948978
8.035900592803955,5.2743448364398993e-05,-1.0925193400299558,1.116096478380707,-8.107860989443576e-05,0.4896533906116285,-9.458770753805907e-05,0.019999796061446123
8.035900592803955,8.086185919067057e-05,-1.092569754809048,1.1169530001500312,-8.702144160054337e-05,0.485119093404702,-0.00010066078938182728,0.02000050528312742
8.035900592803955,5.7785846433502786e-05,-1.0925606513800057,1.1166098201191623,-9.246916010981581e-05,0.4851828438340437,-0.00010976066675634423,0.019997521187063626
8.035900592803955,0.00010610167546052255,-1.0925824273851983,1.11806526510812,-0.00010734973805598135,0.4764055415700909,-0.00012383405703918446,0.020000864521741588
8.035900592803955,9.34743754112303e-05,-1.0925340052616812,1.1182408193772537,-0.00011600812208743258,0.47490083325973487,-0.00013469950262147567,0.020000164113507374
8.035900592803955,7.222555735186714e-05,-1.0924420693933812,1.1180650900635583,-0.00012289413071488953,0.47446381064720716,-0.00014484346548541467,0.019997872771120084
8.035900592803955,0.0001411950082482184,-1.092353720286384,1.1197344460200422,-0.0001419102755031574,0.4622735143496631,-0.00016340468968768318,0.020001331037255893
8.035900592803955,0.00011390568001021269,-1.0921924179320406,1.11965160271755,-0.00015368023013908238,0.4612828499760389,-0.00017844232506825837,0.020000113322666567
8.035900592803955,0.0001207451801352648,-1.0920092764742826,1.1202299624623706,-0.0001648629543635894,0.45723286690961157,-0.0001910907855954282,0.020000506393699175
8.035900592803955,9.097618576062748e-05,-1.0917729396931037,1.1198854084961531,-0.00017207352582327293,0.45750902799004395,-0.00020195002488383724,0.019997685684546504
8.035900592803955,0.00010913286321224452,-1.0915081894479397,1.1203991703518883,-0.00018580811994483448,0.4513134278074346,-0.00021804429151124375,0.019997282011595906
8.035900592803955,0.0001585676170850725,-1.091237326007765,1.1219268034545806,-0.00020561386605120818,0.4409388527033336,-0.00023747250557203158,0.02000115026066154
8.035900592803955,0.00014300610131159566,-1.0908929643471919,1.122045175650808,-0.00021718709618163555,0.4389141338099522,-0.00025172850171130623,0.020000307503949318
8.035900592803955,0.00011473492353799219,-1.0905492538053894,1.1221735854319348,-0.00022258354989297186,0.4403352251434539,-0.00025852984110696757,0.019999885224162857
8.035900592803955,0.00011540072478295957,-1.0901970014947835,1.1227105905872763,-0.00022475121729097943,0.4399845336264438,-0.0002608350085715441,0.02000014807714699
8.035900592803955,0.00011601738502448057,-1.0898460486169863,1.1231574676896896,-0.0002253245589202658,0.44007157548302056,-0.00026156608913016806,0.019999999812725974
8.035900592803955,0.00011884621358573727,-1.089498592657023,1.1236213119630953,-0.00022553292993452863,0.4400499725727496,-0.000261809951488997,0.019999959130010885
8.035900592803955,0.00012172265846086927,-1.0891543141905187,1.1240752651493569,-0.0002255925098397559,0.44005532540921943,-0.00026188820328704865,0.019999932719295618
8.035900592803955,0.00012605231362822873,-1.0887601694152287,1.124018553525054,-0.00022922281776246873,0.43806213960725093,-0.0002681949997640272,0.019997108854099013
8.035900592803955,0.00015019195954128897,-1.0883751573314946,1.1248027995430367,-0.00024118231268151005,0.4321733996535979,-0.00028090550356592173,0.01999834760118025
8.035900592803955,0.00014979365624801858,-1.0879866777670182,1.1255096386555048,-0.0002494176510506308,0.43014623416461517,-0.0002891026463421483,0.02000012668217128
8.035900592803955,0.00018977011841257032,-1.0875346690554397,1.1264419623216109,-0.00025975417304838195,0.4229847630835028,-0.0003000913743765871,0.020000929755411335
8.035900592803955,0.00014852236761563067,-1.0870296089694347,1.1255477207493336,-0.0002689413663230232,0.4234972265708818,-0.0003145661504956544,0.019995883197249917
8.035900592803955,0.00018218153211106795,-1.0864779206204211,1.1262252362205982,-0.00028970964818608036,0.41382448626483725,-0.00033802425252070045,0.019996178225033
8.035900592803955,0.0002630659085099031,-1.0858887761926748,1.1282620067313867,-0.000319575559519421,0.39772448452069586,-0.000367359314473221,0.020002092441073413
8.035900592803955,0.00025384852776143404,-1.085202021842751,1.1282566913635421,-0.00034008417199853916,0.3929435775503703,-0.00039195509172567337,0.020000801126637806
8.035900592803955,0.00020726963643847362,-1.08444772391353,1.1271829377274345,-0.00035576689164208263,0.39277550774788733,-0.00041391107994635844,0.01999504433733591
8.035900592803955,0.00031091043513893467,-1.0836619020153315,1.1296121883202512,-0.00038448511278660823,0.3757948391527138,-0.0004408423420911817,0.020002538946289814
8.035900592803955,0.0002968051458313274,-1.082809735508076,1.1294125093128804,-0.0004002263318431049,0.37380634644549465,-0.00046028925247329814,0.020000477631298905
8.035900592803955,0.00027097303156826415,-1.0819647278764295,1.1294278547772343,-0.00040785155274167647,0.37559072085618306,-0.0004696050891752731,0.019999826260316596
8.035900592803955,0.0002792505824055401,-1.0810358138899379,1.1292899034794979,-0.00041572774670474004,0.3725377424217688,-0.0004806774390856965,0.019996143771019576
8.035900592803955,0.0003595843848007627,-1.080105869418629,1.1312387461881108,-0.00043642666604874823,0.3593204848561505,-0.0004998425174908798,0.020001713170491833
8.035900592803955,0.00030866968751563033,-1.079136418377846,1.1302229082001114,-0.00044518243153601576,0.3622505244217122,-0.0005130789723102204,0.01999674468955816
8.035900592803955,0.0004017657700267047,-1.0781026036238592,1.1322793519324672,-0.00046588266193218304,0.347794103658268,-0.0005323650994747156,0.02000214207705295
8.035900592803955,0.0004243988287747358,-1.077003723828328,1.1326006115851612,-0.00048568614499938575,0.33999364410936156,-0.0005549773569845363,0.02000111403026308
8.035900592803955,0.0003700092154774073,-1.075856668237978,1.1310335724855836,-0.000502660910468332,0.3403954907968207,-0.0005783132396237041,0.01999339122655567
8.035900592803955,0.00043952510015797725,-1.0745871719971334,1.1320473471362336,-0.000532066265132248,0.3261895892493021,-0.0006095393866187107,0.019995204043616474
8.035900592803955,0.0005776501841399022,-1.0732132826915113,1.1347198137045316,-0.0005710584400703857,0.30314878938277695,-0.0006467477886837734,0.020003803162861832
8.035900592803955,0.0005085431001289457,-1.0718954736020487,1.133186320337152,-0.000583337103741335,0.31200912024117505,-0.0006634931521709019,0.019999181915426812
8.035900592803955,0.0006772516171757118,-1.0703351889125023,1.1356091236923855,-0.0006080564570857743,0.29094302122016297,-0.0006869099668109548,0.020003844961002545
8.035900592803955,0.0006204647598912752,-1.068931377403305,1.1340688143928566,-0.0006172457741603502,0.299682893413308,-0.0007000314765883435,0.019998760765953142
8.035900592803955,0.0006705852844293846,-1.0674224222466724,1.1349901709968109,-0.0006222911726290187,0.2972807969794948,-0.000704830283593205,0.020000425746499795
8.035900592803955,0.0006830125126983103,-1.0659412439754112,1.1352914249024937,-0.0006232746185023389,0.29794304221923534,-0.0007062591502375911,0.019999683023318983
8.035900592803955,0.0006900330205586418,-1.0644694387495715,1.1357594024746085,-0.0006237708301031067,0.2977604800122818,-0.0007067666479972146,0.019999746995303457
8.035900592803955,0.0006845861546578416,-1.063012638587779,1.136176043995218,-0.0006238933066038606,0.29781079091253293,-0.000706923500607202,0.01999972960504214
8.035900592803955,0.000672048218698034,-1.06156911883134,1.1366014939194367,-0.0006239535487479406,0.2977969094697948,-0.0007069791690563835,0.01999978345041602
8.035900592803955,0.0006541368048721514,-1.0601391904414545,1.137019223972477,-0.0006239752098876434,0.29780072313639827,-0.0007069976793185586,0.01999982339532431
8.035900592803955,0.0006329584097210104,-1.058722605104782,1.137433839616563,-0.0006239875064868846,0.2977996590458384,-0.0007070048160119918,0.01999985939290773
8.035900592803955,0.0006099011678309507,-1.0573192709963013,1.1378441201350897,-0.000623994372992646,0.2977999396083422,-0.0007070077260166992,0.019999886300943796
8.035900592803955,0.000705958994788832,-1.055767464508361,1.1398002507556606,-0.0006427365544223382,0.27850432210815523,-0.000724395690999606,0.020003181149576867
8.035900592803955,0.0006066333826306063,-1.0543822144286632,1.1382775980839277,-0.0006507143540679665,0.28689647289552256,-0.000735623369037521,0.019998798250724793
8.035900592803955,0.0006219576595021968,-1.052880292810984,1.1391432398698302,-0.0006552321771765032,0.284571151456917,-0.0007397834334635082,0.020000594960868548
8.035900592803955,0.0006117246554513199,-1.0514077425360906,1.1394074068595388,-0.0006560731945103449,0.2852176439559339,-0.0007410050258069436,0.019999869902862732
8.035900592803955,0.000604207060300827,-1.0499438647272654,1.139835158399031,-0.0006565079305884364,0.28503792431757935,-0.0007414429193936728,0.019999899625480346
8.035900592803955,0.0007053498924039341,-1.0483318723377255,1.1417205656315335,-0.0006742367288710539,0.2663916166100746,-0.0007577277977996978,0.02000305201220426
8.035900592803955,0.0006180584650314435,-1.0468970210242994,1.1402317375845656,-0.0006817792587357148,0.2745422233597722,-0.0007681620692123361,0.019998758763779434
8.035900592803955,0.0006384619623967108,-1.0453402793704747,1.1410697494858533,-0.0006860501872458719,0.2722659258285971,-0.0007720470806143664,0.02000053018255271
8.035900592803955,0.0006320047727862529,-1.0438151544189007,1.1413173534485272,-0.0006868440685024622,0.27290381925294027,-0.0007731821782963839,0.019999826598502943
8.035900592803955,0.0006265838654236239,-1.0422986482839791,1.1417269925645088,-0.0006872579376812617,0.2727250811817704,-0.0007735914044368547,0.019999868584586376
8.035900592803955,0.0006139938120447157,-1.040797891076091,1.1420865474921635,-0.0006873527758645025,0.2727751475028411,-0.0007737154788077531,0.019999823769058792
8.035900592803955,0.0005981039244052665,-1.0393107170091738,1.14245547272287,-0.0006873998258737122,0.27276110663665687,-0.0007737598204953344,0.01999985363288524
8.035900592803955,0.0005795727743330094,-1.0378375634949781,1.1428171539589305,-0.0006874147687034497,0.2727650277898273,-0.0007737741489411689,0.019999874176244957
8.035900592803955,0.000559685235825046,-1.0363781402968526,1.1431762891860486,-0.0006874229087309758,0.2727639162493765,-0.000773779576889726,0.0199998953994646
8.035900592803955,0.0005392159749082836,-1.0349323632766767,1.1435316045288741,-0.0006874269815298297,0.2727642148720268,-0.0007737816641080312,0.019999911122963274
8.035900592803955,0.0005205929459829571,-1.0334239161421295,1.1427103960852687,-0.0006949407238906783,0.26861380421494147,-0.000783899077469382,0.01999299972537281
8.035900592803955,0.0005753381205794428,-1.0319086698729194,1.144700951323913,-0.0007122258062518911,0.25813982758260456,-0.0007983152341114592,0.020001684729349194
8.035900592803955,0.0005525906821359891,-1.0304087370210144,1.1444315087708785,-0.000715147113188978,0.26111414250746323,-0.000802404005930415,0.019999779572149132
8.035900592803955,0.0005624833721016577,-1.0288878415806089,1.1449431623873172,-0.0007167485077083084,0.26027458859823926,-0.0008039148398747055,0.020000133417478666
8.035900592803955,0.0005586461882218455,-1.027389282419225,1.14523297885111,-0.0007170651911155488,0.2605116439806557,-0.0008043589581547023,0.01999982516956187
8.035900592803955,0.0005522743265917032,-1.0259023991082594,1.1455812052520304,-0.0007172275836355745,0.2604446931441832,-0.0008045189059776483,0.019999848698181943
8.035900592803955,0.000541255799054932,-1.0244300649050204,1.1459086939820804,-0.0007172679546862841,0.2604635853821026,-0.0008045679515613656,0.019999846547307094
8.035900592803955,0.0005277100125577461,-1.0229712970716967,1.1462378340348736,-0.000717288399489096,0.2604582378599338,-0.0008045857455556759,0.019999870986851066
8.035900592803955,0.0005124115070341405,-1.0215262074851834,1.1465623425530238,-0.0007172959385253623,0.2604597351174656,-0.0008045917431997429,0.019999889092932835
8.035900592803955,0.0004962347539219455,-1.020094600322526,1.1468840323513676,-0.0007173003547159919,0.26045929961574354,-0.0008045941716280745,0.019999904975170398
8.035900592803955,0.0004821399037542853,-1.018599039300494,1.1459327580830103,-0.0007252707882955607,0.25600006509202344,-0.0008149995453508364,0.01999248274512012
8.035900592803955,0.0005512040185520634,-1.0170793583243598,1.1480257222140213,-0.000743320023867704,0.24465866608929926,-0.000829948120492921,0.020001929134131968
8.035900592803955,0.0005378103238708622,-1.015585740302441,1.147663449739024,-0.0007463413724813619,0.24790577543629952,-0.0008341572990656967,0.019999761053903026
9.035900592803955,0.0005572910161216099,-1.014064500204507,1.1481571041254035,-0.0007480068444623563,0.24698167493688708,-0.0008357238621138077,0.020000122279381506
9.035900592803955,0.0005601444473786335,-1.012567440223201,1.1484065134927202,-0.000748333225789147,0.24724475125201223,-0.0008361812198437198,0.01999978053067583
9.035900592803955,0.0005610629298087909,-1.0110085247452314,1.1474729022979244,-0.0007560696126401435,0.24280989519073978,-0.0008459551276286533,0.0199925198189975
9.035900592803955,0.0006369297450958179,-1.009419190288046,1.1495181214098167,-0.000773154081399662,0.23165947071943618,-0.0008599340119546045,0.02000179166052342
9.035900592803955,0.0006288017032969844,-1.0078643095737772,1.1491426307698178,-0.0007760224279060123,0.2348770204742155,-0.000863842099230495,0.019999662446955946
9.035900592803955,0.0006493331733927844,-1.0062793821418685,1.1496179831619666,-0.0007776087726622164,0.23395414794119826,-0.0008653076149447481,0.02000005098620927
9.035900592803955,0.0006510483243759041,-1.0047201190302057,1.1498488942405407,-0.0007779199062668769,0.23421893760254367,-0.0008657328035289126,0.01999972922539343
9.035900592803955,0.0006486590122803202,-1.0031056910680582,1.1489690883481287,-0.0007849357554198762,0.23005385155155997,-0.0008743615041200625,0.01999290027351105
9.035900592803955,0.0007128570499119388,-1.00145785078001,1.1509004646822782,-0.0008003865301302734,0.21952488680174778,-0.0008868181815452005,0.020001621113012957
9.035900592803955,0.0006983747288896089,-0.9998508550678781,1.1505393825088823,-0.0008029871969279485,0.22258507065340835,-0.0008902687031571056,0.019999640975531682
9.035900592803955,0.0007106840847398316,-0.9982133449042445,1.1509897999053706,-0.0008044324740835005,0.221701006465368,-0.0008915742590371162,0.02000003888357079
9.035900592803955,0.0007054452934587642,-0.9966023413962345,1.1512054995412369,-0.0008047142746990621,0.22195649161897824,-0.0008919497813297015,0.019999739063117625
9.035900592803955,0.0006949788984840352,-0.9950030957723978,1.1514856549153833,-0.0008048644649797412,0.22188264275331532,-0.0008920887168122038,0.019999788934952106
9.035900592803955,0.0006779110346504618,-0.9934197222343737,1.151743773892946,-0.0008049021697366663,0.22190397211086216,-0.00089213094502659,0.019999802704391695
9.035900592803955,0.0006570470933701787,-0.9918508466367312,1.1520048845049173,-0.0008049224773413452,0.22189779474054586,-0.0008921469646819685,0.01999984176622006
9.035900592803955,0.000633632742030531,-0.990296686968838,1.1522617847347507,-0.0008049304840931985,0.2218995670088171,-0.0008921525894392177,0.01999987054050063
9.035900592803955,0.0006089234812859509,-0.9887570027991165,1.1525165867239546,-0.0008049354864977018,0.2218990418289772,-0.0008921551039240262,0.019999894807892406
9.035900592803955,0.0006858278156821037,-0.9870375430873846,1.154265551068433,-0.0008193859931606443,0.20365546458510278,-0.0009043641350143824,0.020003151773945134
9.035900592803955,0.0006041164726556744,-0.985562767782701,1.1526324641872838,-0.0008254785168774325,0.2117794493144125,-0.0009119930053375174,0.019998825977175918
9.035900592803955,0.0006231139585847974,-0.9839199788254611,1.153350835638826,-0.0008289428082284382,0.2094230920257486,-0.0009149536993780624,0.020000585867003307
9.035900592803955,0.000617161291945515,-0.9823218840464027,1.1534510146311465,-0.000829562145369865,0.21010890963415177,-0.0009157817772058955,0.019999821645719777
9.035900592803955,0.0006123608011020634,-0.9807291791746623,1.1537295001699386,-0.0008299013513862373,0.2099093299958616,-0.0009160929458704672,0.019999869735858173
9.035900592803955,0.0006004511354650196,-0.9791540913254585,1.153953046035616,-0.0008299744038538958,0.20996739339558418,-0.0009161837351089581,0.019999816548792713
9.035900592803955,0.0005852380587611402,-0.9775928882800979,1.1541895263366562,-0.000830012845091026,0.20995048410129985,-0.0009162176291168434,0.01999984794289291
9.035900592803955,0.0005672616776280234,-0.9760464764742802,1.1544192186152102,-0.0008300242814655887,0.20995539171160052,-0.0009162283934951688,0.01999986810568529
9.035900592803955,0.0005477906538874619,-0.9745144151844436,1.154647889947697,-0.0008300307842108246,0.20995395068766634,-0.0009162327362291052,0.019999890312938168
9.035900592803955,0.0005275822321487348,-0.9729966579426698,1.1548738896847683,-0.0008300339475207458,0.2099543571748092,-0.0009162344772993432,0.019999906886875116
9.035900592803955,0.0005082631906586017,-0.9714335663924977,1.1539399935648404,-0.0008363144457209935,0.2059773445547117,-0.0009235010528949934,0.019993211830910258
9.035900592803955,0.0005578813074794328,-0.9698167505960752,1.155793604784118,-0.0008502017470398693,0.19557948002855555,-0.0009344176103172844,0.020001721319667272
9.035900592803955,0.0005397389701438526,-0.9682563148051224,1.1553701316490832,-0.0008525256919322683,0.19864299573438587,-0.0009373708090921042,0.019999745386237257
9.035900592803955,0.0005514895490224418,-0.9666587369322206,1.155763650938969,-0.0008538279849938159,0.1977458339327588,-0.0009385126026506397,0.020000127574071262
9.035900592803955,0.0005493282979737318,-0.9650891884418136,1.1559184274175611,-0.0008540749448438414,0.19800866124141464,-0.0009388331936312753,0.019999801748140717
9.035900592803955,0.0006364074072898984,-0.9633319949721684,1.1575776392371482,-0.0008668644111398802,0.18051312074119297,-0.0009492102445041198,0.020002872384780986
9.035900592803955,0.0005693371614866593,-0.9618362291575827,1.155961804000587,-0.0008722202993030353,0.18834488745455416,-0.0009555508123855981,0.01999871240023907
9.035900592803955,0.0005930148692871778,-0.960162308006002,1.1566226859725801,-0.0008752769587994288,0.18604364559596584,-0.0009580702853227236,0.020000490394808237
9.035900592803955,0.0005916159288984201,-0.9585368182589382,1.1566774793188634,-0.0008758207227758444,0.186722167404716,-0.0009587587254584535,0.01999977911083453
9.035900592803955,0.0005901379813266446,-0.9569157960716986,1.1569099342765912,-0.0008761224602407427,0.18652213415102528,-0.0009590235885851335,0.019999844212136905
9.035900592803955,0.0005808871349770603,-0.9552644944346511,1.1560858340869433,-0.0008811287683220508,0.18316929540594798,-0.0009644391232472631,0.019993973146323816
9.035900592803955,0.0006721255907916092,-0.9534417884935982,1.1585451799528834,-0.0008989068002285754,0.16390201808562074,-0.000977815061821507,0.020003108515570214
9.035900592803955,0.0006165963427085862,-0.9518392785042671,1.1570973381569543,-0.0009035071096021967,0.17120825177449256,-0.0009830481286989391,0.019999002998822072
9.035900592803955,0.0006926902595348666,-0.9499505988093239,1.158603934732428,-0.0009129555548727085,0.158377242395571,-0.0009903716031265195,0.020002220953089823
9.035900592803955,0.0007052165075999147,-0.94812446336255,1.1585589535082275,-0.0009238484540087079,0.15144997833197638,-0.0009999029201155356,0.020000821298193142
9.035900592803955,0.0006537336294827065,-0.9463396169705374,1.1568050684686888,-0.0009332332766131059,0.15225350732946452,-0.001008784421758908,0.01999351236618297
9.035900592803955,0.0007573367926826266,-0.9441505776171647,1.1598350883795696,-0.0009536902802771464,0.1269537408360463,-0.0010233928921617346,0.02000394614148469
9.035900592803955,0.0007031600341505608,-0.9421347789296405,1.1588139691335997,-0.0009662673408408021,0.12374723542278313,-0.001034174925883024,0.02000039660944868
9.035900592803955,0.0006275473365094858,-0.9400839536840685,1.1572488494239823,-0.0009757999388968548,0.12376430742113073,-0.0010420125005772328,0.01999378833133122
9.035900592803955,0.0006469463436895921,-0.9377045463642336,1.1595860353759608,-0.000989975148753233,0.10559544297961616,-0.0010513404697913794,0.020002425899946236
9.035900592803955,0.0005392541539074676,-0.9354988754191615,1.1587588195495215,-0.0009968556892475135,0.10513500066126924,-0.0010564883135820088,0.01999994444426004
9.035900592803955,0.00044868755997649933,-0.9332476286896279,1.1579731348116646,-0.001001882121055177,0.10467263870616877,-0.0010599941347683034,0.019996582908687745
9.035900592803955,0.0003983084950841493,-0.9308628687078676,1.1581829669263517,-0.001008936165110874,0.09721200902024082,-0.0010644888846981619,0.019996330239855156
9.035900592803955,0.0003659527109149958,-0.9283642888044846,1.159561605107539,-0.0010178793462599558,0.08492815955520375,-0.001069789881692147,0.020001607516101135
9.035900592803955,0.00021475480513281285,-0.9260487076555303,1.158105841492532,-0.001021539536054592,0.08853804199514044,-0.0010719567827859001,0.019996199012262773
9.035900592803955,0.00015899935987964605,-0.9234874903386063,1.1594200973724187,-0.0010270381313751942,0.0789984595937902,-0.0010749192290311468,0.020001592044971633
9.035900592803955,7.074521924346895e-05,-0.9209878420792198,1.1593495899767938,-0.0010312917774940374,0.07453798712220559,-0.0010772070924398196,0.020001009516426402
9.035900592803955,-1.535746185524433e-05,-0.9184934701185222,1.1591840022545592,-0.0010350856308623017,0.07199163420750378,-0.0010791293200984483,0.020000669827278005
9.035900592803955,-0.00010386384876904285,-0.9160305300827545,1.1588267212849326,-0.001036731544963539,0.07356174960122296,-0.00107991694248762,0.019999949985545742
9.035900592803955,-0.00011245298557838133,-0.9134178180590358,1.15951635168475,-0.001039755332623646,0.0664390629956292,-0.001081336197260734,0.020001700466797577
9.035900592803955,-0.00020419265573285578,-0.9109629595240591,1.1581775482378505,-0.0010423914421228138,0.06765338944774855,-0.001082132796679551,0.01999457414640847
9.035900592803955,-0.0002444698179421709,-0.9082278379851505,1.1598135257981579,-0.001048413287672189,0.05461108532097705,-0.0010849776635630658,0.020001306491267568
9.035900592803955,-0.00039702381839425453,-0.9056561405305528,1.1591712786762223,-0.0010515652988127805,0.05385498805976985,-0.0010861272244464355,0.019999997453838063
9.035900592803955,-0.00051663234401717,-0.9030609175917327,1.158382695912316,-0.0010542058986539318,0.05344152242865513,-0.0010867090699834205,0.01999659569911112
9.035900592803955,-0.0005647481421230866,-0.9002598689084569,1.1596261623647188,-0.0010587741821875564,0.042623416918485965,-0.0010885157465236426,0.020001855213012967
9.035900592803955,-0.0007088456143649347,-0.8976235492611946,1.158946885980074,-0.0010610191770367323,0.043047871413252885,-0.001088937810841406,0.020000018662639195
9.035900592803955,-0.0008015101221753449,-0.89495583187059,1.1587623405247491,-0.0010621651038289534,0.04350232489398112,-0.0010892205418600222,0.020000533869062368
9.035900592803955,-0.000845767399013088,-0.8922769441695592,1.1587516802164683,-0.001062578381558168,0.04336123911321581,-0.001089337806365456,0.020000828013539515
9.035900592803955,-0.0008602877505322047,-0.8896252482350281,1.1587046508633576,-0.0010627029300522139,0.04340570093010445,-0.0010893608565660862,0.020000627361125175
9.035900592803955,-0.0008513837712068639,-0.8869968578307125,1.1586699708772568,-0.001062746607006195,0.04339168906794217,-0.0010893674700279657,0.020000463405800296
9.035900592803955,-0.0008261939972285802,-0.8843931928985024,1.158631788171021,-0.0010627599446923627,0.043396085728346856,-0.001089365426676191,0.02000031131536728
9.035900592803955,-0.0007359446850489916,-0.881648242152173,1.1594069889462317,-0.0010652844482789737,0.03372970005402292,-0.0010900356333253093,0.02000189212778055
9.035900592803955,-0.0008179021999330349,-0.8791536126074599,1.1582973090918038,-0.0010662229859286342,0.038222376413346824,-0.0010898741676476772,0.019997951091520624
9.035900592803955,-0.0008227388338602281,-0.8765071325251641,1.1585223750192697,-0.0010667779738414414,0.03680921249516216,-0.0010901673356706078,0.02000051578796159
9.035900592803955,-0.0008222647291755296,-0.8739210838774601,1.1583692502851453,-0.0010668682579736688,0.03725530441379769,-0.0010901563877349619,0.020000253188982787
9.035900592803955,-0.0007996476331856463,-0.8713466487316838,1.1583373139030566,-0.0010669241645556381,0.037114509391201686,-0.00109018304272685,0.020000337119929382
9.035900592803955,-0.0007708132782165802,-0.8687779489383295,1.157574634513877,-0.0010683953673972573,0.03492831040659228,-0.0010895995478079226,0.019994015553518086
9.035900592803955,-0.0007449987366231123,-0.8659078105299758,1.1595364875483272,-0.0010737816737499664,0.016195211110676525,-0.0010907942790162168,0.020000753532433694
9.035900592803955,-0.001113088914679801,-0.8634446710732768,1.1576498447018568,-0.0010751185493507933,0.023995686452268426,-0.0010900576333806404,0.019995445211562848
9.035900592803955,-0.0013006659614266621,-0.8606902944392093,1.1573503731122212,-0.0010770463550208778,0.019320124979597803,-0.0010894948054930558,0.019995250737743532
9.035900592803955,-0.001419013314817941,-0.8577135289470565,1.159028192017909,-0.0010811777405182672,0.0022051732837430962,-0.001089652424013678,0.020002752754987006
9.035900592803955,-0.001773883845659635,-0.8549812470667045,1.1578876568817078,-0.0010834355771127866,0.001637988484265578,-0.001088130341931518,0.0199997423986483
9.035900592803955,-0.0020357174736517127,-0.8522002278495094,1.157332707966019,-0.001084492381994156,0.0029790583922870324,-0.0010875135371714187,0.02000099891461302
9.035900592803955,-0.002173124066767347,-0.849355168937918,1.1572441707836034,-0.001084864755353943,0.002554647999988059,-0.001087416129336729,0.02000222190905848
9.035900592803955,-0.0022367593259410576,-0.8465462508800956,1.157045134045081,-0.001084997840731488,0.0026903459210120616,-0.0010873336540956728,0.020001765721237637
9.035900592803955,-0.0021939796087663732,-0.8436686046819203,1.1573215259547383,-0.0010858711901882787,-0.0024779025150951225,-0.001087125557324812,0.020002905127530717
9.035900592803955,-0.002164503851916939,-0.8408737547539484,1.1569822435452468,-0.0010869602727332864,-0.004719781036301626,-0.001086303829951494,0.020001314347375856
9.035900592803955,-0.0021453530550398477,-0.8381285471326908,1.1564515974546161,-0.0010875209991010623,-0.0033088242387502654,-0.0010857408422743798,0.019999885757046
9.035900592803955,-0.002072969489867656,-0.8353361030590868,1.156365339893783,-0.0010876944165371287,-0.0037581627465225016,-0.0010856832419485374,0.020000715660273984
9.035900592803955,-0.001984566886271979,-0.8325815166056992,1.156160594043144,-0.0010877623382600898,-0.0036142458142990864,-0.0010856175556509169,0.020000419006862266
9.035900592803955,-0.0018786962226414287,-0.8298478617994018,1.155996533464353,-0.0010877871767376688,-0.003660335808410932,-0.0010856055268574766,0.020000319716649256
9.035900592803955,-0.0017642056214648221,-0.8271408687447982,1.155821547319261,-0.0010877996262208289,-0.003645594588924018,-0.001085594057108681,0.02000015805232687
9.035900592803955,-0.0016447443587894186,-0.8244584208568188,1.1556521126438524,-0.001087806326269853,-0.0036503294080523054,-0.001085589222232992,0.020000051399103463
9.035900592803955,-0.0015240872172303686,-0.8218008894071767,1.1554829295035212,-0.0010878107655951862,-0.0036488287074735513,-0.0010855852990619723,0.01999996240721796
9.035900592803955,-0.0014047392726899378,-0.8191678508893039,1.1553156713176151,-0.0010878138254962792,-0.003649324369327263,-0.001085582736945846,0.01999989743819077
9.035900592803955,-0.0012886338235678987,-0.8165591388904482,1.1551497792877223,-0.0010878160299896261,-0.0036491808575075907,-0.0010855808067446737,0.019999848743739494
9.035900592803955,-0.0011421717986178368,-0.8139068892791829,1.1553016426973222,-0.0010882520871830347,-0.0073686302671879455,-0.001085366884148434,0.020001032413007838
9.035900592803955,-0.0010751106326411216,-0.8113809611307273,1.154726577488281,-0.0010885817036335788,-0.005625583391137676,-0.0010848657542357858,0.019998833564735936
9.035900592803955,-0.0009479390004140541,-0.8087305387062184,1.1550013240438197,-0.001088998166426329,-0.010065713522383276,-0.0010845792134992407,0.02000119461359383
9.035900592803955,-0.000911899763477854,-0.8062258553536106,1.1543657804755827,-0.0010893157983034522,-0.008066526596408276,-0.0010839511524086136,0.019998737829915677
9.035900592803955,-0.0008439039940883438,-0.8036591360648443,1.154322783589757,-0.0010893508232428443,-0.008705673423511744,-0.0010839471840421663,0.02000004195668252
9.035900592803955,-0.000784964655398861,-0.8011346422101425,1.154109359001176,-0.001089381177549774,-0.00850067635304908,-0.001083881844643671,0.01999984563322536
9.035900592803955,-0.0007231336569750048,-0.7986269982830436,1.1539531189949295,-0.001089385619473941,-0.008566426486974362,-0.001083880217906298,0.019999931038817823
10.035900592803955,-0.0006314650336368803,-0.7960833467499021,1.154059432927408,-0.001089654747869234,-0.011833838197519861,-0.0010836057630656947,0.020001018356264583
10.035900592803955,-0.000607379825200089,-0.793652805261307,1.1535276290720216,-0.0010899118602979328,-0.010298270583364206,-0.001083091754141162,0.019999008368304313
10.035900592803955,-0.0005590223264890297,-0.7911770883467422,1.1534551571593337,-0.0010899345697931528,-0.010789377082016379,-0.001083081587920416,0.020000004176731787
10.035900592803955,-0.0004803395699440068,-0.7886650085806342,1.1535789518799415,-0.001090163493050714,-0.0144984345937883,-0.0010826411665266448,0.02000119133275523
10.035900592803955,-0.00042511207498525927,-0.7861749252195608,1.1534295319194878,-0.001090526721445327,-0.017987645823529876,-0.0010813523791714276,0.020000791614270576
10.035900592803955,-0.0004425404432756382,-0.783758107763682,1.1522716449015633,-0.00109153640658144,-0.017675497509405523,-0.0010785375393675951,0.019992900436109896
10.035900592803955,-0.0004001913860587787,-0.7810723952786442,1.1533387913655593,-0.0010911953071457109,-0.02805368505393769,-0.0010771288939826539,0.020001738605064222
10.035900592803955,-0.0005081152353064204,-0.778557817065517,1.1525822641170376,-0.0010913600344692256,-0.0285986693205174,-0.0010746111689753876,0.01999955552151717
10.035900592803955,-0.0005979998163488851,-0.7760207790745648,1.1517173187755712,-0.0010918138992539166,-0.028937018621354834,-0.001071867530413879,0.019995297826412555
10.035900592803955,-0.0006413265133320754,-0.7733729012420228,1.1520662489305649,-0.0010910081097560281,-0.032703971778351444,-0.0010709785480872613,0.020000994402744592
10.035900592803955,-0.0006780609899844246,-0.7707440714734678,1.15186816616274,-0.001090851867338474,-0.03518349528049286,-0.0010695690926230679,0.020001466018219616
10.035900592803955,-0.0007384921294429503,-0.7681967326463749,1.1510223264387172,-0.0010911972441902582,-0.03465208241804574,-0.0010673853179389244,0.01999667810111946
10.035900592803955,-0.0006955779507326053,-0.7654511313876443,1.1516504696384238,-0.0010899033873766571,-0.042637043869777354,-0.001065410843995628,0.020002756807862003
10.035900592803955,-0.0007182148649742813,-0.7627770587321314,1.1512362024976937,-0.0010887449176956434,-0.04680811411542869,-0.001061431795651349,0.020001436631524257
10.035900592803955,-0.0008097794126060834,-0.7601900577832073,1.1499943368090153,-0.0010885795016399365,-0.04535175117968251,-0.0010572135065620295,0.019994787558382278
10.035900592803955,-0.0008227943856884457,-0.7574289066682934,1.1502919113496957,-0.0010869052262905186,-0.04908016744613389,-0.0010557804496354713,0.020001154286807
10.035900592803955,-0.000807603763404446,-0.7546458458031075,1.150223400159938,-0.0010856109064806114,-0.05390344031604452,-0.001053010072665572,0.020002390187237512
10.035900592803955,-0.0008732899301548796,-0.752010002767043,1.1488107707113975,-0.001085534336479595,-0.05296968397426317,-0.0010479339947260947,0.019992780447969656
10.035900592803955,-0.0008147140606990956,-0.7490702184402585,1.149705956106335,-0.0010814844512793218,-0.06295518903596177,-0.0010440330185440114,0.020003177611134758
10.035900592803955,-0.0008817967523905407,-0.7463119775855632,1.1488362366326856,-0.0010794984448998083,-0.06363326898092754,-0.001039071626206039,0.02000015934610393
10.035900592803955,-0.0009379901429623169,-0.7435473020912492,1.148193869608073,-0.00107832904933788,-0.06272723378024027,-0.0010366589903524903,0.019999790120021146
10.035900592803955,-0.0009475753674037661,-0.7407435588578506,1.147861979025165,-0.001077811108646765,-0.06302006688018123,-0.0010359685882437547,0.020000642415264364
10.035900592803955,-0.0009111927429374878,-0.7379154141465785,1.1476999490074813,-0.0010766091546461278,-0.0657902999546124,-0.0010343130293704176,0.0200015895780539
10.035900592803955,-0.0009193637777674942,-0.7351999876420742,1.1470017116926308,-0.0010762552074439346,-0.0644655844923117,-0.0010329164505571483,0.019999513253280855
10.035900592803955,-0.0008438723879771837,-0.7323548460004524,1.147052817454516,-0.001074202284070163,-0.06904478970131188,-0.0010305868639069963,0.020002108059190508
10.035900592803955,-0.0007856255750931098,-0.7295354607482918,1.1467086339322465,-0.0010709710946837053,-0.07338895259768156,-0.0010254349140182864,0.020001635472357965
10.035900592803955,-0.0008071815782902687,-0.7268227183792667,1.1451808900346097,-0.0010692359857861185,-0.07266664689811267,-0.0010179346003879348,0.019991698449135935
10.035900592803955,-0.0006830719561856692,-0.7237467000514868,1.1461453230756755,-0.001061228475283887,-0.08430952461575421,-0.0010108333641440394,0.0200040172365052
10.035900592803955,-0.0007050966711071345,-0.7208708194046972,1.145128098104019,-0.0010562696881878718,-0.08576224932687004,-0.001002250523570135,0.02000023717719697
10.035900592803955,-0.0007382728331824968,-0.717998261820655,1.1442532277625859,-0.0010535675810498797,-0.08437838178197218,-0.000997906185993481,0.019999352363178628
10.035900592803955,-0.0007200253330785387,-0.7150561066497669,1.143839901224838,-0.0010524004185917184,-0.08482868357401764,-0.000996638914790192,0.02000055011016369
10.035900592803955,-0.0006984482724561276,-0.7121550627095393,1.1433113807492217,-0.0010521455963631238,-0.08468099861551846,-0.0009961622814196392,0.020000162874101186
10.035900592803955,-0.0006668473675259882,-0.7092657206575597,1.1424423880772434,-0.0010511530094928594,-0.08593029585975721,-0.0009923205126530347,0.019994888080447637
10.035900592803955,-0.0006103968276428401,-0.7063135837008337,1.1424815848834982,-0.0010468977436380936,-0.08944652882511545,-0.0009893310240535226,0.02000096463492111
10.035900592803955,-0.0006018988936545924,-0.7034596063503847,1.1417274928781407,-0.001046362338746455,-0.08828632938740882,-0.0009879052607615548,0.01999956766710629
10.035900592803955,-0.0005657935207290556,-0.7005762018542474,1.1409910083652375,-0.0010449146551865121,-0.0896260024475657,-0.0009842990092621738,0.019995943426109768
10.035900592803955,-0.0005160476018930477,-0.6976624692317003,1.1408900600278782,-0.0010410432408230435,-0.09232496746241808,-0.0009814258252222154,0.02000072897203124
10.035900592803955,-0.000501665087762073,-0.6948282952421755,1.1401864320901738,-0.0010404795589431851,-0.0914335495725322,-0.0009801351458244175,0.01999965825526659
10.035900592803955,-0.0004661272597216807,-0.6919824071113098,1.1397338617072041,-0.0010400769332492572,-0.0917260962124568,-0.0009798210064349301,0.020000146729964006
10.035900592803955,-0.00043545090643016664,-0.6891735805474795,1.1392066941845327,-0.0010400272523395815,-0.09163005354518307,-0.0009796794172618915,0.01999990060183628
10.035900592803955,-0.0003530820330666219,-0.6862660329590416,1.1391569992157717,-0.0010360756312414179,-0.0969835536372686,-0.0009755769086180207,0.02000200097014872
10.035900592803955,-0.000380739269949664,-0.6835476163716314,1.137628514257225,-0.0010331031806049573,-0.09572826064506545,-0.0009674544523550507,0.019992681249872152
10.035900592803955,-0.00032198618774764227,-0.6806150686897185,1.1378400231417627,-0.0010262447969944825,-0.1003469970573538,-0.0009627631093131636,0.020001582735679726
10.035900592803955,-0.0003246260782202064,-0.6778186340570435,1.1369722126529345,-0.0010252781360394008,-0.09882064675405884,-0.0009606268571298693,0.019999518134021017
10.035900592803955,-0.00029261785286014357,-0.6749837259014495,1.1365297920756845,-0.001024550658609899,-0.09932251785983877,-0.0009601158556224426,0.020000294728282412
10.035900592803955,-0.00026982825523081484,-0.6721940190046668,1.1359562192480355,-0.0010244633258553147,-0.09915744698928575,-0.0009598818400255099,0.01999986615735159
10.035900592803955,-0.00019211422719403064,-0.6692861792460871,1.1359294034928682,-0.0010194964337938662,-0.1051436489370189,-0.0009548456460801947,0.020002161106364928
10.035900592803955,-0.00023672104399059425,-0.6665897293495476,1.1342652762266283,-0.0010156264944867787,-0.10367630421243712,-0.0009452283736890887,0.0199920073124838
10.035900592803955,-0.0001818868054140397,-0.6636500361847363,1.134497713608144,-0.0010072925732130871,-0.10866438989092722,-0.0009395608077587148,0.020001887498355568
10.035900592803955,-0.00012798479190707262,-0.6606863949029144,1.1341649921152128,-0.0009994726718760432,-0.11422826384017143,-0.0009305307328681577,0.02000218570506542
10.035900592803955,-0.00017999309134659813,-0.6579050017141979,1.1323382145474041,-0.0009932885234313455,-0.11291133894384664,-0.0009178002200045085,0.019991202143536325
10.035900592803955,-0.00011582032762560534,-0.6548432603629986,1.1325922134312292,-0.000982457717739689,-0.11852850860572756,-0.0009102544864060194,0.020002420254322622
10.035900592803955,-0.00011489076755815987,-0.6519473852208314,1.1315367160189234,-0.0009807525346977296,-0.11666446277924199,-0.0009070442487792424,0.01999966021544295
10.035900592803955,-7.352231441506705e-05,-0.6489966098183648,1.1310007391044898,-0.0009796294407493525,-0.11727988600222015,-0.0009062188509413336,0.020000386132982894
10.035900592803955,-4.6556327911032826e-05,-0.6460973535555113,1.1303039746864798,-0.0009794770750331547,-0.11707662844464743,-0.0009058665007393514,0.019999777582612698
10.035900592803955,-2.1278983253078236e-05,-0.6432163911212564,1.1296686994620273,-0.0009793618599460618,-0.11714377583992433,-0.0009057765174512534,0.01999981156844308
10.035900592803955,-2.663990603453132e-06,-0.6403644626345286,1.1290213296881282,-0.0009793450514313101,-0.11712161341923576,-0.0009057386450602596,0.019999757118552373
10.035900592803955,1.147366055306535e-05,-0.6375377000920522,1.1283860824420757,-0.0009793301794641552,-0.11712894844653168,-0.0009057295559137085,0.019999780752323157
10.035900592803955,2.1271551788408497e-05,-0.6347370596929175,1.1277548780940478,-0.0009793257451999186,-0.11712654094808193,-0.0009057261146215228,0.01999979371809592
10.035900592803955,2.7559865888107863e-05,-0.6319619076256635,1.1271303046309715,-0.000979321627328382,-0.11712735120200901,-0.0009057257540139152,0.01999981313416689
10.035900592803955,1.9119723422240275e-05,-0.6291974930050911,1.1259975321114821,-0.0009764737849272075,-0.118708782013464,-0.000898604672132013,0.01999199593842653
10.035900592803955,4.438078996701752e-05,-0.6263200797245574,1.1260733142044237,-0.0009669150021345618,-0.12340354218283421,-0.0008922330375506002,0.02000159181363373
10.035900592803955,2.304917502360897e-05,-0.623572345396996,1.1250887166302557,-0.0009654451858995446,-0.12184246842242982,-0.0008895100084643944,0.019999697273529116
10.035900592803955,3.8664740707871016e-05,-0.6207796564923344,1.1245410121097725,-0.0009644686274874378,-0.12235840156287321,-0.0008888098788777981,0.020000383411953176
10.035900592803955,4.4669846675754764e-05,-0.6180331549382888,1.123859540974518,-0.0009643438854973865,-0.12218781142142272,-0.0008885098748414085,0.019999864545380636
10.035900592803955,3.607140377678939e-05,-0.6152907637177523,1.1227511923113247,-0.0009611029655801798,-0.12371870079157607,-0.0008812369196696245,0.019992327561350946
10.035900592803955,5.6668052418722785e-05,-0.6124464607773351,1.1227551292400768,-0.0009512930236159348,-0.12808206962090818,-0.0008746306221926238,0.020001529485899314
10.035900592803955,3.901999907449334e-05,-0.6097247029936746,1.1217751059292331,-0.0009497103111275047,-0.1266296631144154,-0.0008718677516925231,0.019999796018838938
10.035900592803955,5.617900321246066e-05,-0.6069618628255119,1.1212021411874415,-0.000948721873070706,-0.1271101755167328,-0.0008711400035110371,0.02000037763699276
10.035900592803955,6.407255055049291e-05,-0.6042436742123222,1.1205052316495427,-0.0009485888421473127,-0.12695113352243612,-0.0008708351456579121,0.019999862202784727
10.035900592803955,7.179988652840122e-05,-0.6015437275142524,1.1198578452495522,-0.0009484899529956726,-0.12700379031533252,-0.000870755363485951,0.019999869503834682
10.035900592803955,7.530489559156807e-05,-0.5988705681007682,1.1192023940892175,-0.0009484761337725146,-0.12698637592420384,-0.0008707223830361493,0.019999817997998298
10.035900592803955,7.61634295982676e-05,-0.5962210703964232,1.1185578525493105,-0.0009484637142728225,-0.12699215482383278,-0.0008707141889243475,0.019999832969334497
10.035900592803955,7.441452742759527e-05,-0.5935959695137949,1.1179178585817393,-0.0009484602026410957,-0.12699025676547407,-0.0008707110934405568,0.019999841169880517
10.035900592803955,7.064753856628245e-05,-0.5909947255157227,1.11728443709006,-0.0009484568844075865,-0.1269908997149513,-0.000870710666028125,0.01999985512881546
10.035900592803955,0.00010698137710428744,-0.5882376234800542,1.1172529744228745,-0.0009393437062427347,-0.13417512664821396,-0.0008620535642158763,0.020001920676648643
10.035900592803955,2.4132453512048623e-05,-0.5857518315908925,1.115786899500104,-0.0009349159961670845,-0.13074607398205157,-0.0008551298677648563,0.019998578038636635
10.035900592803955,3.786221735582398e-05,-0.5830938940778059,1.1153495859367661,-0.0009322669655966591,-0.13187844580942656,-0.0008532821600027366,0.02000105920473568
10.035900592803955,3.965344283217709e-05,-0.5805036808527843,1.1146141016028654,-0.0009318854242817261,-0.13150315565069234,-0.0008525155957496011,0.02000001123472973
10.035900592803955,4.798866286219461e-05,-0.5779213367198579,1.11398691222396,-0.0009316314437243963,-0.13162750826045244,-0.0008523110355861567,0.02000000846985922
10.035900592803955,5.1909642008323986e-05,-0.575367666674805,1.1133321417028361,-0.0009315985496375373,-0.13158632138438014,-0.000852226718281222,0.019999849306922845
10.035900592803955,5.404828176456705e-05,-0.5728355521353236,1.1126946782511107,-0.0009315714745519725,-0.1315999821592782,-0.0008522046127177952,0.019999853610612607
10.035900592803955,5.3648969942258955e-05,-0.5703270686778911,1.1120595672282687,-0.0009315666929715792,-0.13159547040010064,-0.0008521957782328112,0.019999847377661258
10.035900592803955,5.137319054590727e-05,-0.5678412462119666,1.1114316835378268,-0.0009315621012609931,-0.1315969796437554,-0.0008521937660138848,0.01999985880121497
10.035900592803955,4.746125484123804e-05,-0.5653781260463727,1.110809333150392,-0.0009315599750947701,-0.13159649390666972,-0.0008521931707882147,0.019999867872301666
10.035900592803955,7.636396276719607e-05,-0.5627564460602245,1.1107819399789824,-0.0009217491772437536,-0.13871329053718914,-0.0008429693219424553,0.02000166680508477
10.035900592803955,-8.092465840813444e-06,-0.5604045302314219,1.1093319338759047,-0.0009168362699076242,-0.13531457312104436,-0.0008356610299127316,0.019998710619344495
10.035900592803955,7.141239027978163e-06,-0.5578788633869393,1.1089010946478384,-0.0009140071952632665,-0.13643802725891346,-0.0008336833860935375,0.020001173015626567
10.035900592803955,1.213140825402424e-05,-0.5554196353255467,1.1081745808566954,-0.0009135928950711608,-0.13606532678204067,-0.0008328718746357956,0.020000062539827446
10.035900592803955,2.381278987605345e-05,-0.5529670248221815,1.107555532341102,-0.0009133255899960389,-0.13618894167317588,-0.0008326522602527467,0.02000002343908181
10.035900592803955,3.5725926008798986e-05,-0.5504350129959228,1.1072662052466742,-0.000905494766753425,-0.14042577200249343,-0.0008251911534923984,0.020000366938546583
10.035900592803955,-2.646466546080608e-05,-0.5480001296433573,1.1063977786684802,-0.0008938436444637417,-0.14149327136747047,-0.0008127162267344962,0.019999225909006244
10.035900592803955,-9.257691976152045e-05,-0.5455773905338688,1.1053640326188874,-0.000883491502806021,-0.14117067139376482,-0.0008007418049043986,0.019996689371241414
10.035900592803955,-9.968920774881278e-05,-0.5430759526527534,1.1049686828233023,-0.0008737963152918131,-0.1428884442875382,-0.0007931493559856541,0.020001776359220073
10.035900592803955,-8.947394765049074e-05,-0.5406394857558653,1.1041794334079018,-0.0008715271970628523,-0.14231524824453326,-0.0007903837278582448,0.02000068586905131
10.035900592803955,-5.913498451442421e-05,-0.538198460015218,1.103554194219957,-0.0008706319514936256,-0.1425055253650834,-0.000789537390405473,0.020000381077432777
10.035900592803955,-3.2991322089466694e-05,-0.5357875516411624,1.10288371379448,-0.0008704395809495844,-0.14244234738628683,-0.0007892298139651816,0.019999921018330504
10.035900592803955,-9.682133538172797e-06,-0.5333958803316449,1.1022366117386202,-0.0008703547276446268,-0.14246334176892098,-0.0007891363279607038,0.01999983277144055
10.035900592803955,8.844343575991075e-06,-0.5310268430301285,1.1015899852365325,-0.0008703353151820616,-0.14245638368006378,-0.0007891028403572075,0.019999787552795786
10.035900592803955,2.3289822099578686e-05,-0.5286790495952747,1.1009513574238174,-0.0008703245484291636,-0.1424587082323174,-0.0007890930848743738,0.0199997920460427
11.035900592803955,3.391509712954282e-05,-0.5263526986640346,1.10031815008055,-0.0008703202399127816,-0.14245795005279915,-0.000789089938269544,0.019999801283650517
11.035900592803955,4.1226132349366514e-05,-0.5240474634132507,1.0996911402718377,-0.000870316786334629,-0.14245821556029414,-0.0007890893759759637,0.01999981492956943
11.035900592803955,4.564177325800669e-05,-0.5217631938404013,1.0990699916585347,-0.0008703141437970659,-0.1424581410478247,-0.0007890895027810359,0.019999827988740365
11.035900592803955,4.757260473597137e-05,-0.5194996836203288,1.0984547384473895,-0.0008703117472617973,-0.14245817939205646,-0.0007890898751292246,0.019999840490041085
11.035900592803955,4.7386474180757136e-05,-0.5172567475152141,1.097845292595748,-0.0008703096039845235,-0.1424581801948098,-0.0007890902852113542,0.019999851940683672
11.035900592803955,4.5419077075233165e-05,-0.515034195654006,1.0972416074513125,-0.0008703076495803694,-0.14245819340206614,-0.0007890906858709508,0.01999986239695896
11.035900592803955,4.1972017178548945e-05,-0.5128318420516624,1.0966436234016816,-0.0008703058784118389,-0.1424582024264119,-0.0007890910560410587,0.019999871856124726
11.035900592803955,3.7315829555665105e-05,-0.5106495017579781,1.096051285914502,-0.0008703042752664594,-0.14245821277598825,-0.0007890913924604734,0.019999880376271865
11.035900592803955,3.1691615860871745e-05,-0.5084869917817032,1.0954645395379041,-0.0008703028308387424,-0.14245822262106717,-0.0007890916947761534,0.019999888009235425
11.035900592803955,2.531320424490116e-05,-0.5063441307611447,1.0948833298842597,-0.0008703015345699703,-0.14245823256884624,-0.0007890919646122977,0.019999894813459717
11.035900592803955,1.8369119325459984e-05,-0.5042207390511728,1.094307602962882,-0.0008703003765566769,-0.14245824241724134,-0.0007890922039034529,0.01999990084612214
11.035900592803955,1.1024559998390714e-05,-0.5021166386721647,1.0937373053932127,-0.0008702993468729357,-0.14245825223295508,-0.0007890924147741975,0.01999990616412256
11.035900592803955,3.423295861908629e-06,-0.500031653305011,1.093172384325714,-0.0008702984358620011,-0.1424582619934474,-0.0007890925993394903,0.019999910822847546
11.035900592803955,-4.310504086909731e-06,-0.4979656082710503,1.0926127874599287,-0.0008702976341217447,-0.1424582717058378,-0.0007890927596787234,0.01999991487598422
11.035900592803955,-1.2070526468115979e-05,-0.49591833051723394,1.0920584630303736,-0.0008702969325833452,-0.14245828136741673,-0.0007890928978035195,0.01999991837515221
11.035900592803955,-1.9766654940598303e-05,-0.4938896485997802,1.0915093598032155,-0.0008702963225448879,-0.14245829097875998,-0.0007890930156470227,0.01999992136971012
11.035900592803955,-2.7323402593961826e-05,-0.4918793926685558,1.090965427069464,-0.0008702957957062172,-0.14245830053937247,-0.0007890931150544533,0.019999923906589695
11.035900592803955,-3.467843694662806e-05,-0.489887394451442,1.0904266146394175,-0.0008702953441903498,-0.14245831004913442,-0.0007890931977778971,0.01999992603019511
11.035900592803955,-4.1781198416454936e-05,-0.48791348723893013,1.0898928728367914,-0.0008702949605589633,-0.1424583195078212,-0.0007890932654725792,0.019999927782337987
11.035900592803955,-4.8591611770618515e-05,-0.4859575058688646,1.0893641524930446,-0.0008702946378195723,-0.14245832891526158,-0.0007890933196951349,0.019999929202215647
11.035900592803955,-5.507888923076163e-05,-0.4840192867113582,1.0888404049417357,-0.0008702943694281559,-0.14245833827128523,-0.0007890933619028988,0.019999930326415234
11.035900592803955,-6.122042321279653e-05,-0.48209866765387116,1.0883215820129601,-0.0008702941492859286,-0.14245834757573933,-0.00078909339345454,0.019999931188947096
11.035900592803955,-6.700076600355167e-05,-0.4801954880864533,1.0878076360278532,-0.0008702939717329197,-0.14245835682848307,-0.0007890934156113967,0.019999931821296328
11.035900592803955,-7.241069326348302e-05,-0.4783095888871481,1.087298519793161,-0.0008702938315374067,-0.14245836602938872,-0.0007890934295397565,0.019999932252494686
11.035900592803955,-7.744634781435753e-05,-0.47644081240755676,1.0867941865958777,-0.0008702937238831568,-0.1424583751783408,-0.0007890934363136218,0.019999932509204434
11.035900592803955,-8.210845999085696e-05,-0.4745890024585608,1.0862945901979495,-0.000870293644354384,-0.14245838427523597,-0.000789093436917999,0.019999932615812916
11.035900592803955,-8.640164058119959e-05,-0.4727540042962002,1.085799684831043,-0.0008702935889190548,-0.14245839331998286,-0.0007890934322525548,0.01999993259453571
11.035900592803955,-9.03337423035398e-05,-0.47093566460770675,1.085309425191379,-0.0008702935539108492,-0.1424584023125015,-0.0007890934231355869,0.019999932465525484
11.035900592803955,-9.391528568976087e-05,-0.4691338314976896,1.0848237664346285,-0.0008702935360104764,-0.142458411252723,-0.0007890934103081371,0.01999993224698407
11.035900592803955,-9.715894527944322e-05,-0.46734835447447126,1.084342664170871,-0.0008702935322262105,-0.1424584201405894,-0.0007890933944382913,0.01999993195527722
11.035900592803955,-0.00010007909199006363,-0.46557908443657264,1.0838660744596167,-0.0008702935398743805,-0.14245842897605315,-0.0007890933761254859,0.01999993160504951
11.035900592803955,-0.00010269138772918056,-0.4638258736593439,1.0833939538048873,-0.0008702935565596876,-0.14245843775907743,-0.0007890933559048699,0.019999931209338434
11.035900592803955,-0.0001050124282430939,-0.4620885757817407,1.0829262591503583,-0.0008702935801556551,-0.1424584464896347,-0.0007890933342516305,0.0199999307796878
11.035900592803955,-0.00010705943050625584,-0.4603670457932428,1.0824629478745613,-0.0008702936087854948,-0.14245845516770772,-0.0007890933115852426,0.019999930326257385
11.035900592803955,-0.00010884996094437382,-0.4586611400209133,1.0820039777861423,-0.0008702936408034534,-0.14245846379328816,-0.0007890932882736023,0.019999929857930063
11.035900592803955,-0.00011040170105709085,-0.4569707161165968,1.081549307119181,-0.0008702936747766474,-0.14245847236637738,-0.0007890932646370672,0.019999929382414874
11.035900592803955,-0.00011173224705303114,-0.4552956330442545,1.0810988945285651,-0.0008702937094674597,-0.14245848088698507,-0.0007890932409523647,0.01999992890634715
11.035900592803955,-0.00011285894042814399,-0.4536357510674343,1.0806526990854206,-0.0008702937438170825,-0.1424584893551297,-0.0007890932174562581,0.019999928435381082
11.035900592803955,-0.00011379872644015728,-0.45199093173687377,1.0802106802725997,-0.0008702937769290728,-0.14245849777083827,-0.0007890931943492031,0.019999927974282565
11.035900592803955,-0.00011456803772797786,-0.45036103787823456,1.0797727979802199,-0.0008702938080545939,-0.14245850613414568,-0.0007890931717986363,0.019999927527011782
11.035900592803955,-0.00011518270044231925,-0.44874593357996656,1.0793390125012603,-0.0008702938365778743,-0.14245851444509472,-0.0007890931499422146,0.019999927096804582
11.035900592803955,-0.00011565786047661587,-0.4471454841812993,1.0789092845272092,-0.0008702938620027633,-0.14245852270373585,-0.0007890931288908172,0.019999926686247064
11.035900592803955,-0.00011600792745932325,-0.4455595562603599,1.0784835751437656,-0.0008702938839398963,-0.14245853091012683,-0.0007890931087314032,0.01999992629734729
11.035900592803955,-0.0001162465344981374,-0.4439880176224147,1.0780618458265896,-0.0008702939020952853,-0.14245853906433265,-0.000789093089529561,0.019999925931598245
11.035900592803955,-0.0001163865116680671,-0.44243073728823357,1.0776440584371068,-0.0008702939162587832,-0.1424585471664253,-0.000789093071332088,0.01999992559004134
11.035900592803955,-0.00011643987150924104,-0.44088758548257556,1.077230175218361,-0.0008702939262945309,-0.14245855521648332,-0.0007890930541691179,0.019999925273319456
11.035900592803955,-0.00011641780485902938,-0.4393584336227936,1.0768201587909183,-0.0008702939321308009,-0.142458563214592,-0.0007890930380563988,0.01999992498173221
11.035900592803955,-0.00011633068554762968,-0.4378431543075566,1.0764139721488173,-0.0008702939337519392,-0.1424585711608426,-0.0007890930229970897,0.019999924715280525
11.035900592803955,-0.00011618808262890397,-0.4363416213056883,1.0760115786555708,-0.0008702939311903252,-0.14245857905533293,-0.0007890930089835621,0.019999924473710278
11.035900592803955,-0.00011599877889210661,-0.4348537095451203,1.075612942040212,-0.0008702939245188651,-0.14245858689816646,-0.000789092995999081,0.01999992425655321
11.035900592803955,-0.00011577079455166998,-0.43337929510195855,1.0752180263933895,-0.0008702939138447569,-0.14245859468945252,-0.0007890929840191993,0.019999924063160913
11.035900592803955,-0.00011551141514423789,-0.43191825518966115,1.074826796163507,-0.0008702938993033903,-0.14245860242930572,-0.0007890929730131259,0.01999992389273777
11.035900592803955,-0.00011522722272509554,-0.43047046814832685,1.074439216152911,-0.0008702938810529407,-0.14245861011784666,-0.0007890929629449399,0.01999992374437007
11.035900592803955,-0.0001149241295743591,-0.42903581343409203,1.0740552515141208,-0.0008702938592696476,-0.14245861775520025,-0.0007890929537746432,0.019999923617051784
11.035900592803955,-0.00011460741373603847,-0.4276141716086356,1.073674867746104,-0.0008702938341434353,-0.14245862534149745,-0.0007890929454591503,0.01999992350970768
11.035900592803955,-0.00011428175576597782,-0.4262054243287893,1.0732980306905968,-0.0008702938058742307,-0.14245863287687333,-0.0007890929379531111,0.01999992342121322
11.035900592803955,-0.00011395127616618638,-0.42480945433625333,1.0729247065284644,-0.0008702937746686492,-0.14245864036146802,-0.0007890929312096557,0.019999923350412275
11.035900592803955,-0.0001136195730100659,-0.4234261454474157,1.0725548617761076,-0.0008702937407367308,-0.14245864779542608,-0.0007890929251811275,0.019999923296134522
11.035900592803955,-0.00011328975941734568,-0.42205538254327296,1.0721884632819092,-0.0008702937042898454,-0.14245865517889664,-0.000789092919819558,0.019999923257206183
11.035900592803955,-0.00011296450048377684,-0.42069705155945275,1.0718254782227228,-0.0008702936655381013,-0.14245866251203285,-0.0007890929150772453,0.019999923232464124
11.035900592803955,-0.00011264604937628521,-0.4193510394763358,1.0714658741004004,-0.0008702936246885806,-0.1424586697949922,-0.0007890929109071516,0.019999923220765038
11.035900592803955,-0.00011233628243151236,-0.41801723430927634,1.0711096187383642,-0.0008702935819438736,-0.14245867702793627,-0.0007890929072632372,0.019999923220992828
11.035900592803955,-0.00011203673300125007,-0.4166955250989201,1.070756680278214,-0.0008702935375006892,-0.1424586842110299,-0.0007890929041007717,0.019999923232065994
11.035900592803955,-0.00011174862391297229,-0.4153858019016186,1.070407027176377,-0.0008702934915487868,-0.14245869134444242,-0.0007890929013765738,0.01999992325294322
11.035900592803955,-0.00011147289842428347,-0.41408795577993834,1.0700606282007947,-0.0008702934442698434,-0.14245869842834608,-0.0007890928990492733,0.01999992328262867
11.035900592803955,-0.00011121024956025834,-0.41280187879326385,1.0697174524276487,-0.0008702933958372935,-0.1424587054629171,-0.0007890928970793359,0.019999923320173685
11.035900592803955,-0.00011096114783883713,-0.41152746398849444,1.0693774692381233,-0.0008702933464154149,-0.14245871244833458,-0.0007890928954292838,0.019999923364680237
11.035900592803955,-0.00011072586728846909,-0.41026460539083126,1.0690406483152068,-0.0008702932961591998,-0.14245871938478114,-0.0007890928940637179,0.01999992341530211
11.035900592803955,-0.0001105045097585836,-0.4090131979946569,1.0687069596405294,-0.0008702932452139764,-0.14245872627244255,-0.0007890928929494045,0.01999992347124666
11.035900592803955,-0.00011029702755074375,-0.4077731377545033,1.0683763734912355,-0.0008702931937155309,-0.14245873311150703,-0.0007890928920552522,0.019999923531773652
11.035900592803955,-0.00011010324436360676,-0.4065443215761092,1.0680488604368934,-0.0008702931417899878,-0.1424587399021663,-0.0007890928913523354,0.01999992359619608
11.035900592803955,-0.000109922874602802,-0.40532664730756485,1.067724391336441,-0.0008702930895539403,-0.1424587466446145,-0.00078909289081387,0.019999923663879027
11.035900592803955,-0.00010975554106915992,-0.4041200137305437,1.067402937335164,-0.0008702930371145411,-0.14245875333904864,-0.0007890928904151916,0.01999992373423907
11.035900592803955,-0.00010960079112291783,-0.4029243205516194,1.067084469861712,-0.0008702929845699264,-0.1424587599856679,-0.0007890928901336615,0.019999923806741957
11.035900592803955,-0.00010945811134225582,-0.4017394683936682,1.0667689606251445,-0.0008702929320093326,-0.14245876658467435,-0.0007890928899486408,0.01999992388090176
11.035900592803955,-0.00010932694077190626,-0.4005653587873549,1.0664563816120138,-0.0008702928795136372,-0.14245877313627206,-0.0007890928898413688,0.019999923956277945
11.035900592803955,-0.00010920668282469835,-0.39940189416270144,1.0661467050834796,-0.0008702928271554224,-0.1424587796406675,-0.0007890928897949538,0.019999924032474553
11.035900592803955,-0.00010909671589170132,-0.3982489778407382,1.0658399035724564,-0.0008702927749996838,-0.14245878609806936,-0.0007890928897942076,0.01999992410913686
11.035900592803955,-0.00010899640273660071,-0.3971065140252353,1.065535949880793,-0.0008702927231040034,-0.14245879250868812,-0.0007890928898256093,0.019999924185950126
11.035900592803955,-0.00010890509878710572,-0.3959744077945154,1.065234817076486,-0.0008702926715190868,-0.14245879887273682,-0.0007890928898771887,0.01999992426263636
11.035900592803955,-0.00010882215935634429,-0.394852565093345,1.0649364784909197,-0.000870292620289203,-0.14245880519042947,-0.0007890928899384239,0.019999924338952195
11.035900592803955,-0.00010874694590132572,-0.39374089272490437,1.0646409077161436,-0.0008702925694526188,-0.14245881146198286,-0.0007890928900001438,0.019999924414686555
11.035900592803955,-0.00010867883135143418,-0.39263929834283534,1.0643480786021764,-0.0008702925190419013,-0.14245881768761473,-0.0007890928900544617,0.019999924489658785
11.035900592803955,-0.00010861720462883962,-0.3915476904433657,1.0640579652543403,-0.0008702924690844876,-0.14245882386754485,-0.0007890928900946468,0.019999924563715667
11.035900592803955,-0.00010856147440892942,-0.3904659783575096,1.0637705420306278,-0.0008702924196030811,-0.14245883000199447,-0.0007890928901150369,0.019999924636729102
11.035900592803955,-0.00010851107216324113,-0.3893940722433434,1.0634857835390954,-0.0008702923706159556,-0.14245883609118645,-0.000789092890110967,0.01999992470859474
11.035900592803955,-0.0001084654545891069,-0.38833188307835526,1.0632036646352883,-0.0008702923221373986,-0.14245884213534463,-0.0007890928900786707,0.019999924779229405
11.035900592803955,-0.00010842410548352432,-0.38727932265186893,1.062924160419693,-0.0008702922741782512,-0.14245884813469453,-0.0007890928900151607,0.01999992484856816
11.035900592803955,-0.00010838653709406141,-0.3862363035575401,1.062647246235219,-0.0008702922267459103,-0.142458854089463,-0.0007890928899182272,0.019999924916564285
11.035900592803955,-0.00010835229102664452,-0.38520273918592446,1.0623728976647073,-0.0008702921798450418,-0.14245885999987776,-0.0007890928897862763,0.019999924983185594
11.035900592803955,-0.00010832093874998586,-0.38417854371711774,1.0621010905284687,-0.0008702921334775806,-0.14245886586616793,-0.0007890928896183319,0.01999992504841422
11.035900592803955,-0.00010829208173842283,-0.3831636321134656,1.0618318008818481,-0.0008702920876433236,-0.14245887168856342,-0.0007890928894138986,0.019999925112243817
11.035900592803955,-0.00010826535135041748,-0.3821579201123435,1.0615650050128158,-0.0008702920423399892,-0.14245887746729533,-0.0007890928891729572,0.019999925174678454
11.035900592803955,-0.00010824040837297473,-0.38116132421900584,1.0613006794395863,-0.0008702919975634819,-0.14245888320259545,-0.0007890928888958916,0.01999992523573233
11.035900592803955,-0.00010821694240376911,-0.380173761699503,1.061038800908263,-0.0008702919533083511,-0.14245888889469685,-0.0007890928885833973,0.019999925295426355
11.035900592803955,-0.00010819467101999306,-0.3791951505736663,1.0607793463905097,-0.0008702919095678712,-0.14245889454383284,-0.0007890928882364576,0.019999925353788226
11.035900592803955,-0.00010817333880981616,-0.37822540960815976,1.0605222930812472,-0.0008702918663342618,-0.14245890015023793,-0.0007890928878562956,0.01999992541085108
11.035900592803955,-0.00010815271625315309,-0.3772644583095981,1.0602676183963746,-0.0008702918235987741,-0.142458905714147,-0.0007890928874443554,0.01999992546665302
11.035900592803955,-0.00010813259851217484,-0.3763122169177301,1.0600152999705181,-0.0008702917813520689,-0.14245891123579568,-0.0007890928870022136,0.019999925521235376
11.035900592803955,-0.00010811280415964123,-0.37536860639868735,1.0597653156548026,-0.0008702917395842553,-0.14245891671542027,-0.0007890928865315745,0.01999992557464214
12.035900592803955,-0.00010809317384519269,-0.3744335484382961,1.0595176435146476,-0.0008702916982850672,-0.14245892215325728,-0.0007890928860342284,0.019999925626919293
12.035900592803955,-0.00010807356893614317,-0.37350696543545386,1.0592722618275896,-0.0008702916574439781,-0.14245892754954398,-0.0007890928855120264,0.01999992567811405
12.035900592803955,-0.00010805387012184537,-0.3725887804955681,1.059029149081126,-0.0008702916170501795,-0.14245893290451786,-0.0007890928849668839,0.01999992572827509
12.035900592803955,-0.00010803397603570742,-0.37167891742405706,1.0587882839705847,-0.0008702915770929854,-0.14245893821841699,-0.0007890928844006905,0.01999992577745043
12.035900592803955,-0.00010801380190192034,-0.37077730071991305,1.0585496453970142,-0.0008702915375616849,-0.14245894349147933,-0.0007890928838153455,0.019999925825687926
12.035900592803955,-0.00014444798176007457,-0.3698491029782115,1.0584286443368542,-0.000864187227430986,-0.14383273436095506,-0.0007832687748297382,0.019998616706625186
12.035900592803955,-0.0002286288927179703,-0.3689633181916507,1.0581020172967202,-0.0008541723368718471,-0.14394503871077335,-0.0007736733129360062,0.01999877489815998
12.035900592803955,-0.00029830059066554446,-0.3680761661024561,1.0577946631322332,-0.0008448150638488027,-0.14387598712011954,-0.000764610877834027,0.019998779958264726
12.035900592803955,-0.0003743578312814962,-0.3671758616853645,1.0576173358488894,-0.0008322456792574938,-0.1443179070942202,-0.0007535963128325296,0.019999947990010303
12.035900592803955,-0.00042367462342495345,-0.36629775580694696,1.057350740352041,-0.0008226157505519644,-0.14413340484951595,-0.0007445762476785724,0.019999812878213636
12.035900592803955,-0.0004791510030461018,-0.3654227772148672,1.0571199536111495,-0.0008108123745088729,-0.14409243019639695,-0.0007340174679134029,0.019999950354935882
12.035900592803955,-0.0005166208708670956,-0.3645591274100697,1.0568873233193334,-0.0008000013982816373,-0.14399000779933824,-0.0007242564172810513,0.02000016603380552
12.035900592803955,-0.0005276557816562294,-0.36370165629882795,1.0566924083766458,-0.0007910435586801304,-0.14399079390766742,-0.0007161487566445611,0.020000040998517363
12.035900592803955,-0.0005563883323281502,-0.3628761253814647,1.0563982235572502,-0.0007806712888873495,-0.1432367772939966,-0.0007067184463992916,0.019999628576003722
12.035900592803955,-0.0005612623815637412,-0.36204396155732854,1.0562315999462333,-0.0007708395886340785,-0.14318878509819252,-0.0006981240849043067,0.02000012291845893
12.035900592803955,-0.0005611482439362138,-0.3612358470986453,1.0560116345192538,-0.000761568268691967,-0.142848842159371,-0.0006897854645617211,0.019999912065580706
12.035900592803955,-0.0005548847985433381,-0.36044720104647143,1.055791197819248,-0.0007528277918585775,-0.1422809534559258,-0.0006819852121609872,0.01999982542161658
12.035900592803955,-0.0005422093569722252,-0.359683956154036,1.0555701250191993,-0.0007449245512707418,-0.1413577714407689,-0.0006750102267427941,0.019999735278952754
12.035900592803955,-0.0005169689471383926,-0.3589220525705747,1.0554472124491732,-0.0007369453776050731,-0.14112423766388102,-0.0006681866806672925,0.019999870409262932
12.035900592803955,-0.0004948280355014963,-0.35819400845990595,1.0552543874734823,-0.0007292651326193983,-0.14047618511977222,-0.0006613939008050275,0.01999962853426704
12.035900592803955,-0.00046973095400427837,-0.35748908574316246,1.0550735970327358,-0.0007220637741503563,-0.1396279271428483,-0.0006551258866284639,0.01999962043523631
12.035900592803955,-0.00041845162239100193,-0.3567781816902314,1.0551593818335034,-0.0007156801920943774,-0.1396911036970301,-0.0006507937412852073,0.020001753600104623
12.035900592803955,-0.00040622042713185495,-0.3561676670310036,1.0547101842839783,-0.0007103427804808329,-0.13712454194805163,-0.0006449491410077455,0.019998784235159158
12.035900592803955,-0.00036347705136780163,-0.3555168419278961,1.0547246057721376,-0.0007035071968794172,-0.137046531091433,-0.0006396983153322111,0.01999987069455219
12.035900592803955,-0.00031257629058755853,-0.3548939010224232,1.0547743618549115,-0.0006978094009585193,-0.13690228921638106,-0.0006356463752734498,0.02000123015633908
12.035900592803955,-0.0002787030729350283,-0.3543255568661229,1.0545954296910178,-0.0006929123415679765,-0.13557447100359876,-0.0006311968330516445,0.020000273250239068
12.035900592803955,-0.0002571297361572449,-0.35378183743369923,1.0543846104574912,-0.000686975075195229,-0.13428684118042025,-0.0006256259602593416,0.019999169205999028
12.035900592803955,-0.00020745792547612876,-0.35321712986867904,1.0545065593231513,-0.0006811887888337014,-0.13459202938885823,-0.0006215519832810215,0.02000097225525716
12.035900592803955,-0.00019884795718286337,-0.3527560754846927,1.0541329597276428,-0.0006768452123901128,-0.13185335514474844,-0.0006168630154176439,0.01999876712462601
12.035900592803955,-0.00016695279599492657,-0.35229888643118545,1.0540771921711327,-0.0006732939402687682,-0.12981246285502668,-0.0006144221755423049,0.019999425540203973
12.035900592803955,-0.00012083237862939353,-0.3518511093228457,1.054150782324999,-0.0006698725939214783,-0.12885335208086052,-0.0006122099647569678,0.019999602626217375
12.035900592803955,-8.651980195591588e-05,-0.3514571961755783,1.0541282053516374,-0.00066648198020203,-0.1274903805127795,-0.0006096671647606685,0.019999221232507716
12.035900592803955,-6.039314398710795e-05,-0.35111569340824766,1.054066932172845,-0.000663835874824749,-0.1253436914674434,-0.0006077920315340784,0.019999046546267878
12.035900592803955,3.475848091383501e-06,-0.3507402909296101,1.0546218775387834,-0.0006605232467003234,-0.12566585228122876,-0.0006079956370820549,0.020004106164927052
12.035900592803955,-7.587739454966206e-07,-0.35055765721612514,1.0540151683187968,-0.0006611756376796468,-0.12044650569877736,-0.0006064136180886947,0.01999780300758938
12.035900592803955,4.496017667131213e-05,-0.3502919436257649,1.0543298979991351,-0.0006582308752369493,-0.12001830083190239,-0.0006055616856858528,0.019999711650979152
12.035900592803955,7.137563905648223e-05,-0.35009456178228926,1.0543865039179876,-0.0006559163263796489,-0.11861682017051707,-0.0006039873088727136,0.019999164504765403
12.035900592803955,7.769941806323615e-05,-0.3499827408062867,1.0543008498646795,-0.0006552133020849462,-0.1151115216907789,-0.000603744172296884,0.019998565360622236
12.035900592803955,0.00011431430874990946,-0.3498398282876687,1.0546027365564086,-0.0006538378976488308,-0.11407465038240372,-0.0006039159692557157,0.019999581111172157
12.035900592803955,0.00017171377185201109,-0.34970402348822344,1.0549278120128682,-0.0006528594316999538,-0.11483143565795297,-0.0006039796113199306,0.020000592162821264
12.035900592803955,0.000210041350398702,-0.3496249793448956,1.055008907655796,-0.0006528527048137683,-0.11458313603961735,-0.0006038822627750528,0.01999969797425858
12.035900592803955,0.0002447558861570119,-0.3495389424539083,1.0551544132715984,-0.0006527492844697888,-0.1146651729964924,-0.0006038884111197961,0.01999973461921927
12.035900592803955,0.00027078598703211766,-0.34945707077652743,1.0552762889302088,-0.0006527458604749977,-0.1146380939549864,-0.000603878326758465,0.01999967192676209
12.035900592803955,0.00029052258668177996,-0.3493749292974046,1.0554041629314246,-0.0006527311741087396,-0.11464703680882858,-0.0006038798444845108,0.01999970358951157
12.035900592803955,0.0003040557219872547,-0.34929392624755917,1.0555283007312035,-0.0006527272963770867,-0.11464408680801627,-0.0006038796626308122,0.019999719834981437
12.035900592803955,0.00031225332097222283,-0.3492135838636155,1.0556519361399284,-0.0006527222823272553,-0.11464506320962316,-0.0006038807319622017,0.01999974434734653
12.035900592803955,0.0003156967697934463,-0.3491340497382858,1.055774019644584,-0.0006527186118959513,-0.11464474328269772,-0.0006038815742917463,0.01999976577864314
12.035900592803955,0.0003150154242770302,-0.3490552652366832,1.0558949156011028,-0.0006527150135584017,-0.11464485131618735,-0.0006038825014315546,0.019999786814411565
12.035900592803955,0.00029735308342529774,-0.3489830721528383,1.0561251645508511,-0.0006513658244402769,-0.11429973673693695,-0.0006034448099959929,0.020000640082062163
12.035900592803955,0.00027213047768355746,-0.34893108661907385,1.0560891428426742,-0.0006508443709200453,-0.11327551317595852,-0.0006024718034232581,0.01999974966825534
12.035900592803955,0.00026822552532246806,-0.34886038017849497,1.0562838873879872,-0.0006502952865543926,-0.1136154721655505,-0.0006023027612460433,0.020000233480358957
12.035900592803955,0.0002585574234233613,-0.34880557207616164,1.0563837607289983,-0.0006502604437528348,-0.11350332815899734,-0.0006021926954308906,0.019999891144608452
12.035900592803955,0.0002493258132555892,-0.34874703340480656,1.0565126475883393,-0.0006502057943525222,-0.11354034796045577,-0.0006021733994045432,0.01999990901076547
12.035900592803955,0.00023799594295899766,-0.3486905205475077,1.0566302462549557,-0.0006502021126359485,-0.1135281314434255,-0.0006021614834277017,0.019999875939596665
12.035900592803955,0.0002255687116166851,-0.348634080949825,1.0567499054762852,-0.000650195018929468,-0.11353216580077106,-0.0006021597087415022,0.01999988740976262
12.035900592803955,0.00021204454870536713,-0.3485783491972164,1.0568672382516806,-0.0006501932448740165,-0.11353083632406794,-0.0006021587831763027,0.019999893086167314
12.035900592803955,0.00019777607525090055,-0.3485231085255726,1.0569837097410282,-0.0006501911422126649,-0.113531277225213,-0.0006021589467788093,0.01999990267887419
12.035900592803955,0.00018297907538428334,-0.3484684233765084,1.057098853233183,-0.0006501897350097407,-0.1135311337712658,-0.0006021591705591149,0.01999991070217626
12.035900592803955,0.00016788217064684618,-0.34841426544353826,1.057212839476379,-0.0006501884240349941,-0.11353118317057866,-0.0006021594771666166,0.01999991827544015
12.035900592803955,9.12307475750702e-05,-0.3485058666539702,1.0568603641424268,-0.0006524098291304192,-0.10789482275128898,-0.0006034906083944604,0.01999742321071984
12.035900592803955,0.0001248669528426968,-0.348400811227499,1.0576342661779157,-0.0006517819904591174,-0.11057879966084241,-0.0006052801175408045,0.020001738751682523
12.035900592803955,0.00010620008707250332,-0.3484473082850751,1.0576086820922508,-0.0006525647143525142,-0.10969663014883999,-0.0006054658552485661,0.019999506695067445
12.035900592803955,9.939335312927014e-05,-0.3484629666700318,1.0578177433580898,-0.0006524564518928888,-0.10998765931183267,-0.0006056670221653679,0.020000007189587297
12.035900592803955,8.718783844422596e-05,-0.348490065718493,1.0579463219490073,-0.0006525296665481096,-0.10989169222664305,-0.0006056890316556325,0.01999986120459397
12.035900592803955,6.473197172033548e-05,-0.3485477386542987,1.0585928769315467,-0.0006517830784232874,-0.10840224863639021,-0.0006087092047788028,0.020006596245431264
12.035900592803955,2.3587854620180372e-05,-0.34870044932024286,1.0580770733167926,-0.0006564474757537596,-0.10388864690722507,-0.0006099776181249262,0.019998886699810835
12.035900592803955,4.0239292096396406e-05,-0.3487714847624144,1.058583111080068,-0.0006561190568669917,-0.10538371405871826,-0.000611129389347396,0.020000603442728394
12.035900592803955,2.7472694215529738e-05,-0.3489080277195584,1.0586755156805214,-0.0006565394074635918,-0.10489153902853918,-0.0006112819506496941,0.01999960504431524
12.035900592803955,2.1789316866614362e-05,-0.34902510715709684,1.058898930304911,-0.0006564803451897729,-0.10505366833770616,-0.0006114106737791985,0.019999965754397084
12.035900592803955,1.3509283680987555e-05,-0.34914742757171074,1.0590764960069177,-0.0006565203616481877,-0.10500026748092152,-0.0006114281794561587,0.019999901491719176
12.035900592803955,6.498545747856579e-06,-0.3492666390006278,1.0592666248227978,-0.0006565126131121929,-0.10501785777479504,-0.0006114423991916469,0.019999948188565222
12.035900592803955,-3.168778592139268e-07,-0.34938548832478955,1.059450110146411,-0.0006565166116786608,-0.10501206473112067,-0.0006114443678531602,0.019999942172637914
12.035900592803955,-6.527140581198218e-06,-0.3495030814416604,1.0596333041744772,-0.0006565156983046001,-0.1050139737415966,-0.0006114459237031294,0.019999947145435053
12.035900592803955,-1.2258543514811942e-05,-0.3496197246017199,1.0598141396483531,-0.0006565161473460023,-0.10501334581821349,-0.0006114461300601639,0.01999994618165837
12.035900592803955,-0.00011519928265176478,-0.3499651693484959,1.0592279323867806,-0.0006607480301419734,-0.09580608271519557,-0.0006142266956328204,0.01999588235647347
12.035900592803955,-4.691831453733112e-05,-0.3499874549534135,1.0604753212619342,-0.0006602178466268631,-0.10018419712515308,-0.0006176162088692012,0.02000269713885159
12.035900592803955,-6.674682259791444e-05,-0.350250428075529,1.0604184190118224,-0.0006614833959914585,-0.09874903711943205,-0.0006180756237929734,0.019999183370705158
12.035900592803955,-6.628633417983922e-05,-0.3504630655575884,1.060743570131863,-0.0006613352581821933,-0.0992212407320129,-0.0006184588671225716,0.020000069275103262
12.035900592803955,-7.366312216981405e-05,-0.3506920948426611,1.060938294613214,-0.0006614517217129387,-0.09906594259840433,-0.0006185121797171656,0.019999848467712935
12.035900592803955,-7.764231662012926e-05,-0.35091325501976833,1.061172813397068,-0.0006614316548092723,-0.09911702098737087,-0.0006185543714743626,0.019999975190447557
12.035900592803955,-8.147930899471344e-05,-0.35113438954403425,1.061391259533511,-0.0006614437232317641,-0.09910022146431664,-0.0006185602137720775,0.019999952863177933
12.035900592803955,-8.408474623464731e-05,-0.3513529301310654,1.0616120432940657,-0.0006614418111284785,-0.0991057469644054,-0.0006185646866521001,0.01999996357500086
12.035900592803955,-8.591410986981719e-05,-0.35156974352990084,1.0618291393311494,-0.0006614435472020262,-0.09910392975160837,-0.000618565187891323,0.01999995780165048
12.035900592803955,-8.694348929746639e-05,-0.35178456729495916,1.0620445586353409,-0.0006614437971734466,-0.09910452755396648,-0.0006185655356755742,0.01999995577681718
12.035900592803955,-0.0001048152688756348,-0.35204419768194717,1.0629317482505722,-0.0006608176607639854,-0.09701313495324809,-0.0006227098691023663,0.020008923075087445
12.035900592803955,-0.0001649565661864892,-0.35241615150698197,1.062227641384622,-0.0006668270245136981,-0.09084478186972401,-0.0006244844837091897,0.019998208821247546
12.035900592803955,-0.00014499628831375605,-0.35268054309107033,1.0629194052294373,-0.0006663612909579139,-0.09288157792423467,-0.0006261002405557044,0.020000835931710394
12.035900592803955,-0.00016236994468710346,-0.35303030227805005,1.0630475299375368,-0.0006668616262506948,-0.0922131886882063,-0.0006263203046193059,0.019999567651742666
12.035900592803955,-0.0001674619901095928,-0.35335291812193026,1.063353648619889,-0.0006667821112391262,-0.092432666642287,-0.000626500036945371,0.020000060509737492
12.035900592803955,-0.0003005594201975462,-0.3539443084235547,1.0626804874051332,-0.0006714842444696357,-0.08139361347617763,-0.0006295031902382273,0.01999455090037644
12.035900592803955,-0.00024441773465729407,-0.35415155839237156,1.0642030759421022,-0.0006707218226599081,-0.08662201636187482,-0.0006333937949517829,0.020002978499634925
12.035900592803955,-0.00028808982807944366,-0.35463626034401646,1.064167930350149,-0.0006719635037300911,-0.08491416302464347,-0.0006338922095750206,0.019999163029425723
12.035900592803955,-0.00030131788774532566,-0.3550615883386001,1.0645873114611064,-0.0006717678056176199,-0.08547410591246035,-0.0006343336893001616,0.020000275058869997
12.035900592803955,-0.0003188661612260843,-0.35550406675521057,1.0648517024551418,-0.000671883116187209,-0.08529059942645005,-0.0006343909448566112,0.019999999782076297
12.035900592803955,-0.0004600847534589535,-0.3561930668440674,1.0642461312645333,-0.0006761221595339409,-0.0744187361331758,-0.0006371285101756205,0.01999441882652493
12.035900592803955,-0.0004211835791431534,-0.35650698125382496,1.065789608732437,-0.0006752745016080574,-0.07958189321591103,-0.0006408189836723904,0.020002876587604038
12.035900592803955,-0.00047575824459464863,-0.3570903274805893,1.0657931239545448,-0.0006763643833628624,-0.07789854524685573,-0.0006412632013980093,0.01999929825727653
12.035900592803955,-0.0004958906053697285,-0.35761524169786346,1.0662442910165835,-0.0006761664931965451,-0.07844942532731307,-0.00064168177184819,0.0200004048976056
12.035900592803955,-0.0005165988821107806,-0.3581557026722077,1.0665426052797937,-0.0006762696253768523,-0.07826922423541675,-0.0006417322236250804,0.020000119557383844
12.035900592803955,-0.0005262117798052262,-0.35868488199981563,1.066886445138575,-0.0006762501356491977,-0.07832817207946281,-0.0006417763576046881,0.020000221761708688
13.035900592803955,-0.0005296353448104959,-0.3592114310074795,1.067211058717657,-0.0006762650323437723,-0.07830888615178895,-0.000641780475634576,0.02000015887189031
13.035900592803955,-0.0005265702237347242,-0.3597325627331404,1.067537677689052,-0.0006762669436337219,-0.07831519293019733,-0.0006417838510919321,0.02000013847033669
13.035900592803955,-0.0005183930382591063,-0.36024924413963627,1.0678593989649707,-0.0006762722851253042,-0.0783131275330658,-0.0006417830156267274,0.020000103187184697
13.035900592803955,-0.0005058423086853856,-0.3607612145002453,1.0681785225608933,-0.0006762759188611649,-0.07831380095891886,-0.0006417822044631523,0.020000075167477517
13.035900592803955,-0.0006381100147706455,-0.3615404828373792,1.0675094233457356,-0.0006806668674780205,-0.0665790317175019,-0.0006444816154980933,0.019993530542348207
13.035900592803955,-0.0005951187721855428,-0.3619203614227229,1.0691627032713715,-0.0006797617196195949,-0.07213616929801807,-0.0006483308911100966,0.0200027176470913
13.035900592803955,-0.0006514399226120101,-0.36258487843231013,1.0691589483392083,-0.0006807825358233458,-0.07032806059577064,-0.0006487808271420472,0.019999223373527424
13.035900592803955,-0.0006690188883570494,-0.36318739571516173,1.0696362077195467,-0.0006805658183956257,-0.07091855832093119,-0.0006492193991092147,0.020000473129087426
13.035900592803955,-0.0006857423003034759,-0.3638058095217172,1.0699496877628576,-0.0006806624284594068,-0.07072579147350638,-0.0006492702628545355,0.020000174899481346
13.035900592803955,-0.0006895880213416474,-0.36441191171986703,1.0703119421374987,-0.0006806425231519238,-0.0707887205174658,-0.0006493159188867563,0.020000273226178717
13.035900592803955,-0.000686071635621339,-0.365014783969169,1.0706537311744257,-0.000680657764872832,-0.07076817349273684,-0.0006493196345498998,0.020000197515448296
13.035900592803955,-0.0006751160016772666,-0.3656115121944135,1.0709977106622088,-0.0006806604978763004,-0.07077487836086767,-0.0006493227719650823,0.020000167989875403
13.035900592803955,-0.0006583817289132596,-0.3662031113569049,1.0713365286367258,-0.0006806665832422259,-0.07077268647892795,-0.000649321557666025,0.020000124142214606
13.035900592803955,-0.0006368227839817118,-0.3667893140241154,1.0716726288867555,-0.000680670904880525,-0.07077339909399873,-0.0006493204299894095,0.02000008897886111
13.035900592803955,-0.0006481697200495669,-0.367425904246836,1.072815227319053,-0.0006802796335638518,-0.0682325422252135,-0.0006534731745661966,0.020009160756508573
13.035900592803955,-0.0007810988145983084,-0.36816970719943626,1.0720226416953802,-0.0006853298367180824,-0.060807051973216855,-0.0006548321719682463,0.019996714711443694
13.035900592803955,-0.0008087869439604372,-0.3687950073650825,1.0729088760101244,-0.0006845907382396788,-0.06323955017373628,-0.0006565391082775133,0.020001075150320062
13.035900592803955,-0.0008624448413677205,-0.3695123868399003,1.073121448381791,-0.0006849218983488224,-0.062447655805970136,-0.0006567333859231919,0.019999985545740347
13.035900592803955,-0.0008871377180656001,-0.37019693406897997,1.0735444422164624,-0.0006848245174256983,-0.06270561574003661,-0.0006569193931619679,0.020000538073562862
13.035900592803955,-0.0009015006409072179,-0.37088428350024377,1.0738938958463766,-0.0006848643165658821,-0.06262158864875723,-0.0006569383749976756,0.020000361059991305
13.035900592803955,-0.0009019487948354641,-0.3715625484846823,1.0742625527674787,-0.0006848609974523829,-0.06264895495965044,-0.0006569555601981476,0.020000352198438008
13.035900592803955,-0.0008922341032349902,-0.37223565009271314,1.0746202618911418,-0.0006848719237262432,-0.06264003721692889,-0.0006569550309166615,0.020000274399725546
13.035900592803955,-0.0008735488395091098,-0.372902382071522,1.074976891081434,-0.0006848776917256873,-0.06264293826208052,-0.0006569544925956647,0.020000221252680812
13.035900592803955,-0.0008477006720681022,-0.3735632096860356,1.075329271441236,-0.0006848843573118456,-0.06264198960865906,-0.0006569522989043188,0.02000016644989195
13.035900592803955,-0.0009964739768920376,-0.3745048759774783,1.0745955950558008,-0.0006888953990451435,-0.04977694692620895,-0.0006592704146440814,0.01999199342111577
13.035900592803955,-0.0009981076914160655,-0.3750215177511766,1.0764015363620307,-0.0006878156487969907,-0.05585400867205382,-0.0006630703302131347,0.020002205286655
13.035900592803955,-0.0012137477304479502,-0.3760156496222438,1.0756868420844192,-0.0006903581713251021,-0.04553460400383785,-0.0006645164388255922,0.019994060511603493
13.035900592803955,-0.0013558451699846735,-0.3768062621393046,1.0765858886976667,-0.0006899706918871887,-0.04358976968153677,-0.0006678600784987461,0.019999210118644476
13.035900592803955,-0.001427845976498949,-0.37759940293301936,1.077417821329868,-0.0006896615082644637,-0.045186452285460504,-0.0006695774593736949,0.020002051203909594
13.035900592803955,-0.0014954391767846257,-0.378489905450222,1.0777273471985582,-0.0006898515201604248,-0.04467252249372255,-0.0006699082460990532,0.020000797469712124
13.035900592803955,-0.0015272765459086995,-0.3793592766979228,1.078169129072897,-0.000689817602782685,-0.04483917248037006,-0.0006700895496533349,0.020000913951129986
13.035900592803955,-0.0015374175673272344,-0.380226503200333,1.0785616844917434,-0.0006898474560742017,-0.04478516956598672,-0.0006701203933351255,0.02000069446320196
13.035900592803955,-0.001587872654013613,-0.3811851100260236,1.0785480763309672,-0.0006905167077735789,-0.03989868092854817,-0.0006706058903914211,0.01999793057113002
13.035900592803955,-0.0015511621447768117,-0.3819802429864264,1.0794892828927922,-0.0006899516291183185,-0.04220469830549201,-0.0006716934028169098,0.020001581018959342
13.035900592803955,-0.0015358567088979323,-0.3828789993191469,1.079740208184211,-0.000690148299139738,-0.04146064069954262,-0.0006717236998825303,0.020000169166942847
13.035900592803955,-0.0014945689991856905,-0.38374808134787,1.080186722056206,-0.0006900763606910577,-0.04170160441556451,-0.0006718404394868669,0.020000496484680705
13.035900592803955,-0.0014448206556867693,-0.3846173449382436,1.0805640240405032,-0.0006901026877526096,-0.04162359147604783,-0.000671840859194692,0.020000286927384387
13.035900592803955,-0.0013843233475364998,-0.38547621796297266,1.0809586690552841,-0.0006901022819581408,-0.04164884235932686,-0.0006718498231474225,0.020000247353145734
13.035900592803955,-0.0013169920236170815,-0.38632815690991973,1.0813427210656168,-0.0006901115081799079,-0.04164066166183421,-0.0006718468527486569,0.020000159142893666
13.035900592803955,-0.0012443577467906553,-0.38717213189970967,1.0817252746138264,-0.0006901171135829987,-0.04164330442484061,-0.0006718451340865628,0.02000009772068152
13.035900592803955,-0.0011683544374799372,-0.3880085684327733,1.0821034330253017,-0.0006901229480595929,-0.04164244314473837,-0.0006718425230681255,0.020000039289722594
13.035900592803955,-0.001090443823818912,-0.38883742011992517,1.0824781812442699,-0.0006901276911664589,-0.041642716348155834,-0.0006718403770427677,0.01999999091983214
13.035900592803955,-0.0010233749146269398,-0.38967324431436523,1.0831115807937113,-0.000689708017435007,-0.040808536802959386,-0.0006727928379629748,0.02000263334727877
13.035900592803955,-0.000984496678250193,-0.3905337725867233,1.0831049774726669,-0.0006905030205256872,-0.038389869471068615,-0.0006728351842083088,0.019999162530739998
13.035900592803955,-0.0009121003099079929,-0.39135191911176376,1.0836420331978391,-0.000690287186781681,-0.03917675734361251,-0.0006732109583109604,0.020000275999375438
13.035900592803955,-0.0008513897218292339,-0.3921921008746152,1.0839589286376303,-0.0006903486257006342,-0.03892233135345292,-0.0006732218561174409,0.019999840473689426
13.035900592803955,-0.0007868734823151304,-0.3930166655938794,1.0843410615869193,-0.0006903256145209564,-0.039004637235281026,-0.000673261295896188,0.019999958571688476
13.035900592803955,-0.0007617899422226614,-0.3938999798511259,1.084431190920547,-0.000690659358254577,-0.03584652146456024,-0.0006735271981924812,0.019998298703323054
13.035900592803955,-0.0006903048452506959,-0.39467711047249093,1.0851400105838327,-0.0006903130084860586,-0.037330133744937,-0.0006741819562169477,0.02000062868616615
13.035900592803955,-0.0006432652475187848,-0.39551733452815596,1.085404017033567,-0.0006904249034908631,-0.036852074236732264,-0.0006741909804620455,0.019999736427345614
13.035900592803955,-0.0005899772527220724,-0.3963361834156023,1.085792751887715,-0.0006903807239535726,-0.03700667790324986,-0.0006742620192659979,0.01999996471880875
13.035900592803955,-0.0005402125357087398,-0.39715272175002775,1.086136104994328,-0.0006903925678122662,-0.03695669100404643,-0.0006742629317837694,0.01999987166395111
13.035900592803955,-0.0004912858201753575,-0.3979602680760242,1.0864896025556048,-0.0006903889115452806,-0.03697284631446307,-0.0006742699543698871,0.019999885738030083
13.035900592803955,-0.0004445285374636994,-0.3987610356379062,1.0868353586917947,-0.0006903909988508341,-0.03696761760139082,-0.000674269662971586,0.019999866923247987
13.035900592803955,-0.00039987949739968493,-0.3995543940904228,1.087179200119597,-0.0006903912739040343,-0.03696930246466903,-0.0006742700871806691,0.01999986148511661
13.035900592803955,-0.00035763335462008297,-0.40034063375083256,1.0875192855289526,-0.000690391965544722,-0.03696875218747278,-0.0006742698316683725,0.01999985462213938
13.035900592803955,-0.0003178852621298725,-0.4011197465627992,1.0878562522717272,-0.0006903923078914493,-0.0369689245943249,-0.0006742697285077276,0.019999850879245155
13.035900592803955,-0.0003141230777350539,-0.40194978357454236,1.0879486333068464,-0.0006907056948603043,-0.03412300531608458,-0.000674529524315588,0.019998432310032836
13.035900592803955,-0.00026971426405753886,-0.40268518371448486,1.088597267032731,-0.00069043211688235,-0.03546307378287372,-0.0006751283750701592,0.020000519806932557
13.035900592803955,-0.00024823315139752336,-0.40347707707768915,1.0888438153023774,-0.0006905364740747947,-0.03503150538069761,-0.0006751412549971921,0.019999728609499032
13.035900592803955,-0.0002217500807189387,-0.4042493991166622,1.0892028965774845,-0.0006905002570263647,-0.03517099937243791,-0.0006752066296873666,0.019999943007951115
13.035900592803955,-0.000198657244918861,-0.4050193129893068,1.0895209523035498,-0.0006905104018121903,-0.03512592141507234,-0.0006752084434314248,0.019999871257196978
13.035900592803955,-0.0001810984308170455,-0.40578711301528914,1.089973569529809,-0.0006902723973638271,-0.0347403433150077,-0.0006756333188814029,0.02000117758146428
13.035900592803955,-0.00017486669149490228,-0.40656390245669183,1.0901135856407815,-0.0006905648481575086,-0.03357739673873187,-0.0006756182051359179,0.019999602504789032
13.035900592803955,-0.00015333758014334886,-0.40731689994523423,1.0905137768902966,-0.0006904665620888766,-0.03395516789436862,-0.0006757793567728062,0.020000076543062698
13.035900592803955,-0.00013841809651110736,-0.408076981232316,1.0908069324932819,-0.0006904907815975748,-0.03383320248372773,-0.0006757798517057058,0.01999986000838232
13.035900592803955,-0.00012255885112597484,-0.4088263721909547,1.091130018533667,-0.0006904798998057185,-0.03387259553087727,-0.000675797020227259,0.019999919018492303
13.035900592803955,-0.00010817867469875558,-0.4095702535931017,1.091439405668515,-0.0006904824349832232,-0.0338598660144965,-0.0006757971223485136,0.019999897698774784
13.035900592803955,-0.00011882395304018834,-0.410338788869918,1.0922320325598736,-0.0006903735768316077,-0.03234147743411075,-0.0006776267753017815,0.02000415299800115
13.035900592803955,-0.00021035898861086218,-0.41116916648121693,1.0918737561665544,-0.000691940128903554,-0.027941059404451955,-0.0006779710123941312,0.019998016098633112
13.035900592803955,-0.00024266207047321292,-0.4119319988158943,1.092507966439946,-0.0006916803928562415,-0.029368439156339705,-0.0006787322997344968,0.02000051271019838
13.035900592803955,-0.00028574969808289896,-0.41274022095840396,1.0927461453341123,-0.0006917737559237566,-0.02890830770725923,-0.0006787920285814302,0.02000002319688629
13.035900592803955,-0.0003119328581172511,-0.413526977329546,1.0931055354214096,-0.0006917427754045754,-0.029056718305003393,-0.0006788732210190918,0.020000289428008328
13.035900592803955,-0.00033126056100302636,-0.41431134471451864,1.0934215460102108,-0.0006917552183131577,-0.02900884650989802,-0.0006788783430254896,0.02000019177827521
13.035900592803955,-0.0003421735078604303,-0.4150870953696587,1.093747403251355,-0.0006917551017509648,-0.0290242810259559,-0.0006788852766813482,0.02000017869900648
13.035900592803955,-0.0003467735074472864,-0.4158563131740167,1.0940659850855246,-0.000691759243149381,-0.029019297343990263,-0.0006788843252136321,0.020000134472587583
13.035900592803955,-0.0003458320811703822,-0.4166184093818296,1.094382853612156,-0.0006917617903154776,-0.02902089922138968,-0.0006788836795573003,0.02000010338098717
13.035900592803955,-0.00034040009859101587,-0.41737365728835113,1.0946962538085747,-0.0006917645036052579,-0.029020377091539228,-0.0006788823514831748,0.020000072465047373
13.035900592803955,-0.0003786762203515996,-0.4181710722818446,1.0957326803855179,-0.000691752405789499,-0.026723447366462715,-0.0006812975052023255,0.02000525440765993
13.035900592803955,-0.000588068891111671,-0.4190558447857563,1.0950356619211727,-0.0006934753886182208,-0.02010260278619204,-0.0006816474357324335,0.019996254985976195
13.035900592803955,-0.0007062592898011244,-0.419845900417937,1.0958327713433236,-0.000692950088597775,-0.022245417630492835,-0.0006827333788075248,0.02000083984272509
13.035900592803955,-0.0008231000030347718,-0.4207062356695617,1.096036936490412,-0.0006929847993486735,-0.021556234347561785,-0.0006828185139853953,0.020000488484800807
13.035900592803955,-0.0009004054210890628,-0.42153803597975714,1.0964240700784358,-0.0006929249795066949,-0.021778021472434735,-0.0006829324590500189,0.02000089276370649
13.035900592803955,-0.0009548208874746489,-0.42236924394096786,1.0967478282429437,-0.0006929364899416817,-0.021706646047679835,-0.0006829369715420002,0.02000070441684072
13.035900592803955,-0.0009861322223344005,-0.4231907033866805,1.09708767914728,-0.0006929385850765494,-0.021729608557351964,-0.0006829440680173652,0.02000062682779508
13.035900592803955,-0.0009991106846655982,-0.424005434833201,1.097418099698535,-0.0006929472918026507,-0.02172221327923912,-0.0006829401482430735,0.02000050932274803
13.035900592803955,-0.0009964309424602606,-0.4248125544152879,1.0977473446259154,-0.0006929542285335056,-0.021724587164845842,-0.00068293691646535,0.020000416148737696
13.035900592803955,-0.0010733256082954064,-0.42575387283532984,1.0974690224767427,-0.0006934424028513604,-0.014596459928427532,-0.0006833463802245752,0.019996294929089577
13.035900592803955,-0.0010774848879277147,-0.42647712363200874,1.0985866301685467,-0.0006928270721165041,-0.017942654057840207,-0.0006846417092728617,0.020001150393518758
13.035900592803955,-0.0011135099885305995,-0.4273457456339152,1.0987053688838877,-0.0006928521208585821,-0.016871043710172687,-0.0006846725038765027,0.019999989015690292
13.035900592803955,-0.001116497585952173,-0.42817724581596556,1.0991081829826175,-0.0006927568305306991,-0.0172154959638436,-0.0006848165514077478,0.020000579632486047
13.035900592803955,-0.0011079840243903415,-0.4290120183801969,1.0994143904855989,-0.000692762232794567,-0.01710481197806675,-0.0006848175270716689,0.0200003784317088
13.035900592803955,-0.0010847968920500886,-0.42983583405762804,1.099747426746947,-0.0006927580455185296,-0.017140372444252535,-0.0006848289621826937,0.020000348248240957
13.035900592803955,-0.0012088260909509196,-0.43087300259822703,1.0991493428032781,-0.0006936776415429961,-0.006229222279989868,-0.0006853304494752904,0.019993191928243375
13.035900592803955,-0.001284997116173874,-0.4315882286460162,1.1006940327826107,-0.0006928994488063987,-0.011343483725872015,-0.0006872431712038708,0.020000619519360253
13.035900592803955,-0.0014059991623503196,-0.4325266653592042,1.1007141461400107,-0.0006928136878481792,-0.009709399627670442,-0.0006873284187396811,0.019999907067549474
13.035900592803955,-0.0014700613091022338,-0.43341314316214574,1.101168818796605,-0.0006926616346904802,-0.010233462639654868,-0.0006875512134846856,0.02000106598533149
13.035900592803955,-0.0015085719258109672,-0.43430774264723104,1.1014780647672027,-0.0006926551422543419,-0.010065449615511157,-0.0006875567483243477,0.020000828161945816
13.035900592803955,-0.0016120108599111556,-0.43533312397133017,1.1011964110710288,-0.0006927099392769025,-0.0026522793067791503,-0.0006877227845168019,0.019996661729180465
13.035900592803955,-0.0017043656915750787,-0.4362549587913227,1.1018286856780954,-0.0006918131169905975,0.00012166720940698589,-0.0006888985029401255,0.019998861420536612
14.035900592803955,-0.0017362904778744658,-0.43714684021653183,1.1026454143967217,-0.0006912075260785752,-0.0016966638231654821,-0.0006896733987451511,0.020001520637027995
14.035900592803955,-0.0017912399632510972,-0.43816312127290485,1.103434564781918,-0.0006907051134431958,0.0006393802429911326,-0.0006907190679201016,0.020003639239446393
14.035900592803955,-0.0019968001689319374,-0.43931885476581056,1.1025927816032626,-0.0006901429581104727,0.010881161696335264,-0.0006902631110173945,0.019995110296163382
14.035900592803955,-0.0021602715477447767,-0.44033109308761736,1.103539903048664,-0.0006887490965587352,0.010867986127987977,-0.0006912031276808977,0.01999986436394067
14.035900592803955,-0.0022624750732935734,-0.44138369435354924,1.1040984599015913,-0.0006880745110044879,0.010265273788256984,-0.0006914989511877718,0.020001676314382554
14.035900592803955,-0.0023201916597867605,-0.44247283390611514,1.1044371725153204,-0.0006878583090178821,0.010455051416036984,-0.0006915286998294981,0.0200013801367025
14.035900592803955,-0.0023339169616534024,-0.44354864970544833,1.1048219435574445,-0.0006877935191933948,0.010394573118894669,-0.0006915489401961384,0.020001215299993297
14.035900592803955,-0.002313687870865549,-0.4446165083249575,1.105186763200379,-0.0006877798725989744,0.01041383452855202,-0.0006915427438989696,0.020000972291150963
14.035900592803955,-0.002265221626663365,-0.44567412009597857,1.1055532987718133,-0.0006877814180592797,0.010407710668272407,-0.0006915365492744794,0.020000780579404104
14.035900592803955,-0.0021944934305295847,-0.4467222950086313,1.1059147209895133,-0.0006877873590319524,0.010409669138892418,-0.0006915286660204891,0.02000060479188295
14.035900592803955,-0.002106399850773794,-0.4477608892612099,1.106273248660869,-0.0006877939546621939,0.010409054235419608,-0.0006915217160502927,0.020000454231503696
14.035900592803955,-0.0020052812466105417,-0.4487900633781008,1.1066282182299298,-0.0006878001407064237,0.01040925859045799,-0.0006915154523813626,0.020000323190687234
14.035900592803955,-0.0018948403876000892,-0.449809879921796,1.1069798833923097,-0.0006878056039714724,0.010409202028236494,-0.0006915100618880292,0.020000210858030065
14.035900592803955,-0.0017782473829280486,-0.4508204315492907,1.1073282053808808,-0.0006878103106197645,0.01040922846623732,-0.0006915054427479656,0.02000011503686592
14.035900592803955,-0.0016581803801187522,-0.4518218002426655,1.1076732381325354,-0.0006878143022762723,0.01040922840375863,-0.0006915015409463044,0.02000003412967061
14.035900592803955,-0.0015368821491508794,-0.45281407030921456,1.1080150056551321,-0.0006878176452708978,0.010409236704933251,-0.0006914982777063631,0.01999996649729677
14.035900592803955,-0.0014162070201801794,-0.45379732425667263,1.1083535410767165,-0.0006878204090210663,0.010409242268992286,-0.0006914955838322488,0.019999910660647338
14.035900592803955,-0.0012976662981056032,-0.4547716441217219,1.1086888742167131,-0.0006878226606083856,0.010409248630224195,-0.0006914933923997913,0.019999865235370375
14.035900592803955,-0.0011824695889918382,-0.45573711106123227,1.1090210355483097,-0.0006878244625734148,0.010409254663211555,-0.0006914916421858949,0.019999828950886128
14.035900592803955,-0.0010715629292328832,-0.45669380549633004,1.109350054942287,-0.0006878258724671334,0.010409260726251783,-0.0006914902768122233,0.019999800641298686
14.035900592803955,-0.0009656635515771172,-0.4576418070799892,1.1096759620726329,-0.0006878269427906474,0.010409266705302955,-0.000691489244933097,0.01999977924403473
14.035900592803955,-0.000865291495949359,-0.4585811947204466,1.1099987862930718,-0.0006878277211509733,0.010409272636794344,-0.0006914884999562837,0.019999763794987094
14.035900592803955,-0.0007707981826677576,-0.45951204658647743,1.1103185566819869,-0.0006878282504810538,0.01040927850931972,-0.0006914879998463494,0.019999753423968605
14.035900592803955,-0.0006823921158569902,-0.4604344401181021,1.110635302033583,-0.0006878285692981127,0.010409284326774447,-0.0006914877068643968,0.019999747349477185
14.035900592803955,-0.0006001618838270536,-0.4613484520352288,1.1109490508659832,-0.000687828711978123,0.010409290088246318,-0.0006914875873062553,0.0199997448732836
14.035900592803955,-0.0005240966326176063,-0.46225415834662775,1.1112598314237223,-0.0006878287090385056,0.010409295794411851,-0.0006914876112293825,0.019999745374846334
14.035900592803955,-0.00045410419066490817,-0.46315163435848017,1.1115676716818133,-0.0006878285874226312,0.01040930144549278,-0.0006914877521788369,0.01999974830568533
14.035900592803955,-0.00039002702237518833,-0.4640409546827499,1.1118725993490928,-0.0006878283707815557,0.01040930704190004,-0.0006914879869150856,0.01999975318379573
14.035900592803955,-0.0003316561858900011,-0.4649221932453058,1.112174641871595,-0.0006878280797497397,0.010409312584022367,-0.0006914882951472693,0.01999975958816552
14.035900592803955,-0.00027874346573989063,-0.46579542329382434,1.1124738264357172,-0.0006878277322119253,0.010409318072287684,-0.0006914886592745753,0.019999767153455788
14.035900592803955,-0.00023101184510123862,-0.466660717405472,1.112770179971276,-0.0006878273435590522,0.010409323507138241,-0.000691489064137879,0.0199997755648871
14.035900592803955,-0.00018816447522192152,-0.467518147494375,1.1130637291544312,-0.0006878269269319483,0.0104093288890337,-0.000691489496782932,0.01999978455335965
14.035900592803955,-0.00014989229158362643,-0.4683677848188852,1.1133545004105054,-0.0006878264934514144,0.010409334218445952,-0.0006914899462364967,0.019999793890836306
14.035900592803955,-0.00011588041780770934,-0.4692096999886489,1.1136425199167022,-0.000687826052434161,0.01040933949585703,-0.0006914904032960039,0.019999803386000718
14.035900592803955,-8.581348931695765e-05,-0.4700439629714877,1.1139278136047353,-0.0006878256115941945,0.01040934472175652,-0.0006914908603331712,0.019999812880200977
14.035900592803955,-5.938001962080562e-05,-0.47087064310010035,1.1142104071633792,-0.0006878251772294533,0.010409349896639629,-0.0006914913111118198,0.019999822243683588
14.035900592803955,-3.627592301058544e-05,-0.4716898090785951,1.1144903260409489,-0.0006878247543939482,0.010409355021005368,-0.0006914917506196719,0.019999831372113763
14.035900592803955,-1.6207298303682465e-05,-0.4725015289888607,1.114767595447714,-0.0006878243470556112,0.010409360095355062,-0.0006914921749139702,0.019999840183380253
14.035900592803955,1.1074305063087284e-06,-0.4733058702967864,1.115042240358259,-0.0006878239582402032,0.010409365120191064,-0.0006914925809805971,0.019999848614676654
14.035900592803955,1.5935929449205818e-05,-0.4741028998583396,1.1153142855137874,-0.000687823590161992,0.010409370096015658,-0.0006914929666060355,0.019999856619848235
14.035900592803955,2.8530846492531868e-05,-0.47489268392551026,1.1155837554243826,-0.000687823244341786,0.010409375023330116,-0.0006914933302616088,0.01999986416699091
14.035900592803955,3.912910897912429e-05,-0.4756752881521303,1.1158506743712224,-0.0006878229217127909,0.01040937990263393,-0.0006914936709995764,0.019999871236295326
14.035900592803955,4.7951562608891294e-05,-0.4764507775995761,1.1161150664087593,-0.0006878226227154209,0.010409384734424099,-0.0006914939883599847,0.019999877818112813
14.035900592803955,5.5202894976447964e-05,-0.47721921674236323,1.1163769553668608,-0.0006878223473814836,0.010409389519194621,-0.000691494282287889,0.019999883911235947
14.035900592803955,6.107179310854447e-05,-0.4779806694736385,1.1166363648529172,-0.0006878220954085357,0.010409394257435953,-0.0006914945530601675,0.01999988952137704
14.035900592803955,6.573129037723968e-05,-0.4787351991105785,1.1168933182539205,-0.0006878218662253941,0.010409398949634677,-0.000691494801220987,0.019999894659826302
14.035900592803955,6.933926371190395e-05,-0.47948286839969945,1.1171478387385125,-0.0006878216590492461,0.010409403596273088,-0.0006914950275254892,0.01999989934228028
14.035900592803955,7.203904695783318e-05,-0.48022373952208514,1.117399949259007,-0.0006878214729353373,0.010409408197829007,-0.0006914952328907442,0.01999990358782022
14.035900592803955,7.396013098777139e-05,-0.48095787409853835,1.1176496725533858,-0.0006878213068196367,0.010409412754775508,-0.0006914954183535946,0.01999990741803432
14.035900592803955,7.521892517596588e-05,-0.48168533319465995,1.1178970311472727,-0.0006878211595555463,0.010409417267580734,-0.0006914955850343428,0.019999910856260853
14.035900592803955,7.591955870001312e-05,-0.48240617732586105,1.1181420473558825,-0.00068782102994484,0.010409421736707797,-0.0006914957341061101,0.019999913926949147
14.035900592803955,7.615470345679969e-05,-0.48312046646231216,1.1183847432859495,-0.0006878209167637388,0.010409426162614642,-0.0006914958667689741,0.019999916655119642
14.035900592803955,7.600640341591476e-05,-0.4838282600338327,1.1186251408376349,-0.0006878208187845407,0.010409430545753977,-0.0006914959842284883,0.019999919065915615
14.035900592803955,7.554689789535912e-05,-0.48452961693472424,1.1188632617064156,-0.0006878207347933203,0.01040943488657323,-0.0006914960876780704,0.019999921184235003
14.035900592803955,7.483942860542393e-05,-0.48522459552855063,1.1190991273849527,-0.0006878206636042188,0.010409439185514516,-0.0006914961782847541,0.01999992303443244
14.035900592803955,7.393902230551239e-05,-0.4859132536528676,1.119332759164942,-0.0006878206040707131,0.01040944344301465,-0.0006914962571779237,0.019999924640083027
14.035900592803955,7.289324292374848e-05,-0.48659564862390375,1.1195641781389483,-0.0006878205550942208,0.010409447659505121,-0.0006914963254406839,0.01999992602380206
14.035900592803955,7.174290830025686e-05,-0.4872718372411957,1.1197934052022196,-0.0006878205156305309,0.010409451835412161,-0.000691496384103378,0.019999927207108092
14.035900592803955,7.052276824240024e-05,-0.4879418757921783,1.1200204610544875,-0.000687820484694285,0.01040945597115674,-0.000691496434139041,0.019999928210327998
14.035900592803955,6.926214161885507e-05,-0.488605820056732,1.1202453662017506,-0.0006878204613617901,0.010409460067154637,-0.0006914964764605046,0.019999929052535084
14.035900592803955,6.798551127077789e-05,-0.4892637253116891,1.1204681409580413,-0.000687820444772465,0.0104094641238165,-0.0006914965119188627,0.019999929751516668
14.035900592803955,6.671307626700502e-05,-0.48991564633529927,1.1206888054471769,-0.0006878204341291722,0.010409468141547902,-0.0006914965413030439,0.019999930323764386
14.035900592803955,6.546126172945196e-05,-0.4905616374116555,1.1209073796044973,-0.0006878204286975454,0.01040947212074941,-0.0006914965653403859,0.019999930784485156
14.035900592803955,6.424318698492792e-05,-0.49120175233508223,1.1211238831785866,-0.0006878204278046916,0.01040947606181667,-0.0006914965846978382,0.01999993114762648
14.035900592803955,6.306909322646178e-05,-0.4918360444144855,1.1213383357329798,-0.0006878204308371401,0.010409479965140455,-0.0006914965999839125,0.01999993142591574
14.035900592803955,6.194673225345907e-05,-0.4924645664776658,1.121550756647855,-0.0006878204372384041,0.010409483831106788,-0.0006914966117510308,0.019999931630909618
14.035900592803955,6.088171802540786e-05,-0.4930873708755951,1.1217611651217119,-0.0006878204465062346,0.010409487660096988,-0.0006914966204981776,0.019999931773048162
14.035900592803955,5.9877843054048666e-05,-0.4937045094866575,1.1219695801730352,-0.000687820458189593,0.010409491452487762,-0.0006914966266738463,0.019999931861717033
14.035900592803955,5.893736168953481e-05,-0.4943160337208546,1.122176020641946,-0.0006878204718854279,0.010409495208651306,-0.0006914966306791776,0.019999931905311727
14.035900592803955,5.806124251668792e-05,-0.49492199452397556,1.1223805051918365,-0.0006878204872354495,0.010409498928955357,-0.0006914966328711126,0.01999993191130397
14.035900592803955,5.724939200848397e-05,-0.495522442381733,1.1225830523109925,-0.0006878205039228667,0.01040950261376329,-0.0006914966335655858,0.019999931886307828
14.035900592803955,5.65008516581428e-05,-0.49611742732386316,1.1227836803142024,-0.0006878205216690927,0.010409506263434195,-0.0006914966330407552,0.01999993183614707
14.035900592803955,5.581397073744832e-05,-0.49670699892819326,1.1229824073443517,-0.000687820540230612,0.010409509878322957,-0.0006914966315400793,0.01999993176591963
14.035900592803955,5.518655678058731e-05,-0.49729120632467394,1.1231792513740053,-0.000687820559395835,0.01040951345878033,-0.0006914966292754061,0.01999993168006153
14.035900592803955,5.461600581438196e-05,-0.4978700981993781,1.1233742302069751,-0.0006878205789822093,0.010409517005153005,-0.0006914966264298176,0.019999931582406812
14.035900592803955,5.409941424464123e-05,-0.4984437227984666,1.1235673614798736,-0.0006878205988333425,0.010409520517783715,-0.000691496623160463,0.019999931476246253
14.035900592803955,5.363367427325648e-05,-0.49901212793211985,1.1237586626636573,-0.0006878206188163927,0.010409523997011226,-0.0006914966196011322,0.019999931364381714
14.035900592803955,5.3215554490209015e-05,-0.49957536097843663,1.123948151065153,-0.0006878206388195472,0.01040952744317051,-0.0006914966158647397,0.01999993124917718
14.035900592803955,5.284176733384061e-05,-0.5001334688873001,1.1241358438285751,-0.0006878206587496952,0.01040953085659273,-0.0006914966120456283,0.019999931132607982
14.035900592803955,5.2509024857120954e-05,-0.5006864981842104,1.1243217579370248,-0.0006878206785302689,0.010409534237605331,-0.0006914966082216969,0.01999993101630438
14.035900592803955,5.221408419644731e-05,-0.501234494974085,1.124505910213981,-0.0006878206980992958,0.010409537586532106,-0.0006914966044563301,0.01999993090159267
14.035900592803955,5.1953784019819e-05,-0.5017775049450265,1.1246883173247755,-0.0006878207174074931,0.010409540903693261,-0.0006914966008002817,0.01999993078953402
14.035900592803955,5.1725073113871786e-05,-0.5023155733720572,1.1248689957780567,-0.0006878207364166999,0.010409544189405437,-0.0006914965972932281,0.01999993068095745
14.035900592803955,5.1525032140829514e-05,-0.5028487451208236,1.1250479619272393,-0.0006878207550983102,0.0104095474439818,-0.0006914965939653198,0.01999993057649197
14.035900592803955,5.135088956844192e-05,-0.5033770646512664,1.1252252319719431,-0.0006878207734319017,0.010409550667732094,-0.0006914965908385419,0.019999930476595405
14.035900592803955,5.120003258401177e-05,-0.5039005760212608,1.1254008219594158,-0.0006878207914040731,0.010409553860962654,-0.0006914965879278671,0.019999930381578393
14.035900592803955,5.1070013810507206e-05,-0.504419322890224,1.1255747477859477,-0.0006878208090072616,0.010409557023976501,-0.0006914965852424295,0.019999930291628932
14.035900592803955,5.095855447100372e-05,-0.5049333485226913,1.1257470251982697,-0.0006878208262388519,0.010409560157073368,-0.0006914965827864096,0.019999930206831124
14.035900592803955,5.0863544642154385e-05,-0.5054426957918622,1.125917669794943,-0.0006878208431002642,0.010409563260549742,-0.0006914965805599415,0.019999930127184172
14.035900592803955,5.078304109992702e-05,-0.5059474071831136,1.1260866970277315,-0.0006878208595962102,0.01040956633469892,-0.0006914965785598504,0.019999930052617507
14.035900592803955,5.071526327167831e-05,-0.5064475247974837,1.1262541222029665,-0.0006878208757340387,0.010409569379811046,-0.0006914965767803073,0.01999992998300509
14.035900592803955,5.0658587677776365e-05,-0.5069430903551247,1.1264199604828975,-0.0006878208915231319,0.010409572396173152,-0.000691496575213428,0.019999929918177665
14.035900592803955,5.0611541213837154e-05,-0.5074341451987261,1.12658422688703,-0.0006878209069744518,0.010409575384069208,-0.0006914965738497254,0.01999992985793222
14.035900592803955,5.057279361570481e-05,-0.5079207302969053,1.1267469362934524,-0.0006878209221000369,0.010409578343780135,-0.0006914965726786123,0.019999929802042644
14.035900592803955,5.05411493172793e-05,-0.5084028862475715,1.1269081034401502,-0.0006878209369127618,0.010409581275583897,-0.0006914965716886416,0.01999992975026496
14.035900592803955,5.051553895799178e-05,-0.5088806532812575,1.1270677429263105,-0.0006878209514258775,0.010409584179755483,-0.0006914965708679637,0.01999992970234646
14.035900592803955,5.0495010725130585e-05,-0.5093540712644233,1.1272258692136108,-0.0006878209656528731,0.010409587056566957,-0.0006914965702044668,0.019999929658029072
14.035900592803955,5.047872165837264e-05,-0.5098231797027298,1.1273824966275006,-0.0006878209796072259,0.010409589906287531,-0.000691496569686027,0.019999929617054567
14.035900592803955,5.0465929066229e-05,-0.5102880177442836,1.1275376393584684,-0.0006878209933022161,0.01040959272918355,-0.000691496569300693,0.0199999295791683
14.035900592803955,5.045598213237542e-05,-0.5107486241828532,1.127691311463298,-0.0006878210067508228,0.010409595525518556,-0.0006914965690367917,0.01999992954412147
15.035900592803955,5.0448313831650915e-05,-0.5112050374610567,1.1278435268663145,-0.0006878210199655517,0.010409598295553314,-0.000691496568883101,0.01999992951167486
15.035900592803955,2.825815008240788e-05,-0.5117000078092669,1.127785133084193,-0.0006875047068796819,0.012855675012663338,-0.000691394812036236,0.01999904878997265
15.035900592803955,1.9682675356093002e-05,-0.512147955198335,1.1280754512710214,-0.0006870291284234739,0.013177986149717666,-0.0006915045426792902,0.0199998532895068
15.035900592803955,1.6590804421813763e-05,-0.5126008192863728,1.128360389877821,-0.0006866815509508525,0.013024231928503806,-0.0006916021913636569,0.02000049967072541
15.035900592803955,6.249512779901872e-06,-0.5130770644221487,1.1283864633210725,-0.0006864210470735552,0.01386263122552541,-0.000691481526427746,0.01999980407788624
15.035900592803955,7.918702002608e-06,-0.5135270318548867,1.1286154696585422,-0.0006863068974098702,0.013306101126476115,-0.0006915100582507965,0.020000139953878542
15.035900592803955,5.497739479369311e-06,-0.5139858983251647,1.1287205926307167,-0.0006862830812640721,0.013349238936046998,-0.0006914699295993117,0.01999994598299539
15.035900592803955,4.847849529036523e-06,-0.5144357443843236,1.1288257757706477,-0.0006863132220474418,0.01327888083674851,-0.0006914286109928069,0.019999759431830966
15.035900592803955,1.3199555611038823e-05,-0.5148569834079187,1.1290812294450596,-0.000686437594734919,0.012029226622439654,-0.000691481853268542,0.02000024870814324
15.035900592803955,7.584952429821619e-06,-0.515296201045116,1.1289438102127916,-0.0006866844520281721,0.012133230913202595,-0.0006911742817702212,0.01999861746732859
15.035900592803955,1.5497892512209427e-05,-0.5156632554715506,1.1294151251946198,-0.0006870062244890507,0.009321722935529608,-0.0006913849355359521,0.02000032664667631
15.035900592803955,-2.0736616654662483e-06,-0.5160587035712476,1.1294017359174362,-0.0006873209635189231,0.009040737725193785,-0.0006912455088067834,0.01999988631518277
15.035900592803955,-1.928675484488049e-05,-0.5164382667679346,1.1292803500834419,-0.0006876884110003763,0.008846449570997313,-0.0006909354065588288,0.01999856250398641
15.035900592803955,-9.067110106650177e-06,-0.5167009865531523,1.1299505221969848,-0.0006881966390519631,0.0034654720888004573,-0.0006910928089034168,0.02000080589294692
15.035900592803955,-6.625673873827393e-05,-0.5170373545604204,1.1297233255740453,-0.0006886988633356721,0.003318603531705611,-0.0006906725325966598,0.019999543694966662
15.035900592803955,-9.957491753289917e-05,-0.517296907374776,1.1299049960030032,-0.0006891500766332936,0.0011833608044496302,-0.0006905515167720126,0.020000512255395786
15.035900592803955,-0.00012752735868086742,-0.517521556541202,1.130051025450103,-0.0006896295496798537,-0.0015581687420624661,-0.0006902529003813598,0.020000704421325868
15.035900592803955,-0.00015444061510521762,-0.5176958584170559,1.1302155839917405,-0.0006901369623827298,-0.005407414154301288,-0.0006897175848054253,0.020000806139290197
15.035900592803955,-0.00019455871338826055,-0.5178126410934846,1.1303453398744894,-0.0006906456061975022,-0.010112569336323433,-0.0006888215298712736,0.020000766732303665
15.035900592803955,-0.00027316695077126975,-0.5179100126758286,1.1302277899230808,-0.0006911163138420512,-0.013047761162582472,-0.0006877183079862135,0.020000296464678036
15.035900592803955,-0.00034748133296137024,-0.5179348600829381,1.1302553322579982,-0.0006914771618997312,-0.016595127056406533,-0.0006866808282607357,0.0200008282067507
15.035900592803955,-0.0004709464334779403,-0.5180061871063484,1.129505726534333,-0.0006923381194187745,-0.015565182787577174,-0.0006850265760621633,0.019996040578625546
15.035900592803955,-0.0005383895935933032,-0.5178849032004664,1.130261666206576,-0.0006920915020765133,-0.021504108989409458,-0.0006849572405437326,0.020001286497260923
15.035900592803955,-0.000660263461439622,-0.5178459725799067,1.1299671870366292,-0.0006923715766532251,-0.021958559872071848,-0.0006840422263709314,0.02000026129659112
15.035900592803955,-0.0007264737321935836,-0.5177120372084678,1.130142348860639,-0.0006922369077646869,-0.025523126499292767,-0.0006832426765850814,0.020001625070658117
15.035900592803955,-0.0007821602834634526,-0.517539953395145,1.1301885021486422,-0.0006919335750326269,-0.029657409217762814,-0.0006817366887286084,0.020001583665853036
15.035900592803955,-0.0008641368296286323,-0.5173801467972368,1.129910492106851,-0.0006917767778570832,-0.0310858754494202,-0.0006801397727170837,0.020000522723571355
15.035900592803955,-0.0009457359883448505,-0.5172093490038369,1.129352826141513,-0.0006921670252976545,-0.030843766303786508,-0.0006784127847087878,0.01999712366983364
15.035900592803955,-0.0009491653677649451,-0.5168466636666581,1.1300853396161443,-0.0006909628619574626,-0.03802022642176118,-0.0006774905490424572,0.020002239244904293
15.035900592803955,-0.0010755919490393617,-0.5166492472215922,1.128865000101667,-0.0006918620279942431,-0.036428158718253965,-0.000674067261635666,0.01999285316659625
15.035900592803955,-0.0011190997287777425,-0.516139651019532,1.1299963013687504,-0.0006892029133562845,-0.04620390484389915,-0.0006727652174157435,0.020002112956704288
15.035900592803955,-0.0012842065708668666,-0.5157855270091214,1.129365638541615,-0.0006885386838405928,-0.046540698973043616,-0.0006701049411440995,0.019999939171571352
15.035900592803955,-0.0014179341732962454,-0.5153972366486235,1.1290208849713819,-0.000688035779440116,-0.045808754157899936,-0.0006689245113435741,0.020000275239245087
15.035900592803955,-0.0014957517751857297,-0.5149580345635763,1.1289310545878661,-0.0006877664557151297,-0.046043900456457544,-0.0006686292676135099,0.020001116610610808
15.035900592803955,-0.0015420714179427157,-0.5145288472031465,1.128780403896726,-0.0006877348916203598,-0.04596757432031592,-0.000668493583967516,0.020000914811958488
15.035900592803955,-0.0015582272251697697,-0.5141008771710406,1.1286518247846642,-0.0006877224196524898,-0.04599232812068853,-0.0006684546255277558,0.020000796275089418
15.035900592803955,-0.0015166646816439804,-0.5136102027576236,1.128799708455081,-0.0006871655269172133,-0.04930878070711258,-0.0006678148269683509,0.020001960056182908
15.035900592803955,-0.0015245494442934723,-0.5132243733755455,1.1282953556289923,-0.0006872999806703838,-0.047742551935264534,-0.0006669232360214163,0.019999490500917025
15.035900592803955,-0.0014882975061986659,-0.5127670961696326,1.1282594953178764,-0.0006870555239574297,-0.048249110380689256,-0.0006668471391469815,0.02000057354250999
15.035900592803955,-0.0014455653549711228,-0.5123298251600032,1.128088694733997,-0.0006870750256118387,-0.048084679233563674,-0.0006667485138583252,0.02000027938383221
15.035900592803955,-0.0013888569513434905,-0.5118908650127048,1.1279638923162254,-0.0006870577184459702,-0.048138039988110816,-0.0006667362691276038,0.020000283926788123
15.035900592803955,-0.001300384145207344,-0.511411949552689,1.1280198033783122,-0.0006866519099289975,-0.05039898469727116,-0.0006662758674297051,0.020001117929194723
15.035900592803955,-0.0012515398466947348,-0.51100703399637,1.1276330381391086,-0.0006867468175897545,-0.049329221394526286,-0.0006656471344747043,0.019999436239680018
15.035900592803955,-0.001179125248751878,-0.5105543413122395,1.1275667759918009,-0.0006865783185587713,-0.04967534986668326,-0.0006655889259805962,0.02000017459344689
15.035900592803955,-0.0011086410374845288,-0.510116615365273,1.1274087082008826,-0.0006865921355549269,-0.049562948780045094,-0.0006655197188572647,0.019999981485879746
15.035900592803955,-0.0010343694407270708,-0.5096789834789766,1.1272824743524712,-0.0006865788416411894,-0.04959944110048334,-0.0006655113411613237,0.020000000072560184
15.035900592803955,-0.0009601494763075718,-0.509246578742233,1.12714759452312,-0.0006865838384588171,-0.049587597339353084,-0.0006655023882511143,0.019999940750585848
15.035900592803955,-0.0008173905585294404,-0.5086613414634986,1.1276299647265002,-0.0006847948148709832,-0.05690890355308002,-0.0006636951944159639,0.02000254921992318
15.035900592803955,-0.0008412346921478969,-0.5082954815353647,1.1266601999194854,-0.0006846493757299517,-0.05345141760173072,-0.0006614647676382529,0.019997464442587567
15.035900592803955,-0.000799514716110553,-0.5077658631227181,1.1267231521288597,-0.0006838440235882938,-0.05457164699157871,-0.0006612311176107054,0.020000339906577506
15.035900592803955,-0.0007694871514334187,-0.5072768281848294,1.126486284487606,-0.0006838088672311131,-0.05420737493952186,-0.0006609945797542429,0.019999916762531086
15.035900592803955,-0.0007289658442736046,-0.5067795168497516,1.1263499981642846,-0.0006837280267789141,-0.054325791894222285,-0.0006609668183141256,0.020000099814032106
15.035900592803955,-0.0006876438879918783,-0.5062908183382371,1.1261830777953934,-0.0006837284304337091,-0.054287300518137134,-0.0006609397710247511,0.01999999552246068
15.035900592803955,-0.0006440596715360267,-0.5058052337937796,1.1260281194653432,-0.0006837228895980134,-0.05429981681569384,-0.0006609354503557258,0.01999998268165938
15.035900592803955,-0.0005999489161331635,-0.5053244982692148,1.1258712556616934,-0.0006837252885725845,-0.05429575159177469,-0.0006609315449922854,0.01999994891844407
15.035900592803955,-0.000555749651385554,-0.5048479945789797,1.1257169754700327,-0.0006837266139895418,-0.05429707662118837,-0.000660930255773124,0.019999929466122234
15.035900592803955,-0.0004663247794075536,-0.5042825806675736,1.125942224341306,-0.0006826845773831143,-0.058772486554676276,-0.0006598540870477607,0.020001693535669624
15.035900592803955,-0.00047302895974353737,-0.5038591815547541,1.1252841965018006,-0.0006827462876341016,-0.05665753210475784,-0.0006584891044912956,0.019998499372079794
15.035900592803955,-0.0004404948928484392,-0.5033365191666277,1.125258572813502,-0.0006823013239618182,-0.05734332097531228,-0.000658344452034691,0.02000016481955089
15.035900592803955,-0.00041708901426456104,-0.5028405741837335,1.125050025984248,-0.0006823033890485169,-0.0571201399815624,-0.0006581982191299282,0.019999872090903415
15.035900592803955,-0.0003889015101730452,-0.5023412811144415,1.1249037088263263,-0.0006822589924481441,-0.057192750637962655,-0.0006581812724741022,0.019999985302379193
15.035900592803955,-0.0003616310093814677,-0.5018490524835586,1.1247392019117841,-0.0006822611266283372,-0.05716913106119044,-0.0006581648561775321,0.019999927109909096
15.035900592803955,-0.00033413956130466036,-0.5013604783234389,1.1245826237057381,-0.0006822576794460082,-0.05717681902624222,-0.0006581624845638779,0.019999925928538317
15.035900592803955,-0.0003072943626399319,-0.5008766150689328,1.1244254566994185,-0.0006822588270319123,-0.05717432140468837,-0.0006581603390582421,0.01999991110544751
15.035900592803955,-0.00028118700315960644,-0.500397065446034,1.1242704529336944,-0.0006822591701399964,-0.05717513751437714,-0.0006581597817596331,0.019999904429993002
15.035900592803955,-0.00025607496780154557,-0.4999219055317074,1.124116698266951,-0.0006822598363081807,-0.05717487551150749,-0.0006581593209018365,0.019999897804208605
15.035900592803955,-0.00023209300104852753,-0.49945105788833566,1.1239644714764399,-0.000682260280806976,-0.05717496422919758,-0.0006581590864170779,0.01999989328223011
15.035900592803955,-0.00020282107043936132,-0.49896535459899655,1.123277295443061,-0.000682741569779947,-0.05885255962902674,-0.0006550831946022132,0.019992967213779734
15.035900592803955,-0.00017876148885467597,-0.49837066446147443,1.1238640455031175,-0.0006791661894876703,-0.0637505425504986,-0.0006537879780447917,0.020000459669409436
15.035900592803955,-0.0002277373399468631,-0.4978692166002554,1.1233417345628185,-0.0006789842072505081,-0.06214562118739121,-0.0006526793251264035,0.019999129955277244
15.035900592803955,-0.00023951214475063072,-0.49730952699965825,1.1232635833273164,-0.0006785565699671761,-0.06266829174894452,-0.0006525454013112673,0.020000343504040924
15.035900592803955,-0.0002530694535980872,-0.49677307032476703,1.1230454679527506,-0.0006785411690761064,-0.062497988988327126,-0.0006524243484252572,0.020000053634918313
15.035900592803955,-0.00025097727784180587,-0.4962140614432289,1.1222317142858214,-0.0006791290686353955,-0.06456471590040483,-0.0006485234499789168,0.019991662131951787
15.035900592803955,-0.0002499726014634191,-0.4955224835190817,1.1229322693119215,-0.0006744506767522557,-0.07043008268376205,-0.0006467599103441457,0.020000794261233943
15.035900592803955,-0.00033062378522253553,-0.49494489764415894,1.1223052974478118,-0.000674185875440066,-0.06850479293618084,-0.0006453575655839012,0.0199991489888953
15.035900592803955,-0.00036155850546132297,-0.49429617876451615,1.1222112446442505,-0.0006736224939336182,-0.06913289629779287,-0.0006451744927027633,0.02000057973712395
15.035900592803955,-0.000390926997351491,-0.4936755253415272,1.1219489809341707,-0.0006736016498941072,-0.06892788117258364,-0.0006450204264746074,0.020000196825518842
15.035900592803955,-0.00040716318379692233,-0.493053156409117,1.1217445201041751,-0.0006735490421522185,-0.06899480065707711,-0.0006449978995856497,0.02000025002105604
15.035900592803955,-0.000416617951023823,-0.49243883697408547,1.1215239611598078,-0.0006735519613027284,-0.06897296294948839,-0.0006449794628899397,0.020000160465191173
15.035900592803955,-0.0004190934870671749,-0.49182931504824395,1.1213113942543935,-0.0006735503802095098,-0.06898009486591429,-0.0006449755089377875,0.02000013205509439
15.035900592803955,-0.00041619585162861415,-0.4912255844818411,1.1210989303023822,-0.0006735541328210285,-0.06897777129814434,-0.0006449722345204684,0.020000093818829164
15.035900592803955,-0.00040873607317336373,-0.4906272541278702,1.1208891182125345,-0.0006735569886080126,-0.06897853388160406,-0.0006449706699790716,0.020000065475436774
15.035900592803955,-0.00029210369320970637,-0.4897946043785077,1.1215985046948023,-0.0006698801071109346,-0.07991356644132905,-0.0006413290829512171,0.02000419109740183
15.035900592803955,-0.0004168463512203951,-0.48930617906395957,1.1201367177520805,-0.0006694285998807392,-0.07473190181900716,-0.0006373115835960181,0.019996484356451898
15.035900592803955,-0.0004312823235049974,-0.48856074878443334,1.1202231729912286,-0.0006677724532066213,-0.07642071024822034,-0.0006367622866554828,0.02000085323455996
15.035900592803955,-0.0004596667172821167,-0.487879137798292,1.1198576559148403,-0.0006676906803800168,-0.07586830256778884,-0.0006363315529344913,0.02000005943969919
15.035900592803955,-0.0004683318586722883,-0.48718341268997506,1.1196447843165505,-0.0006675241307786051,-0.07604893926467358,-0.0006362683307870817,0.02000031361800841
15.035900592803955,-0.0004723458414675323,-0.4865005779794205,1.1193852339296764,-0.0006675229893599985,-0.0759898754495137,-0.00063621949553762,0.020000142418511155
15.035900592803955,-0.00046913625865038864,-0.4858217911990639,1.119144091918276,-0.0006675100548271592,-0.07600919397457699,-0.0006362109532271948,0.0200001279865419
15.035900592803955,-0.00046120387330328357,-0.48514986959515877,1.1189000427222726,-0.000667513678731863,-0.07600288142201052,-0.0006362043735676896,0.020000080288078384
15.035900592803955,-0.0004490718171949157,-0.4844838175961115,1.1186600265266238,-0.000667515449071596,-0.07600495018260403,-0.0006362023281454774,0.020000053980647168
15.035900592803955,-0.0004337168501023671,-0.4838238870570094,1.1184217442960311,-0.0006675185825794341,-0.07600427822264517,-0.0006362006440396538,0.02000002713938741
15.035900592803955,-0.0003045882797895797,-0.4829161596611846,1.1191440617931856,-0.0006631591678293649,-0.08742764076588494,-0.0006319872970580154,0.020004450622143236
15.035900592803955,-0.0004210596235407391,-0.4823743545190218,1.1175967783831455,-0.0006625170405163599,-0.08200898474273817,-0.0006274977955271089,0.019996446369488143
15.035900592803955,-0.0004214162793297915,-0.48155984048314326,1.1176687024305672,-0.0006606256814109297,-0.08377838760630157,-0.0006268272559687339,0.020000925159751493
15.035900592803955,-0.00043869009288899125,-0.4808135483395098,1.1172672992502424,-0.0006605294262271716,-0.08319851869663032,-0.0006263429839747832,0.02000001184417576
15.035900592803955,-0.00043783436725959346,-0.48005234967634713,1.1170263038185035,-0.0006603395258390078,-0.08338849497087251,-0.0006262664418390891,0.020000262437355427
15.035900592803955,-0.0004345136546857228,-0.4793050916900256,1.1167363840550868,-0.0006603370194544144,-0.08332625955498311,-0.0006262119109515346,0.0200000823425232
15.035900592803955,-0.00042572610331454244,-0.47856230839961955,1.1164660215816153,-0.0006603210480888373,-0.08334665414807788,-0.0006262022034494093,0.02000007463364373
15.035900592803955,-0.00041381605833261793,-0.4778270197266216,1.11619274450907,-0.0006603239225088529,-0.08333997739637436,-0.0006261952786019333,0.020000032565025475
16.035900592803955,-0.0003990581604992034,-0.47709815493581276,1.1159238813480383,-0.0006603247621338706,-0.0833421697233248,-0.0006261933698146695,0.02000001297708274
16.035900592803955,-0.0003822332016003713,-0.4763759841678028,1.1156569978509623,-0.0006603272604983104,-0.08334145632425642,-0.0006261918861523873,0.019999992101041638
16.035900592803955,-0.000355490595840243,-0.4756373659047507,1.114640468559825,-0.0006607433559710877,-0.08568309407061986,-0.0006206884859585867,0.019989835510969632
16.035900592803955,-0.0003115123071779242,-0.47473181497644423,1.1154100214887595,-0.0006533251663036862,-0.09257690361389834,-0.000617564212373243,0.020001454517418284
16.035900592803955,-0.0003583526050554287,-0.4739704788807232,1.1146182578645765,-0.0006528239473488791,-0.09030130365251968,-0.0006155429307904106,0.01999910587951191
16.035900592803955,-0.00035218348881415685,-0.4731212458666523,1.1144569558371777,-0.0006519700474365941,-0.09104789521940232,-0.0006152074934971475,0.020000583072523222
16.035900592803955,-0.00035202200425624977,-0.4723074623778322,1.1140962141289505,-0.000651933834647764,-0.09080282419919597,-0.0006149842619289677,0.020000033890548538
16.035900592803955,-0.00033655168055277324,-0.47146938771090974,1.113064647876071,-0.0006519815070154376,-0.0931834767708355,-0.0006091360235862945,0.01999005136858598
16.035900592803955,-0.0002959092448616977,-0.47046733800457896,1.113767283850623,-0.0006439186993463802,-0.09994383399834048,-0.0006055613944003735,0.020001698964577718
16.035900592803955,-0.0003382075655732717,-0.46961023601035745,1.1129403106276894,-0.0006433238819257798,-0.09770818748726315,-0.000603406200409228,0.01999926269069026
16.035900592803955,-0.0003281743445993306,-0.4686661028188067,1.1127332573179949,-0.0006424211896558375,-0.09844300253926974,-0.0006030176365395682,0.020000605384523702
16.035900592803955,-0.0003246361147908358,-0.4677583052032313,1.1123303942894092,-0.0006423804798151931,-0.09820135836690777,-0.0006027788718911406,0.020000021760228706
16.035900592803955,-0.00031382820722157984,-0.4668494573761668,1.1119965698318237,-0.0006422931656428258,-0.09828082602420024,-0.000602734380692553,0.020000072001454972
16.035900592803955,-0.000302424159679487,-0.4659518948480883,1.1116445179396481,-0.0006422930239100664,-0.09825469966353365,-0.0006027074187742152,0.01999998152925106
16.035900592803955,-0.00028924001229708595,-0.46506146608985344,1.1113028865339172,-0.0006422858154951409,-0.09826329676293992,-0.0006027019575453997,0.01999997416349041
16.035900592803955,-0.0002752814804874154,-0.4641794375810464,1.1109622123369443,-0.0006422873416901213,-0.09826047537153061,-0.0006026985778035645,0.019999954963458324
16.035900592803955,-0.00026067349814880774,-0.4633052953296071,1.1106255648199799,-0.0006422877797002227,-0.09826140878321707,-0.0006026976162539394,0.019999946191878375
16.035900592803955,-0.00024075112599168536,-0.46241646427486455,1.109561329531553,-0.0006420962673256056,-0.10052616999137304,-0.000596523299462105,0.019989915664721383
16.035900592803955,-0.0001914864700088341,-0.4613596453041209,1.110226449437834,-0.0006332924486526724,-0.10722315415013618,-0.0005924974357029697,0.02000180172825048
16.035900592803955,-0.0002207873723240861,-0.4604499462430647,1.1093754275725964,-0.0006325872136990048,-0.10500466919622357,-0.0005901989409335972,0.01999931515008063
16.035900592803955,-0.0002004288269147349,-0.4594528603313213,1.1091397793588786,-0.0006316234740279517,-0.10573511437629987,-0.0005897578541498923,0.020000557314711443
16.035900592803955,-0.0001891698244971328,-0.4584928627619979,1.108709818631364,-0.000631575970431645,-0.10549448811783692,-0.0005895027948621703,0.019999944382291412
16.035900592803955,-7.74404011463009e-05,-0.4572788364992782,1.1092412618796028,-0.0006246699997226945,-0.11625587740131932,-0.0005833669696075566,0.020004063437923755
16.035900592803955,-0.00016290542092635538,-0.4564352438552639,1.107622498146162,-0.0006227936571189449,-0.11114279311155406,-0.0005776663633550224,0.01999732080866842
16.035900592803955,-0.00013231816323434922,-0.4553207357605957,1.1075317341366155,-0.0006203286966168359,-0.11282426404326046,-0.0005765160755362681,0.020001117273911864
16.035900592803955,-0.0001218193267626642,-0.45427802232838344,1.1069930226051876,-0.0006201658418774533,-0.1122693077241837,-0.0005758865709604358,0.019999924249148322
16.035900592803955,-0.00010112238000810744,-0.4532225621966377,1.1066092722356076,-0.0006199253087970503,-0.11245241030063641,-0.0005757570258871543,0.02000006163774789
16.035900592803955,-3.08348080425425e-06,-0.4519500581436727,1.106989962617536,-0.0006129435256701582,-0.12209901747162048,-0.0005695251272066828,0.02000338503075986
16.035900592803955,-7.686335134848619e-05,-0.4510155529525186,1.1054520134041699,-0.0006107722265713409,-0.11749269256580865,-0.0005639296419929716,0.01999767215331209
16.035900592803955,-4.42904529840938e-05,-0.4498342961466772,1.1052922540565415,-0.000608370730997106,-0.11900961135805053,-0.0005627297815777863,0.02000105015410652
16.035900592803955,-3.015732228445727e-05,-0.4487200458871161,1.1047292865580707,-0.0006081943358243897,-0.1185082510418408,-0.0005621091480910895,0.01999991602311415
16.035900592803955,-8.163742768078683e-06,-0.4475955403810688,1.104307033259855,-0.0006079625622331841,-0.118673905509824,-0.0005619741954922314,0.020000013404496173
16.035900592803955,8.620068685348674e-06,-0.44648785499601584,1.1038442024342379,-0.0006079515414716943,-0.118619178152678,-0.0005619054071680095,0.019999838760070714
16.035900592803955,2.346708155476673e-05,-0.44538799867549483,1.103400572182612,-0.0006079274872425883,-0.11863726728648422,-0.0005618906302933201,0.019999848597921813
16.035900592803955,3.5251090089245395e-05,-0.44429882286651784,1.102956332989226,-0.0006079256730633195,-0.11863129707221298,-0.0005618833533895542,0.01999983677724364
16.035900592803955,4.459087764362254e-05,-0.4432192652087525,1.1025179742369198,-0.0006079219384948502,-0.118633276264575,-0.0005618820473661576,0.019999845821903034
16.035900592803955,5.160590165585407e-05,-0.4421495573557953,1.1020832966862255,-0.0006079205373825888,-0.11863262884103459,-0.0005618815685494039,0.019999852168634008
16.035900592803955,0.00012751812536846937,-0.440863916686752,1.1024178737559491,-0.0006005301547296933,-0.12782050177123772,-0.0005554026542077759,0.020002963509425858
16.035900592803955,4.594209309473471e-05,-0.4399046886585336,1.1009191413126465,-0.000598000697593843,-0.12343842594313327,-0.0005496859951372692,0.019997914882484938
16.035900592803955,6.86991895580064e-05,-0.4387083441977087,1.100730895380257,-0.0005955354655854918,-0.12488342356296994,-0.0005484058131939337,0.020001098761873417
16.035900592803955,7.522077315069508e-05,-0.4375770687086416,1.1001590672656238,-0.000595337863880153,-0.12440520283340037,-0.0005477693064259138,0.01999995879844388
16.035900592803955,8.937022012326884e-05,-0.4364363739303339,1.099721757026333,-0.0005951028466435823,-0.12456342051219071,-0.0005476251939495872,0.02000002162262826
16.035900592803955,9.864447256830037e-05,-0.4353124193386414,1.0992460351871745,-0.0005950902269253236,-0.1245110813088599,-0.0005475545873140508,0.019999845971830996
16.035900592803955,0.00010612185778928281,-0.4341965045414448,1.0987889916824616,-0.0005950657193308298,-0.12452840425979188,-0.0005475388510953882,0.01999985364923228
16.035900592803955,0.00011077573944409036,-0.4330913874398499,1.0983316784969732,-0.0005950635313181835,-0.12452267966486616,-0.0005475314188538729,0.019999843073324856
16.035900592803955,0.00011323546678966182,-0.4319960337646293,1.0978803069069607,-0.0005950595312363806,-0.12452458023721881,-0.0005475300526241983,0.019999852996367327
16.035900592803955,0.00011365493932892671,-0.43091066470979783,1.097432765140567,-0.00059505790172648,-0.12452395799259042,-0.0005475295930366685,0.019999860351535816
16.035900592803955,0.00017034943448715915,-0.4296250752180835,1.0976886972011308,-0.0005875299688114701,-0.13293572908514875,-0.0005409560685781688,0.020002454857640704
16.035900592803955,8.800432595652766e-05,-0.4286429696851284,1.0962653330394323,-0.0005847153522247215,-0.128921094405817,-0.0005352912984741519,0.019998207988990796
16.035900592803955,0.00010461502798129587,-0.42744166124282146,1.0960426048889675,-0.0005822783434090126,-0.13024650376665178,-0.0005339686864334606,0.020001106556106853
16.035900592803955,0.00010781524099583987,-0.4263014286778298,1.0954686992990235,-0.0005820652765918076,-0.12980733709412245,-0.0005333357146757236,0.02000000329744227
16.035900592803955,0.00011824128670990963,-0.4251532413919489,1.0950187594200975,-0.0005818363320796145,-0.12995280717483568,-0.0005331866398267139,0.020000029014782008
16.035900592803955,0.00016906386767187467,-0.4238314559542177,1.0951564051934277,-0.0005743672064079835,-0.13740602736095778,-0.0005266116264328953,0.020001895159311184
16.035900592803955,9.940489725890196e-05,-0.4227827840584525,1.0938093054443307,-0.0005713178833707958,-0.1338397204233297,-0.0005211131368013374,0.019998474235277605
16.035900592803955,0.00011978520658297424,-0.4215384496053594,1.0935296917909716,-0.0005689731446377688,-0.13501832055914667,-0.0005197751198489917,0.020001032349266357
16.035900592803955,0.00012842832938930865,-0.42035039231465404,1.0929387108227533,-0.0005687450718075478,-0.13462739179546904,-0.0005191591834912263,0.020000001202715417
16.035900592803955,0.00014261656652236415,-0.41915663403221914,1.0924588317294865,-0.0005685273788951574,-0.13475701864701503,-0.0005190084052767274,0.019999995799534643
16.035900592803955,0.0001836158627344797,-0.41781270806369986,1.0924864865386312,-0.0005613331026452259,-0.14120340038858475,-0.0005126670347868951,0.02000132258207504
16.035900592803955,0.00012252349006195822,-0.4167092171088814,1.0912302935475044,-0.0005581621177485129,-0.13811711665103166,-0.0005074742999473598,0.019998730240936808
16.035900592803955,0.00014176245900196095,-0.4154363966497369,1.090898529777923,-0.0005559643719097065,-0.13913798120998316,-0.0005061653742374545,0.020000945677417996
16.035900592803955,0.00015136749331564307,-0.41421435928392014,1.0902980323373865,-0.0005557285898101598,-0.13879907118269957,-0.0005055824203673436,0.020000008388904224
16.035900592803955,0.0001653191329922644,-0.4129889755215622,1.0897946845172062,-0.0005555269684649456,-0.13891154983652262,-0.0005054348974025036,0.01999997735367128
16.035900592803955,0.00017453692687788842,-0.4117793634492357,1.0892659185179243,-0.0005555105850477848,-0.13887422734681057,-0.0005053701329103544,0.019999829513844106
16.035900592803955,0.00018110235316850138,-0.41057911372801187,1.0887522954810454,-0.0005554893004699355,-0.13888662089144593,-0.000505354119132706,0.019999830202499708
16.035900592803955,0.00018441776041745985,-0.40939022447538626,1.0882402869727859,-0.0005554862286391135,-0.13888251462672796,-0.0005053474072699696,0.01999982494010297
16.035900592803955,0.0001850606240737154,-0.4082119018444241,1.0877343179985368,-0.0005554820904568918,-0.13888388428909085,-0.0005053460957166558,0.0199998361501638
16.035900592803955,0.00018328399377697552,-0.4070442794331165,1.0872328560444906,-0.0005554798993190722,-0.13888343653969298,-0.0005053457942315451,0.019999845986005522
16.035900592803955,0.00020230756625340702,-0.4057297114008544,1.0872349241818928,-0.0005481532915110719,-0.14491937317784798,-0.0004989533283991127,0.020000986095775598
16.035900592803955,0.0001301293570262811,-0.4046421658961684,1.0860308231859763,-0.0005447350954442575,-0.14203411886121114,-0.0004937657677683805,0.019998933660119688
16.035900592803955,0.00013729425046945197,-0.4033954110580391,1.0856905023542287,-0.0005425324420568314,-0.14298929952377842,-0.0004924263970960236,0.020001009940261542
16.035900592803955,0.00013792941056778635,-0.40219689112084916,1.0850991566074568,-0.0005422810487160912,-0.14267193089325664,-0.0004918424566273523,0.02000008470747283
16.035900592803955,0.00014400172162690297,-0.4009956107651875,1.0845990331018784,-0.0005420822314318959,-0.14277734822538216,-0.0004916911263480903,0.02000002537909585
16.035900592803955,0.00014678734474067506,-0.39980961581652846,1.0840753739892781,-0.0005420653992707866,-0.142742339916448,-0.0004916260154250776,0.019999874008930555
16.035900592803955,0.00014805652945888066,-0.39863284968396595,1.083566182649112,-0.0005420451229095812,-0.1427539749695478,-0.0004916094266293271,0.019999868340345995
16.035900592803955,0.00014715393824171814,-0.3974671980046131,1.0830587695636957,-0.0005420425777699298,-0.14275011705780954,-0.0004916025373691335,0.019999859645238992
16.035900592803955,0.00014453030804470316,-0.39631190647346365,1.0825572853908676,-0.0005420390707895714,-0.14275140521391164,-0.0004916010347532218,0.019999867238124004
16.035900592803955,0.00014034380380599962,-0.3951670984704589,1.0820602880621963,-0.0005420374276448784,-0.14275098400686298,-0.000491600592761287,0.019999873904473255
16.035900592803955,0.00011334874367322363,-0.3940150487057509,1.0811893779288848,-0.0005394509192542527,-0.14390759085514632,-0.00048572851947868906,0.019993370949089307
16.035900592803955,9.796745833071186e-05,-0.3927721210475994,1.0811983407329302,-0.0005303017093150554,-0.1473652699383352,-0.00048051224683404685,0.02000128276162911
16.035900592803955,7.584873284367743e-05,-0.39161686153998504,1.0804284245806393,-0.0005289168403027217,-0.14620946869668303,-0.00047828443022550354,0.020000253707761397
16.035900592803955,8.446430013281679e-05,-0.39041702344665513,1.079981802112235,-0.0005280578032904816,-0.1465934830035713,-0.0004776952986037959,0.020000508396418617
16.035900592803955,8.924762760571656e-05,-0.38924400867728426,1.0794364374460261,-0.000527967906518863,-0.146465826218457,-0.00047744406780566006,0.01999998724281426
16.035900592803955,0.00010419533879475962,-0.38793205904753636,1.0793708792331087,-0.0005203129036220965,-0.15186764059944097,-0.0004707544283671421,0.020000495420394813
16.035900592803955,4.278151857051149e-05,-0.38682663637623743,1.0782213292553953,-0.0005164357186604542,-0.1492894427824074,-0.0004654897605492919,0.01999921106148103
16.035900592803955,5.6937207539348846e-05,-0.38557776302189883,1.0778434142912658,-0.0005142084224627792,-0.1501442836932697,-0.0004640739932818622,0.020001039739493808
16.035900592803955,6.682393763187418e-05,-0.38437365130499346,1.0772417555589622,-0.0005139265956960455,-0.14985982244884033,-0.0004634792371107561,0.02000012384917875
16.035900592803955,8.134784473339415e-05,-0.3831680384377703,1.076722506034585,-0.0005137304906345072,-0.14995445306366642,-0.0004633189167602386,0.020000019248752388
16.035900592803955,9.243496859390979e-05,-0.38197734211453155,1.0761828316434385,-0.0005137118168425421,-0.1499229797819681,-0.0004632524061894636,0.01999986506427777
16.035900592803955,0.00010150994108556663,-0.38079603625118774,1.0756568278221867,-0.0005136922485621181,-0.14993345644311953,-0.0004632347571889268,0.019999853427807985
16.035900592803955,0.00010796932320572004,-0.379625833033674,1.075133083692095,-0.0005136896566415076,-0.1499299779092729,-0.0004632276737378415,0.01999984383120412
16.035900592803955,0.00011221268844752757,-0.37846603468293705,1.0746153287421423,-0.0005136862751499745,-0.14993114171325922,-0.00046322603374488857,0.019999850392119243
16.035900592803955,0.00011439581060779496,-0.3773167459096207,1.074102256707337,-0.0005136846235205117,-0.14993076112603787,-0.00046322555988905455,0.01999985676276827
16.035900592803955,8.873973502875195e-05,-0.37616047295962596,1.0732569082166559,-0.0005107543320656434,-0.15095637719040503,-0.0004573404149463674,0.019993665473335986
16.035900592803955,6.997453523092225e-05,-0.3749222111105466,1.0731898659187644,-0.0005014990664952496,-0.15402816412620243,-0.00045194005227465743,0.020001185819962783
16.035900592803955,5.345358785863528e-05,-0.37376352679711333,1.0724318816105685,-0.0004999777731316882,-0.15299990892636658,-0.00044970677641969586,0.02000038140062146
16.035900592803955,6.568498564733978e-05,-0.3725655415521661,1.0719620791890534,-0.0004991279189025929,-0.1533420309441433,-0.000449095127489872,0.020000512749501587
16.035900592803955,7.475471028144375e-05,-0.3713927832657011,1.0714050835611046,-0.0004990295740219564,-0.15322813838029894,-0.000448842566667776,0.019999995207344304
16.035900592803955,8.432474063039442e-05,-0.3702256689556742,1.0708840842009815,-0.0004989536395385005,-0.15326605901527698,-0.000448773685841889,0.019999925715167316
16.035900592803955,9.133815163394996e-05,-0.3690707082187072,1.0703579253045572,-0.0004989465210929564,-0.15325344181088207,-0.0004487456594102277,0.019999862316052552
16.035900592803955,9.6476377007063e-05,-0.3679256144151794,1.0698402366449582,-0.0004989381344818385,-0.15325764856812,-0.0004487382419948461,0.01999986053956165
17.035900592803955,9.961572253890398e-05,-0.3667910235925309,1.0693264151250776,-0.0004989364123974265,-0.15325625457100248,-0.000448735402287388,0.019999860374793878
17.035900592803955,0.00010102471748895724,-0.3656665995795245,1.0688179279477743,-0.0004989343141848892,-0.15325672503212762,-0.0004487348490378477,0.019999866687343514
17.035900592803955,9.947846785532323e-05,-0.36441171147325674,1.068727445385381,-0.0004908931326126491,-0.15832235036960193,-0.0004417077070738709,0.019999983935982388
17.035900592803955,3.1439170030936516e-05,-0.3633517909169455,1.067621065409758,-0.00048651716298784593,-0.15589681574611647,-0.00043625305343008815,0.019999410424986146
17.035900592803955,3.985293226952139e-05,-0.36215442521280494,1.0672405534307947,-0.0004841956832004381,-0.15670215694621983,-0.00043474534803591096,0.020001143997693677
17.035900592803955,4.684311074390594e-05,-0.36099967173715786,1.0666497639122239,-0.00048388352922859964,-0.1564337888284317,-0.000434126714432671,0.02000020237497125
17.035900592803955,5.90465076457612e-05,-0.35984349644797337,1.0661368893049907,-0.0004836846115854002,-0.15652319090561786,-0.00043395541251947634,0.02000005421468334
17.035900592803955,3.889701890468171e-05,-0.35868449871769176,1.0653007269072667,-0.00048047573352118255,-0.15741461345643512,-0.0004279995393535306,0.01999392800138229
17.035900592803955,2.2210105831551838e-05,-0.35744941960239557,1.0651701735325985,-0.00047112868196458297,-0.1601887814928426,-0.00042244577330474204,0.020001121965800603
17.035900592803955,1.4625062993086194e-05,-0.35628784716723727,1.0644161549797584,-0.00046949669107423215,-0.1592589734806358,-0.0004202046852290551,0.020000482797960767
17.035900592803955,3.399410765817966e-05,-0.3550910794678811,1.0639232426550471,-0.00046865529619873286,-0.15956874264609072,-0.0004195741795256657,0.020000509954738673
17.035900592803955,5.0411650672437976e-05,-0.3539183008932398,1.0633521138761202,-0.00046855086745240047,-0.15946548586213305,-0.00041932010779675356,0.019999991720654735
17.035900592803955,5.436289893023684e-05,-0.35263684748112367,1.0631441257618879,-0.0004609940215822649,-0.16355622204138873,-0.0004126511061444459,0.01999953561356098
17.035900592803955,7.257028661523047e-06,-0.3515173462826652,1.0621139931580743,-0.00045661534225662723,-0.16160122358204315,-0.0004076066753769878,0.019999624556113312
17.035900592803955,2.5559574670897115e-05,-0.35028804652984985,1.0616695930203623,-0.00045449514653775813,-0.1622510926101301,-0.0004061674610672657,0.020001011064869633
17.035900592803955,4.316970419240578e-05,-0.34909573709010866,1.0610569674553696,-0.00045418289723161704,-0.1620342856689042,-0.00040559419526080845,0.020000169741571608
17.035900592803955,6.391458982067334e-05,-0.34790448913053823,1.060508569467686,-0.0004540049266315137,-0.1621065950035433,-0.0004054306079376294,0.020000003066991685
17.035900592803955,6.380789510257176e-05,-0.3466321410618454,1.0602175577266053,-0.00044712266231036946,-0.16542191119078678,-0.00039927080398026595,0.019999247273049848
17.035900592803955,2.389980326320414e-05,-0.34549382894677844,1.0592650125745569,-0.0004429186570382443,-0.16382949614521822,-0.00039467637105737645,0.01999975262626001
17.035900592803955,4.0828742701642147e-05,-0.344267253498657,1.0587909774642486,-0.0004410083266879065,-0.16435905419685473,-0.000393338223275992,0.020000898470267436
17.035900592803955,5.7987035427738745e-05,-0.3430728694496304,1.0581810162793766,-0.00044070655534779685,-0.16418230646064838,-0.000392815512619989,0.020000155795003815
17.035900592803955,7.745917415841022e-05,-0.34188130877624984,1.0576244753780573,-0.00044054829816341754,-0.16424128248449468,-0.0003926633687990468,0.01999998680226769
17.035900592803955,6.445307207887164e-05,-0.3406924545309921,1.0568811222081538,-0.000437551092474474,-0.16475484229116033,-0.00038800077924207435,0.01999562402860172
17.035900592803955,4.745866784260535e-05,-0.33946437283158215,1.0565492305098374,-0.000430299952600477,-0.16636449038838494,-0.00038342660642337373,0.020000685416919548
17.035900592803955,4.729498179113614e-05,-0.3382837491378778,1.0558582195811763,-0.00042883511858767367,-0.1658242757330938,-0.00038167310862567244,0.020000484485081512
17.035900592803955,6.501066580320927e-05,-0.33708675589162496,1.055321270808309,-0.0004282049792790649,-0.16600449304134282,-0.0003811523783523559,0.02000035800656675
17.035900592803955,8.083398478398547e-05,-0.33590830022454177,1.0547412910960865,-0.0004281079458098825,-0.16594434191733462,-0.00038095310105848624,0.019999970702719184
17.035900592803955,9.554236069854556e-05,-0.3347377742970955,1.054183069634917,-0.0004280544021167344,-0.16596442524135266,-0.00038089438254608016,0.019999887858614996
17.035900592803955,0.00010738832331085497,-0.3335786660736767,1.0536248635532015,-0.0004280467540002494,-0.16595772803435854,-0.00038087227983583423,0.019999841668169704
17.035900592803955,0.0001167339803760936,-0.3324296898582471,1.0530738564625903,-0.0004280405087907341,-0.16595996969462623,-0.0003808660087140853,0.01999983915440386
17.035900592803955,0.0001236073377690081,-0.33129114963345435,1.052527580286207,-0.00042803849211177234,-0.16595922764234744,-0.0003808638452876121,0.019999841400925075
17.035900592803955,0.00010343071809163075,-0.3301013270902603,1.052160410052556,-0.00042232764586938126,-0.1680972572936483,-0.000375709164988413,0.01999889786188671
17.035900592803955,3.526976624774936e-05,-0.3289472378556165,1.0515208313521243,-0.0004129993936727126,-0.16896877309882946,-0.0003669472292381285,0.0199989576263383
17.035900592803955,-4.725740094407308e-06,-0.327810654862073,1.0508077087616443,-0.0004076987814014127,-0.16840047615018064,-0.0003621787857793013,0.02000093861754012
17.035900592803955,1.6277583667647266e-06,-0.326641020331342,1.0502787121185306,-0.00040594840323779737,-0.16858922820596448,-0.00036064153360684,0.020001038829113027
17.035900592803955,1.5122122571541579e-05,-0.32548886423668705,1.0497052109550522,-0.0004055533229155611,-0.16852615763904255,-0.0003600971707581534,0.0200003104485318
17.035900592803955,3.053505264389915e-05,-0.32434417060031406,1.0491542283320283,-0.00040541830632829373,-0.16854722506714762,-0.00035992234687238925,0.020000025608992226
17.035900592803955,4.4238734542619335e-05,-0.3232106994650234,1.048602933608375,-0.0004053891962853148,-0.1685401952030786,-0.0003598610547526058,0.019999896488882857
17.035900592803955,5.601763041351693e-05,-0.3220871082420417,1.0480588607994288,-0.00040537721189518446,-0.16854254903979268,-0.00035984162436945616,0.019999864124178708
17.035900592803955,6.567404452117926e-05,-0.3209737255797435,1.0475194233797094,-0.00040537398667833685,-0.16854176894614945,-0.0003598349881161287,0.019999855132595803
17.035900592803955,7.334752992874748e-05,-0.31987032049185526,1.0469854163556562,-0.0004053718503299129,-0.16854203546195162,-0.0003598330424694465,0.019999857090546674
17.035900592803955,7.916727385974308e-05,-0.31877684964823055,1.0464565061370295,-0.00040537046764207985,-0.16854195239187486,-0.00035983252321733917,0.019999861379798513
17.035900592803955,8.329420613603636e-05,-0.3176932080694357,1.0459327367032982,-0.0004053691563258654,-0.16854198603424228,-0.0003598325222303145,0.019999866687868455
17.035900592803955,8.588326601216776e-05,-0.31661931242434344,1.0454140265989533,-0.0004053679348783972,-0.1685419806550102,-0.0003598326741719197,0.01999987208902452
17.035900592803955,8.708787965767916e-05,-0.3155550732172975,1.0449003369165257,-0.00040536674775934044,-0.16854198826687955,-0.0003598328769565512,0.019999877435617538
17.035900592803955,8.70553196569519e-05,-0.3145004040710476,1.0443916151900186,-0.0004053656063788774,-0.16854199149861876,-0.0003598330890866198,0.019999882610905788
17.035900592803955,8.59267819042382e-05,-0.3134552186183972,1.0438878141267522,-0.0004053645098451802,-0.1685419961522265,-0.00035983329849774816,0.01999988758337119
17.035900592803955,8.383651969566426e-05,-0.3124194315311696,1.0433888853451145,-0.0004053634629768834,-0.16854200029011648,-0.0003598334999859614,0.01999989232679985
17.035900592803955,8.091158769670356e-05,-0.3113929581672528,1.0428947814596872,-0.00040536246819850166,-0.16854200455964882,-0.0003598336917505103,0.01999989682724496
17.035900592803955,7.727156278042046e-05,-0.3103757146791422,1.0424054553785829,-0.0004053615278234932,-0.1685420087448287,-0.0003598338728767582,0.019999901074198443
17.035900592803955,7.302840848275746e-05,-0.30936761796840545,1.0419208605318975,-0.00040536064327358155,-0.16854201291801676,-0.0003598340429445575,0.019999905061208016
17.035900592803955,6.828640529317026e-05,-0.3083685856916731,1.0414409507892464,-0.00040535981541169573,-0.1685420170552632,-0.00035983420173808117,0.01999990878465906
17.035900592803955,6.314215797081912e-05,-0.30737853624949457,1.0409656804811995,-0.00040535904451652365,-0.1685420211647848,-0.0003598343491919282,0.01999991224359576
17.035900592803955,5.768466410223768e-05,-0.30639738878099226,1.0404950043860766,-0.0004053583303745228,-0.16854202524405418,-0.00035983448534851155,0.019999915439341792
17.035900592803955,5.199543846481696e-05,-0.30542506315665524,1.0400288777283677,-0.0004053576723281541,-0.1685420292941319,-0.0003598346103420806,0.01999991837524745
17.035900592803955,4.614868497700868e-05,-0.3044614799718302,1.039567256173333,-0.00040535706933497983,-0.16854203331487969,-0.00035983472438430803,0.019999921056422003
17.035900592803955,4.021150960555975e-05,-0.3035065605400551,1.0391100958229322,-0.00040535652001773655,-0.1685420373065589,-0.00035983482775363794,0.019999923489497674
17.035900592803955,3.42441678224377e-05,-0.30256022688652096,1.0386573532113714,-0.0004053560227136912,-0.16854204126929725,-0.0003598349207851563,0.01999992568240276
17.035900592803955,2.830034061024682e-05,-0.3016224017415668,1.038208985300832,-0.00040535557552019236,-0.16854204520326643,-0.00035983500386144336,0.019999927644150914
17.035900592803955,2.2427433505406557e-05,-0.30069300853423814,1.0377649494771963,-0.0004053551763367417,-0.16854204910862322,-0.0003598350774041776,0.019999929384646155
17.035900592803955,1.6666893620174375e-05,-0.2997719713858996,1.0373252035458296,-0.0004053548229044952,-0.16854205298552893,-0.00035983514186625754,0.01999993091450146
17.035900592803955,1.1054540001030483e-05,-0.29885921510390434,1.0368897057273987,-0.00040535451284232684,-0.16854205683414314,-0.00035983519772462506,0.01999993224487271
17.035900592803955,5.6209030752086285e-06,-0.297954665175319,1.0364584146537343,-0.0004053542436798644,-0.1685420606546254,-0.00035983524547370085,0.019999933387306507
17.035900592803955,3.915693971512168e-07,-0.2970582477607048,1.036031289363733,-0.000405354012887665,-0.16854206444713535,-0.00035983528561938136,0.019999934353602075
17.035900592803955,-4.6124717569096455e-06,-0.29616988968795366,1.0356082892992982,-0.00040535381790435655,-0.16854206821183237,-0.0003598353186736509,0.019999935155686627
17.035900592803955,-9.374482984002743e-06,-0.29528951844618045,1.0351893743013252,-0.00040535365616134337,-0.1685420719488753,-0.00035983534514966934,0.019999935805502928
17.035900592803955,-1.388163726460683e-05,-0.2944170621796698,1.0347745046057217,-0.0004053535251042819,-0.1685420756584234,-0.00035983536555751983,0.019999936314910555
17.035900592803955,-1.8124682720452357e-05,-0.2935524496818778,1.0343636408394712,-0.0004053534222126819,-0.16854207934063523,-0.00035983538040031067,0.019999936695597416
17.035900592803955,-2.2097615701863573e-05,-0.29269561038948916,1.033956744016733,-0.0004053533450164732,-0.16854208299566972,-0.00035983539017090006,0.019999936959003893
17.035900592803955,-2.5797363934510776e-05,-0.29184647437652783,1.0335537755349828,-0.00040535329111084995,-0.16854208662368506,-0.00035983539534895266,0.01999993711625584
17.035900592803955,-2.922348117812638e-05,-0.29100497234852263,1.0331546971711918,-0.00040535325816835286,-0.16854209022483999,-0.000359835396398548,0.01999993717811016
17.035900592803955,-3.237785463336413e-05,-0.29017103563672625,1.0327594710780426,-0.00040535324394966825,-0.16854209379929252,-0.0003598353937660466,0.019999937154906076
17.035900592803955,-3.526442605629599e-05,-0.28934459619238795,1.032368059780184,-0.0004053532463117296,-0.168542097347201,-0.0003598353878784954,0.019999937056528746
17.035900592803955,-3.788892729629679e-05,-0.28852558658107974,1.031980426170525,-0.00040535326321496003,-0.16854210086872315,-0.00035983537914219163,0.019999936892377574
17.035900592803955,-4.02586308705698e-05,-0.28771393997707506,1.0315965335065616,-0.00040535329272816604,-0.16854210436401684,-0.0003598353679417314,0.019999936671344164
17.035900592803955,-4.2382115903834614e-05,-0.28690959015778056,1.0312163454067462,-0.0004053533330326969,-0.16854210783323992,-0.00035983535463919125,0.0199999364017944
17.035900592803955,-4.426904960477505e-05,-0.2861124714982197,1.0308398258468903,-0.0004053533824243024,-0.16854211127654967,-0.00035983533957377066,0.019999936091560967
17.035900592803955,-4.5929984339091906e-05,-0.28532251896556865,1.030466939156602,-0.00040535343931469005,-0.16854211469410332,-0.0003598353230614938,0.019999935747937084
17.035900592803955,-4.737617023918707e-05,-0.2845396681137426,1.030097650015764,-0.00040535350223177603,-0.16854211808605823,-0.00035983530539517104,0.01999993537767628
17.035900592803955,-4.86193831222586e-05,-0.2837638550780346,1.0297319234510443,-0.0004053535698185422,-0.16854212145257097,-0.0003598352868446396,0.019999934986998282
17.035900592803955,-4.967176742581368e-05,-0.2829950165698039,1.0293697248324432,-0.00040535364083170547,-0.1685421247937985,-0.0003598352676570364,0.019999934581596046
17.035900592803955,-5.054569376624935e-05,-0.2822330898712153,1.029011019869873,-0.0004053537141391451,-0.168542128109897,-0.00035983524805731896,0.01999993416664839
17.035900592803955,-5.125363063948307e-05,-0.2814780128300273,1.0286557746097775,-0.00040535378871682813,-0.16854213140102287,-0.0003598352282488869,0.01999993374683469
17.035900592803955,-5.180802971322272e-05,-0.28072972385443096,1.0283039554317805,-0.00040535386364510043,-0.16854213466733178,-0.000359835208414327,0.019999933326352613
17.035900592803955,-5.222122419851536e-05,-0.27998816190793646,1.027955529045372,-0.0004053539381050797,-0.16854213790897948,-0.0003598351887161407,0.01999993290893514
17.035900592803955,-5.2505339587939935e-05,-0.2792532665043089,1.0276104624866254,-0.00040535401137373206,-0.16854214112612115,-0.0003598351692977274,0.019999932497873907
17.035900592803955,-5.267221617146065e-05,-0.27852497770255163,1.027268723114951,-0.000405354082819481,-0.1685421443189119,-0.00035983515028426813,0.019999932096039556
17.035900592803955,-5.2733342603643295e-05,-0.27780323610193786,1.0269302786098797,-0.0004053541518970839,-0.1685421474875062,-0.0003598351317837457,0.019999931705906065
17.035900592803955,-5.2699799862806134e-05,-0.27708798283708846,1.026595096967882,-0.0004053542181426332,-0.16854215063205846,-0.00035983511388795107,0.019999931329573575
17.035900592803955,-5.25822148759679e-05,-0.2763791595730969,1.0262631464992167,-0.00040535428116842494,-0.1685421537527224,-0.0003598350966734996,0.019999930968792986
17.035900592803955,-5.239072312072775e-05,-0.2756767085007005,1.0259343958248137,-0.00040535434065732496,-0.1685421568496516,-0.0003598350802029669,0.019999930624991266
17.035900592803955,-5.213493949199184e-05,-0.27498057233149714,1.0256088138731885,-0.0004053543963580286,-0.1685421599229991,-0.0003598350645258273,0.0199999302992941
17.035900592803955,-5.182393677690472e-05,-0.2742906942932073,1.0252863698773858,-0.0004053544480796303,-0.1685421629729176,-0.00035983504967953997,0.019999929992550826
17.035900592803955,-5.146623103485276e-05,-0.27360701812498084,1.0249670333719578,-0.00040535449568637587,-0.16854216599955923,-0.00035983503569059715,0.019999929705358584
17.035900592803955,-5.10697732306534e-05,-0.2729294880727482,1.0246507741899695,-0.00040535453909276324,-0.1685421690030757,-0.00035983502257549884,0.01999992943808512
17.035900592803955,-5.064194649983765e-05,-0.27225804888461536,1.024337562460038,-0.00040535457825878387,-0.1685421719836184,-0.00035983501034170067,0.019999929190890803
17.035900592803955,-5.0189568452908155e-05,-0.27159264580630216,1.0240273686033976,-0.00040535461318493205,-0.168542174941338,-0.00035983499898861526,0.019999928963751096
17.035900592803955,-4.971889788716944e-05,-0.2709332245766238,1.0237201633309998,-0.0004053546439080568,-0.16854217787638473,-0.00035983498850842774,0.019999928756476458
17.035900592803955,-4.9235645424655675e-05,-0.2702797314230146,1.0234159176406383,-0.0004053546704967159,-0.1685421807889085,-0.00035983497888703286,0.01999992856873287
17.035900592803955,-4.874498745994966e-05,-0.269632113057094,1.0231146028141058,-0.00040535469304716005,-0.16854218367905832,-0.0003598349701048239,0.01999992840006101
18.035900592803955,-4.825158302828868e-05,-0.2689903166702736,1.022816190414378,-0.0004053547116796389,-0.1685421865469831,-0.00035983496213743625,0.019999928249892697
18.035900592803955,-4.775959305174102e-05,-0.26835428992940646,1.0225206522828283,-0.0004053547265345126,-0.16854218939283075,-0.0003598349549565168,0.019999928117568948
18.035900592803955,-4.727270157698883e-05,-0.26772398097247574,1.022227960536467,-0.00040535473776898064,-0.16854219221674893,-0.0003598349485303767,0.0199999280023549
18.035900592803955,-4.679413859658165e-05,-0.26709933840432465,1.0219380875652126,-0.00040535474555386254,-0.16854219501888465,-0.0003598349428246328,0.019999927903454416
18.035900592803955,-4.632670409319796e-05,-0.26648031129242616,1.021651006029189,-0.00040535475007081565,-0.16854219779938415,-0.0003598349378027581,0.01999992782002306
18.035900592803955,-4.587279294415112e-05,-0.2658668491626915,1.0213666888560482,-0.0004053547515093541,-0.16854220055839342,-0.0003598349334266758,0.019999927751181597
18.035900592803955,-4.54344204291375e-05,-0.26525890199531804,1.0210851092383229,-0.00040535475006463103,-0.16854220329605757,-0.0003598349296572038,0.01999992769602585
18.035900592803955,-4.5013248003622004e-05,-0.26465642022067626,1.020806240630804,-0.0004053547459350263,-0.16854220601252123,-0.0003598349264545272,0.01999992765363819
18.035900592803955,-4.461060915213031e-05,-0.2640593547152341,1.020530056747946,-0.0004053547393203079,-0.16854220870792835,-0.00035983492377856987,0.019999927623095437
18.035900592803955,-4.4227535061539565e-05,-0.26346765679751954,1.020256531561297,-0.00040535473041966515,-0.16854221138242226,-0.0003598349215893827,0.019999927603478032
18.035900592803955,-4.3864779933584986e-05,-0.26288127822412083,1.0199856392969553,-0.0004053547194302215,-0.1685422140361457,-0.0003598349198474388,0.01999992759387676
18.035900592803955,-4.352284576156785e-05,-0.262300171185723,1.0197173544330513,-0.00040535470654570104,-0.16854221666924074,-0.00035983491851389495,0.019999927593399015
18.035900592803955,-4.320200647010676e-05,-0.26172428830318184,1.019451651697257,-0.0004053546919549825,-0.16854221928184884,-0.00035983491755089085,0.01999992760117447
18.035900592803955,-4.290233116721793e-05,-0.26115358262363353,1.0191885060643158,-0.00040535467584097896,-0.1685422218741108,-0.00035983491692175327,0.019999927616361483
18.035900592803955,-4.2623706559604276e-05,-0.26058800761664036,1.018927892753602,-0.0004053546583802233,-0.1685422244461668,-0.00035983491659109313,0.019999927638147803
18.035900592803955,-4.236585835164268e-05,-0.26002751717037226,1.0186697872267028,-0.00040535463974169394,-0.16854222699815608,-0.0003598349165250309,0.01999992766575644
18.035900592803955,-4.2128371593126157e-05,-0.25947206558782276,1.0184141651850234,-0.0004053546200865064,-0.16854222953021777,-0.00035983491669125823,0.01999992769844696
18.035900592803955,-4.191070991496391e-05,-0.2589216075830607,1.018161002567418,-0.00040535459956721973,-0.16854223204248991,-0.0003598349170591778,0.019999927735518386
18.035900592803955,-4.171223362090578e-05,-0.25837609827751556,1.017910275547844,-0.00040535457832758674,-0.16854223453510986,-0.0003598349175999516,0.019999927776310374
18.035900592803955,-4.1532216615526685e-05,-0.2578354931962975,1.0176619605330397,-0.00040535455650262596,-0.16854223700821477,-0.00035983491828648186,0.019999927820203146
18.035900592803955,-4.1369862154463554e-05,-0.25729974826455054,1.0174160341602252,-0.0004053545342178366,-0.16854223946194033,-0.000359834919093575,0.019999927866620405
18.035900592803955,-4.122431740673216e-05,-0.25676881980384,1.0171724732948262,-0.0004053545115897614,-0.16854224189642247,-0.00035983491999782105,0.01999992791502731
18.035900592803955,-4.1094686858838946e-05,-0.2562426645285725,1.0169312550282212,-0.00040535448872578686,-0.16854224431179557,-0.0003598349209776367,0.019999927964931073
18.035900592803955,-4.098004457359752e-05,-0.2557212395424485,1.0166923566755102,-0.00040535446572422543,-0.16854224670819407,-0.0003598349220132501,0.01999992801588042
18.035900592803955,-4.087944533009156e-05,-0.2552045023349481,1.0164557557733072,-0.00040535444267464447,-0.16854224908575127,-0.00035983492308663085,0.01999992806746435
18.035900592803955,-4.0791934677899825e-05,-0.2546924107778482,1.0162214300775534,-0.00040535441965803474,-0.1685422514445998,-0.00035983492418145875,0.019999928119311176
18.035900592803955,-4.071655792708791e-05,-0.25418492312177193,1.0159893575613534,-0.0004053543967468392,-0.16854225378487198,-0.0003598349252831189,0.019999928171088196
18.035900592803955,-4.0652368142354386e-05,-0.2536819979927697,1.0157595164128328,-0.0004053543740057505,-0.16854225610669904,-0.0003598349263785382,0.019999928222498433
18.035900592803955,-4.059843318414526e-05,-0.2531835943889307,1.015531885033016,-0.00040535435149165964,-0.16854225841021173,-0.0003598349274562005,0.019999928273280405
18.035900592803955,-4.055384180802699e-05,-0.2526896716770266,1.0153064420337268,-0.00040535432925402874,-0.16854226069553999,-0.0003598349285060689,0.01999992832320666
18.035900592803955,-4.051770892760281e-05,-0.2522001895891847,1.01508316623551,-0.0004053543073356517,-0.16854226296281327,-0.0003598349295194345,0.019999928372080266
18.035900592803955,-4.048918006992426e-05,-0.251715108219592,1.0148620366655714,-0.00040535428577271926,-0.16854226521216006,-0.00035983493048890496,0.01999992841973435
18.035900592803955,-4.0467435071805226e-05,-0.2512343880212291,1.0146430325557425,-0.0004053542645953125,-0.16854226744370845,-0.00035983493140830607,0.019999928466029843
18.035900592803955,-4.0451691061919585e-05,-0.2507579898026342,1.0144261333404616,-0.0004053542438278552,-0.16854226965758556,-0.0003598349322725863,0.019999928510853797
18.035900592803955,-4.044120480742522e-05,-0.2502858747246961,1.0142113186547772,-0.00040535422348944393,-0.1685422718539181,-0.00035983493307776063,0.019999928554117127
18.035900592803955,-4.0435274456471874e-05,-0.24981800429747683,1.0139985683323707,-0.00040535420359447984,-0.16854227403283187,-0.0003598349338207754,0.01999992859575243
18.035900592803955,-4.04332407614227e-05,-0.2493543403770629,1.0137878624035987,-0.00040535418415293565,-0.16854227619445214,-0.0003598349344994593,0.019999928635712472
18.035900592803955,-4.043448778409992e-05,-0.24889484516244545,1.0135791810935555,-0.00040535416517065967,-0.1685422783389033,-0.00035983493511246534,0.01999992867396854
18.035900592803955,-4.043844317892101e-05,-0.24843948119242848,1.0133725048201545,-0.00040535414664997105,-0.16854228046630937,-0.0003598349356591475,0.019999928710508142
18.035900592803955,-4.044457805463523e-05,-0.2479882113425656,1.013167814192229,-0.00040535412858982604,-0.16854228257679327,-0.0003598349361395286,0.01999992874533413
18.035900592803955,-4.045240651365827e-05,-0.24754099882212435,1.0129650900076506,-0.0004053541109865001,-0.16854228467047766,-0.00035983493655416675,0.019999928778461434
18.035900592803955,-4.046148487481111e-05,-0.2470978071710783,1.0127643132514692,-0.00040535409383343936,-0.16854228674748412,-0.00035983493690418646,0.01999992880991764
18.035900592803955,-4.047141061857437e-05,-0.24665860025712616,1.0125654650940688,-0.00040535407712216154,-0.16854228880793382,-0.0003598349371910902,0.019999928839739514
18.035900592803955,-4.048182112017295e-05,-0.24622334227273873,1.0123685268893423,-0.00040535406084208866,-0.16854229085194716,-0.00035983493741680397,0.01999992886797291
18.035900592803955,-4.0492392192639094e-05,-0.2457919977322316,1.0121734801728863,-0.0004053540449812054,-0.16854229287964378,-0.0003598349375835379,0.019999928894670352
18.035900592803955,-4.050283645429369e-05,-0.2453645314688654,1.0119803066602118,-0.00040535402952591873,-0.16854229489114284,-0.00035983493769381686,0.019999928919891483
18.035900592803955,-4.05129015793552e-05,-0.2449409086319721,1.011788988244973,-0.0004053540144618399,-0.1685422968865625,-0.0003598349377503233,0.019999928943699632
18.035900592803955,-4.052236847178561e-05,-0.24452109468410715,1.0115995069972152,-0.0004053539997735717,-0.1685422988660205,-0.00035983493775594474,0.019999928966162418
18.035900592803955,-4.053104932966905e-05,-0.24410505539822763,1.011411845161639,-0.00040535398544511446,-0.168542300829634,-0.000359834937713685,0.019999928987350417
18.035900592803955,-4.053878569804583e-05,-0.24369275685489633,1.0112259851558816,-0.0004053539714600493,-0.16854230277751897,-0.0003598349376266362,0.019999929007335826
18.035900592803955,-4.054544646878476e-05,-0.2432841654395108,1.011041909568816,-0.00040535395780176076,-0.16854230470979126,-0.0003598349374979254,0.01999992902619202
18.035900592803955,-4.0550925896638754e-05,-0.24287924783955775,1.0108596011588662,-0.0004053539444534111,-0.16854230662656577,-0.0003598349373307297,0.019999929043993
18.035900592803955,-4.055514160633297e-05,-0.24247797104189228,1.0106790428523411,-0.0004053539313983131,-0.16854230852795674,-0.00035983493712819363,0.019999929060812285
18.035900592803955,-4.055803264458206e-05,-0.2420803023300419,1.010500217741782,-0.000405353918620062,-0.16854231041407772,-0.00035983493689340586,0.019999929076722118
18.035900592803955,-4.055955757757087e-05,-0.24168620928153492,1.0103231090843292,-0.0004053539061023364,-0.16854231228504157,-0.00035983493662944405,0.019999929091793996
18.035900592803955,-4.055969260094913e-05,-0.2412956597652531,1.0101477003001038,-0.0004053538938293155,-0.16854231414096071,-0.00035983493633928043,0.01999992910609758
18.035900592803955,-4.055842976030805e-05,-0.24090862193880852,1.0099739749706058,-0.000405353881785641,-0.1685423159819467,-0.0003598349360258019,0.01999992911970001
18.035900592803955,-4.055577520920392e-05,-0.24052506424594383,1.0098019168371273,-0.0004053538699565502,-0.16854231780811013,-0.00035983493569177326,0.01999992913266601
18.035900592803955,-4.055174756004228e-05,-0.2401449554139563,1.009631509799183,-0.0004053538583277926,-0.1685423196195615,-0.00035983493533986183,0.019999929145057712
18.035900592803955,-4.054637630094077e-05,-0.23976826445114538,1.0094627379129555,-0.0004053538468857572,-0.16854232141641032,-0.0003598349349726064,0.019999929156934475
18.035900592803955,-4.053970032269569e-05,-0.239394960644283,1.0092955853897556,-0.0004053538356177474,-0.16854232319876553,-0.0003598349345923647,0.019999929168351537
18.035900592803955,-4.053176651399354e-05,-0.23902501355610736,1.0091300365944993,-0.0004053538245114135,-0.16854232496673513,-0.0003598349342014284,0.01999992917936236
18.035900592803955,-4.052262846242076e-05,-0.2386583930228388,1.0089660760441976,-0.0004053538135554253,-0.16854232672042688,-0.00035983493380188685,0.01999992919001583
18.035900592803955,-4.051234520921383e-05,-0.23829506915171864,1.0088036884064646,-0.00040535380273890145,-0.1685423284599476,-0.0003598349333957385,0.01999992920035896
18.035900592803955,-4.050098013995744e-05,-0.23793501231857014,1.0086428584980378,-0.0004053537920519856,-0.16854233018540354,-0.000359834932984781,0.01999992921043397
18.035900592803955,-4.048859995478372e-05,-0.23757819316538153,1.0084835712833133,-0.0004053537814855316,-0.1685423318969002,-0.0003598349325706705,0.01999992922027995
18.035900592803955,-4.047527372677833e-05,-0.23722458259791104,1.0083258118728975,-0.0004053537710309029,-0.1685423335945427,-0.0003598349321549663,0.019999929229933416
18.035900592803955,-4.04610720315615e-05,-0.23687415178331356,1.008169565522171,-0.0004053537606803354,-0.16854233527843498,-0.0003598349317390512,0.01999992923942719
18.035900592803955,-4.044606616279065e-05,-0.2365268721477887,1.0080148176298684,-0.0004053537504266489,-0.16854233694868093,-0.0003598349313241929,0.01999992924879149
18.035900592803955,-4.043032745340337e-05,-0.2361827153742502,1.0078615537366706,-0.0004053537402634945,-0.16854233860538337,-0.00035983493091149704,0.019999929258052572
18.035900592803955,-4.041392666200797e-05,-0.23584165340001667,1.0077097595238134,-0.00040535373018498307,-0.16854234024864456,-0.00035983493050197876,0.019999929267234633
18.035900592803955,-4.039693342056448e-05,-0.2355036584145228,1.007559420811706,-0.0004053537201859181,-0.1685423418785663,-0.00035983493009651485,0.019999929276358863
18.035900592803955,-4.0379415772471845e-05,-0.23516870285705155,1.0074105235585684,-0.0004053537102617575,-0.16854234349524938,-0.0003598349296958533,0.01999992928544345
18.035900592803955,-4.036143977225751e-05,-0.2348367594144868,1.007263053859079,-0.0004053537004084385,-0.16854234509879437,-0.00035983492930064843,0.019999929294504396
18.035900592803955,-4.034306912958801e-05,-0.23450780101908644,1.0071169979430348,-0.00040535369062228056,-0.16854234668930082,-0.0003598349289114793,0.01999992930355598
18.035900592803955,-4.032436493092065e-05,-0.23418180084627538,1.0069723421740284,-0.0004053536809002617,-0.16854234826686787,-0.00035983492852879526,0.019999929312609507
18.035900592803955,-4.030538541223277e-05,-0.23385873231245857,1.0068290730481342,-0.00040535367123984795,-0.16854234983159397,-0.0003598349281529486,0.019999929321674156
18.035900592803955,-4.0286185784155326e-05,-0.233538569072854,1.0066871771926114,-0.00040535366163872976,-0.16854235138357687,-0.0003598349277842503,0.019999929330757945
18.035900592803955,-4.0266818091689576e-05,-0.23322128501934505,1.006546641364617,-0.00040535365209516834,-0.16854235292291386,-0.00035983492742289636,0.01999992933986649
18.035900592803955,-4.024733112310306e-05,-0.23290685427835242,1.0064074524499325,-0.0004053536426076381,-0.16854235444970123,-0.0003598349270690426,0.019999929349004367
18.035900592803955,-4.0227770355611095e-05,-0.23259525120872507,1.0062695974617044,-0.0004053536331750852,-0.16854235596403508,-0.00035983492672275063,0.019999929358174157
18.035900592803955,-4.020817795158311e-05,-0.2322864503996505,1.0061330635391939,-0.0004053536237965638,-0.16854235746601057,-0.0003598349263840663,0.01999992936737761
18.035900592803955,-4.0188592750458765e-05,-0.2319804266685838,1.0059978379465433,-0.00040535361447152114,-0.1685423589557224,-0.00035983492605295167,0.019999929376615197
18.035900592803955,-4.0169050304023934e-05,-0.2316771550591952,1.0058639080715528,-0.0004053536051994656,-0.16854236043326454,-0.0003598349257293617,0.019999929385886846
18.035900592803955,-4.01495829509651e-05,-0.23137661083933653,1.005731261424467,-0.000405353595980424,-0.1685423618987304,-0.00035983492541314885,0.01999992939519018
18.035900592803955,-4.013021989826597e-05,-0.2310787694990258,1.0055998856367774,-0.000405353586814278,-0.16854236335221284,-0.00035983492510419525,0.01999992940452351
18.035900592803955,-4.011098730615574e-05,-0.23078360674844992,1.0054697684600342,-0.00040535357770114523,-0.1685423647938039,-0.00035983492480233666,0.01999992941388414
18.035900592803955,-4.009190841267532e-05,-0.2304910985159857,1.0053408977646707,-0.00040535356864139445,-0.16854236622359522,-0.00035983492450736,0.01999992942326824
18.035900592803955,-4.00730036590392e-05,-0.23020122094623852,1.0052132615388398,-0.0004053535596354071,-0.1685423676416776,-0.0003598349242190509,0.019999929432671926
18.035900592803955,-4.005429081999002e-05,-0.2299139503980988,1.0050868478872612,-0.00040535355068361314,-0.16854236904814154,-0.00035983492393718654,0.0199999294420911
18.035900592803955,-4.0035785144327414e-05,-0.22962926344281592,1.0049616450300796,-0.0004053535417865344,-0.1685423704430767,-0.00035983492366152667,0.01999992945152128
18.035900592803955,-4.0017499506354654e-05,-0.2293471368620896,1.0048376413017364,-0.0004053535329448177,-0.168542371826572,-0.0003598349233918069,0.019999929460957442
18.035900592803955,-3.999944455914882e-05,-0.22906754764617845,1.0047148251498499,-0.00040535352415906474,-0.1685423731987163,-0.0003598349231277736,0.019999929470394757
18.035900592803955,-3.9981628872701014e-05,-0.2287904729920256,1.0045931851341077,-0.0004053535154298949,-0.16854237455959722,-0.00035983492286916906,0.019999929479828416
18.035900592803955,-3.996405910505038e-05,-0.2285158903014013,1.0044727099251711,-0.000405353506758109,-0.16854237590930218,-0.00035983492261570135,0.01999992948925276
18.035900592803955,-3.994674014826998e-05,-0.22824377717906216,1.0043533883035891,-0.00040535349814417425,-0.16854237724791793,-0.00035983492236714724,0.019999929498663558
18.035900592803955,-3.9929675269426486e-05,-0.22797411143092705,1.0042352091587223,-0.00040535348958880055,-0.16854237857553056,-0.00035983492212323396,0.01999992950805565
18.035900592803955,-3.99128662630903e-05,-0.22770687106226944,1.0041181614876802,-0.0004053534810927115,-0.1685423798922255,-0.0003598349218836867,0.019999929517423853
18.035900592803955,-3.9896313605932346e-05,-0.22744203427592602,1.0040022343942663,-0.0004053534726563737,-0.16854238119808793,-0.00035983492164828786,0.019999929526763802
18.035900592803955,-3.988001657752579e-05,-0.2271795794705215,1.0038874170879357,-0.0004053534642804998,-0.16854238249320203,-0.00035983492141676327,0.019999929536070642
19.035900592803955,-3.986397340057456e-05,-0.22691948523870956,1.0037736988827612,-0.00040535345596545653,-0.1685423837776517,-0.0003598349211889162,0.01999992954534056
19.035900592803955,-3.984818135739336e-05,-0.2266617303654291,1.0036610691964098,-0.00040535344771179164,-0.1685423850515201,-0.0003598349209645103,0.019999929554569258
19.035900592803955,-3.983263692511244e-05,-0.226406293826177,1.0035495175491316,-0.0004053534395199617,-0.16854238631488977,-0.0003598349207433312,0.01999992956375266
19.035900592803955,-3.981733587290472e-05,-0.22615315478529577,1.0034390335627554,-0.0004053534313903368,-0.16854238756784298,-0.0003598349205251795,0.019999929572887327
19.035900592803955,-3.980227338625582e-05,-0.22590229259427708,1.0033296069596982,-0.0004053534233232656,-0.16854238881046102,-0.0003598349203098639,0.01999992958196971
19.035900592803955,-3.978744415436178e-05,-0.22565368679008027,1.0032212275619792,-0.0004053534153190166,-0.16854239004282506,-0.000359834920097209,0.019999929590996734
19.035900592803955,-3.9772842460884445e-05,-0.22540731709346626,1.0031138852902486,-0.0004053534073778013,-0.16854239126501497,-0.0003598349198870501,0.01999992959996567
19.035900592803955,-3.975846227912888e-05,-0.22516316340734616,1.003007570162823,-0.0004053533994998311,-0.16854239247711114,-0.00035983491967922667,0.01999992960887361
19.035900592803955,-3.974429733784755e-05,-0.22492120581514508,1.0029022722947316,-0.00040535339168519654,-0.16854239367919244,-0.00035983491947359894,0.01999992961771848
19.035900592803955,-3.973034120048783e-05,-0.22468142457918044,1.0027979818967723,-0.00040535338393392177,-0.1685423948713376,-0.00035983491927004535,0.019999929626498235
19.035900592803955,-3.9716587323846835e-05,-0.22444380013905504,1.0026946892745736,-0.0004053533762461265,-0.1685423960536248,-0.0003598349190684233,0.019999929635210616
19.035900592803955,-3.9703029123463294e-05,-0.22420831311006448,1.002592384827671,-0.00040535336862168424,-0.1685423972261316,-0.00035983491886864134,0.019999929643854424
19.035900592803955,-3.9689660028758847e-05,-0.223974944281619,1.0024910590485887,-0.00040535336106062894,-0.16854239838893492,-0.00035983491867057734,0.01999992965242769
19.035900592803955,-3.9676473524820074e-05,-0.22374367461567943,1.0023907025219325,-0.00040535335356271394,-0.16854239954211153,-0.0003598349184741653,0.019999929660929772
19.035900592803955,-3.966346318317635e-05,-0.22351448524520742,1.0022913059234893,-0.0004053533461278629,-0.16854240068573703,-0.00035983491827930406,0.019999929669359442
19.035900592803955,-3.965062271498494e-05,-0.22328735747262937,1.0021928600193384,-0.0004053533387558279,-0.16854240181988694,-0.0003598349180859324,0.019999929677715897
19.035900592803955,-3.963794599388202e-05,-0.22306227276831422,1.0020953556649694,-0.0004053533314463992,-0.1685424029446363,-0.00035983491789397807,0.019999929685998466
19.035900592803955,-3.9625427076080685e-05,-0.22283921276906535,1.0019987838044093,-0.0004053533241993138,-0.1685424040600591,-0.0003598349177033799,0.019999929694206796
19.035900592803955,-3.9613060235523236e-05,-0.22261815927662532,1.0019031354693593,-0.0004053533170141992,-0.1685424051662294,-0.0003598349175141048,0.01999992970234062
19.035900592803955,-3.960083996338969e-05,-0.22239909425619478,1.0018084017783377,-0.0004053533098907009,-0.16854240626322037,-0.0003598349173261113,0.019999929710400006
19.035900592803955,-3.958876098550439e-05,-0.22218199983496428,1.0017145739358342,-0.00040535330282849037,-0.16854240735110476,-0.00035983491713935416,0.019999929718384896
19.035900592803955,-3.95768182883068e-05,-0.22196685830065935,1.0016216432314706,-0.00040535329582718095,-0.1685424084299548,-0.00035983491695380505,0.019999929726295163
19.035900592803955,-3.956500709779005e-05,-0.22175365210009879,1.00152960103917,-0.0004053532888863011,-0.1685424094998422,-0.00035983491676944726,0.019999929734131516
19.035900592803955,-3.9553322908867104e-05,-0.22154236383776585,1.001438438816335,-0.0004053532820054719,-0.16854241056083816,-0.00035983491658625087,0.01999992974189397
19.035900592803955,-3.9541761478477414e-05,-0.22133297627439236,1.0013481481030326,-0.00040535327518424183,-0.16854241161301323,-0.0003598349164041999,0.01999992974958293
19.035900592803955,-3.9530318817793145e-05,-0.2211254723255554,1.0012587205211891,-0.00040535326842206995,-0.16854241265643768,-0.00035983491622329565,0.01999992975719934
19.035900592803955,-3.951899119339974e-05,-0.22091983506028676,1.0011701477737907,-0.0004053532617185008,-0.16854241369118114,-0.00035983491604352566,0.019999929764743577
19.035900592803955,-3.950777511964366e-05,-0.22071604769969483,1.0010824216440941,-0.00040535325507303415,-0.1685424147173128,-0.0003598349158648845,0.01999992977221645
19.035900592803955,-3.9496667357118076e-05,-0.22051409361559896,1.000995533994843,-0.000405353248485145,-0.16854241573490117,-0.0003598349156873754,0.019999929779618644
19.035900592803955,-3.9485664902753114e-05,-0.22031395632917605,1.0009094767674942,-0.00040535324195443235,-0.1685424167440145,-0.000359834915510974,0.019999929786950595
19.035900592803955,-3.947476498496572e-05,-0.22011561950961922,1.0008242419814488,-0.00040535323548023314,-0.16854241774472042,-0.00035983491533571284,0.01999992979421363
19.035900592803955,-3.946396504610896e-05,-0.21991906697280875,1.000739821733294,-0.00040535322906207487,-0.16854241873708606,-0.0003598349151615853,0.01999992980140837
19.035900592803955,-3.945326273693577e-05,-0.21972428267999475,1.0006562081960502,-0.00040535322269945003,-0.16854241972117803,-0.0003598349149885913,0.019999929808535703
19.035900592803955,-3.9442655908581395e-05,-0.21953125073649185,1.0005733936184253,-0.0004053532163918467,-0.16854242069706263,-0.0003598349148167346,0.019999929815596375
19.035900592803955,-3.943214259961647e-05,-0.2193399553903856,1.0004913703240794,-0.0004053532101386903,-0.16854242166480543,-0.00035983491464603167,0.019999929822591477
19.035900592803955,-3.942172102171256e-05,-0.21915038103125029,1.0004101307108915,-0.00040535320393949507,-0.1685424226244717,-0.00035983491447648055,0.01999992982952182
19.035900592803955,-3.941138955165194e-05,-0.2189625121888786,1.0003296672502393,-0.0004053531977937243,-0.16854242357612617,-0.00035983491430809236,0.019999929836388278
19.035900592803955,-3.940114671733447e-05,-0.21877633353202247,1.0002499724862817,-0.0004053531917008393,-0.16854242451983298,-0.00035983491414087813,0.01999992984319185
19.035900592803955,-3.93909911871112e-05,-0.21859182986714543,1.0001710390352494,-0.00040535318566034285,-0.16854242545565595,-0.0003598349139748408,0.019999929849933394
19.035900592803955,-3.9380921754560936e-05,-0.2184089861371859,1.0000928595847443,-0.0004053531796716949,-0.16854242638365846,-0.0003598349138099938,0.019999929856613894
19.035900592803955,-3.937093733956299e-05,-0.2182277874203319,1.0000154268930437,-0.0004053531737344674,-0.16854242730390326,-0.0003598349136463285,0.019999929863233862
19.035900592803955,-3.936103696037631e-05,-0.2180482189288066,0.9999387337884119,-0.0004053531678480141,-0.1685424282164528,-0.00035983491348388105,0.01999992986979477
19.035900592803955,-3.935121973461904e-05,-0.21787026600766485,0.9998627731684195,-0.000405353162012002,-0.16854242912136883,-0.00035983491332262376,0.019999929876296833
19.035900592803955,-3.9341484869174665e-05,-0.2176939141336005,0.9997875379992678,-0.00040535315622583886,-0.16854243001871294,-0.000359834913162584,0.019999929882741265
19.035900592803955,-3.933183164174835e-05,-0.2175191489137644,0.9997130213151209,-0.00040535315048901053,-0.16854243090854606,-0.00035983491300377345,0.01999992988912897
19.035900592803955,-3.932225939589559e-05,-0.217345956084593,0.9996392162174447,-0.000405353144801128,-0.16854243179092873,-0.00035983491284617746,0.019999929895460507
19.035900592803955,-3.931276754257512e-05,-0.21717432151064772,0.9995661158743507,-0.00040535313916172956,-0.16854243266592092,-0.00035983491268980043,0.019999929901736428
19.035900592803955,-3.930335554226494e-05,-0.21700423118346443,0.9994937135199488,-0.00040535313357030565,-0.16854243353358248,-0.0003598349125346538,0.019999929907957785
19.035900592803955,-3.9294022907604795e-05,-0.2168356712204134,0.9994220024537036,-0.00040535312802647295,-0.16854243439397243,-0.0003598349123807266,0.019999929914124914
19.035900592803955,-3.9284769174419536e-05,-0.21666862786356955,0.9993509760397996,-0.000405353122529655,-0.1685424352471495,-0.00035983491222804447,0.019999929920239193
19.035900592803955,-3.927559391054622e-05,-0.21650308747859284,0.999280627706511,-0.00040535311707948083,-0.16854243609317218,-0.00035983491207659547,0.019999929926300928
19.035900592803955,-3.926649671582819e-05,-0.21633903655361852,0.999210950945578,-0.00040535311167562313,-0.16854243693209808,-0.0003598349119263581,0.01999992993231033
19.035900592803955,-3.925747721110652e-05,-0.21617646169815757,0.9991419393115898,-0.00040535310631751545,-0.16854243776398475,-0.00035983491177736065,0.019999929938268584
19.035900592803955,-3.924853502851041e-05,-0.2160153496420071,0.9990735864213729,-0.00040535310100483926,-0.16854243858888923,-0.00035983491162958005,0.01999992994417597
19.035900592803955,-3.9239669809083186e-05,-0.2158556872341702,0.999005885953386,-0.0004053530957370589,-0.168542439406868,-0.0003598349114830403,0.01999992995003351
19.035900592803955,-3.923088119469652e-05,-0.2156974614417857,0.9989388316471206,-0.00040535309051387207,-0.16854244021797715,-0.0003598349113377165,0.019999929955841444
19.035900592803955,-3.922216884283376e-05,-0.21554065934906758,0.9988724173025074,-0.0004053530853349441,-0.16854244102227262,-0.0003598349111935936,0.019999929961599935
19.035900592803955,-3.921353240904667e-05,-0.21538526815625395,0.9988066367793286,-0.0004053530801997522,-0.1685424418198094,-0.0003598349110506937,0.019999929967310086
19.035900592803955,-3.920497154095429e-05,-0.21523127517856516,0.998741483996636,-0.00040535307510801535,-0.16854244261064263,-0.0003598349109089892,0.019999929972972078
19.035900592803955,-3.919648588615761e-05,-0.21507866784517166,0.9986769529321748,-0.000405353070059247,-0.16854244339482655,-0.00035983491076849904,0.01999992997858665
19.035900592803955,-3.918807508378988e-05,-0.21492743369817086,0.9986130376218132,-0.00040535306505319575,-0.16854244417241537,-0.0003598349106291898,0.019999929984153973
19.035900592803955,-3.9179738764050564e-05,-0.21477756039157334,0.998549732158977,-0.00040535306008940026,-0.16854244494346257,-0.0003598349104910754,0.0199999299896748
19.035900592803955,-3.917147654403841e-05,-0.21462903569029793,0.9984870306940906,-0.0004053530551675075,-0.16854244570802157,-0.0003598349103541472,0.019999929995149504
19.035900592803955,-3.9163288030747674e-05,-0.2144818474691762,0.9984249274340229,-0.00040535305028722713,-0.16854244646614494,-0.0003598349102183836,0.019999930000578297
19.035900592803955,-3.91551728233833e-05,-0.21433598371196558,0.9983634166415387,-0.00040535304544821687,-0.16854244721788536,-0.0003598349100837744,0.01999993000596158
19.035900592803955,-3.914713051030273e-05,-0.21419143251037137,0.9983024926347558,-0.00040535304065000214,-0.16854244796329465,-0.00035983490995033997,0.019999930011300106
19.035900592803955,-3.913916065795109e-05,-0.21404818206307763,0.9982421497866069,-0.00040535303589236385,-0.1685424487024245,-0.00035983490981804324,0.01999993001659401
19.035900592803955,-3.91312628259363e-05,-0.21390622067478682,0.9981823825243071,-0.0004053530311748842,-0.1685424494353261,-0.0003598349096868942,0.019999930021843818
19.035900592803955,-3.912343655770674e-05,-0.2137655367552679,0.998123185328827,-0.00040535302649731303,-0.16854245016205033,-0.0003598349095568654,0.019999930027049657
19.035900592803955,-3.911568139696784e-05,-0.21362611881841304,0.99806455273437,-0.0004053530218593572,-0.16854245088264752,-0.0003598349094279417,0.01999993003221163
19.035900592803955,-3.910799687161251e-05,-0.2134879554813028,0.9980064793278555,-0.00040535301726053285,-0.1685424515971679,-0.00035983490930014555,0.01999993003733077
19.035900592803955,-3.910038248589071e-05,-0.21335103546327988,0.9979489597484071,-0.0004053530127006068,-0.16854245230566098,-0.0003598349091734468,0.019999930042407233
19.035900592803955,-3.909283774571626e-05,-0.21321534758503088,0.9978919886868454,-0.00040535300817926456,-0.16854245300817616,-0.0003598349090478389,0.019999930047441068
19.035900592803955,-3.9085362144221e-05,-0.21308088076767648,0.9978355608851859,-0.00040535300369618464,-0.16854245370476223,-0.00035983490892331136,0.019999930052432762
19.035900592803955,-3.90779551582107e-05,-0.21294762403186976,0.9977796711361423,-0.00040535299925102865,-0.16854245439546783,-0.0003598349087998586,0.019999930057382837
19.035900592803955,-3.9070616257463005e-05,-0.21281556649690267,0.9977243142826342,-0.0004053529948435322,-0.1685424550803411,-0.00035983490867746336,0.01999993006229131
19.035900592803955,-3.9063344920656695e-05,-0.21268469737982038,0.9976694852172994,-0.0004053529904734101,-0.16854245575942972,-0.0003598349085561131,0.01999993006715829
19.035900592803955,-3.905614060208298e-05,-0.21255500599454374,0.9976151788820115,-0.00040535298614026373,-0.16854245643278118,-0.0003598349084358136,0.01999993007198475
19.035900592803955,-3.9049002748153266e-05,-0.2124264817509995,0.9975613902674021,-0.00040535298184381035,-0.16854245710044258,-0.00035983490831655306,0.019999930076770825
19.035900592803955,-3.904193080029451e-05,-0.2122991141542585,0.9975081144123875,-0.00040535297758380345,-0.1685424577624605,-0.0003598349081983112,0.019999930081516595
19.035900592803955,-3.90349242036695e-05,-0.21217289280368126,0.9974553464037001,-0.00040535297335995627,-0.16854245841888132,-0.00035983490808107785,0.019999930086222226
19.035900592803955,-3.902798239030423e-05,-0.21204780739207169,0.9974030813754244,-0.00040535296917193313,-0.16854245906975093,-0.0003598349079648495,0.019999930090888376
19.035900592803955,-3.902110479502476e-05,-0.21192384770483802,0.9973513145085376,-0.00040535296501947865,-0.16854245971511503,-0.0003598349078496108,0.01999993009551508
19.035900592803955,-3.9014290843501134e-05,-0.21180100361916146,0.9973000410304544,-0.0004053529609021921,-0.16854246035501882,-0.0003598349077353752,0.019999930100103102
19.035900592803955,-3.900753996360944e-05,-0.21167926510317234,0.997249256214577,-0.0004053529568199573,-0.16854246098950718,-0.00035983490762209793,0.019999930104652074
19.035900592803955,-3.900085157914505e-05,-0.2115586222151335,0.9971989553798486,-0.0004053529527723603,-0.16854246161862474,-0.00035983490750979687,0.01999993010916276
19.035900592803955,-3.899422511755877e-05,-0.21143906510263105,0.9971491338903115,-0.0004053529487591891,-0.16854246224241554,-0.0003598349073984482,0.0199999301136352
19.035900592803955,-3.898766000298494e-05,-0.2113205840017726,0.9970997871546701,-0.0004053529447801164,-0.1685424628609236,-0.00035983490728805183,0.01999993011806992
