time,servo1,servo2,servo3,servo4,servo5,servo6,servo7
0.019762754440307617,9.310618909968587e-06,0.00473090331640603,0.004996568261007624,-6.76515488847343e-08,4.0235882125286564e-05,-3.4426669474660926e-09,0.02
0.029680728912353516,9.310078843144172e-06,0.004669885712159203,0.0050570216186952045,-6.764762472485554e-08,7.060514121262424e-05,-3.4424672539522867e-09,0.02
0.03957223892211914,9.30932064922823e-06,0.004584223764019213,0.005141891427253626,-6.76421156396632e-08,0.00011324021233842491,-3.442186906409398e-09,0.02
0.04944562911987305,9.308343798030688e-06,0.0044738575702723375,0.0052512370344689994,-6.763501777676249e-08,0.00016817090936847878,-3.4418257087959104e-09,0.02
0.05952882766723633,9.307141682192451e-06,0.00433804062103514,0.005385798047042665,-6.762628312666222e-08,0.00023576878002808807,-3.4413812179942417e-09,0.02
0.06959199905395508,9.305717264845013e-06,0.004177107695591637,0.005545242781486669,-6.761593321966417e-08,0.0003158672002922874,-3.440854529643141e-09,0.02
0.07953071594238281,9.304085380784607e-06,0.003992734852689704,0.0057279106780291035,-6.760407584634084e-08,0.0004076319738174455,-3.440251129013045e-09,0.02
0.08952569961547852,9.30223463642522e-06,0.003783634826956261,0.005935077098346292,-6.759062822017195e-08,0.0005117037894033242,-3.439566803245244e-09,0.02
0.09933114051818848,9.30018002890909e-06,0.003551502019247798,0.006165063310172229,-6.757569931134639e-08,0.0006272393215991176,-3.4388070976387533e-09,0.02
0.10943841934204102,9.297890028780123e-06,0.0032927741817333155,0.006421398620253016,-6.755906002483184e-08,0.0007560115477061843,-3.4379603539550178e-09,0.02
0.11959576606750488,9.29538326125363e-06,0.003009555620704734,0.006701998181395453,-6.754084569262674e-08,0.0008969731269813528,-3.4370334589986364e-09,0.02
0.12946319580078125,9.292684376686347e-06,0.002704631372464699,0.0070041027112931475,-6.752123542579019e-08,0.0010487379104584889,-3.4360355274127066e-09,0.02
0.13949251174926758,9.289762565743878e-06,0.002374520549670643,0.007331160908566572,-6.75000053617399e-08,0.0012130383812605401,-3.4349551672287436e-09,0.02
0.14943575859069824,9.286635924239705e-06,0.002021267645958826,0.007681147185574117,-6.747728698580702e-08,0.001388856968184762,-3.433799069501291e-09,0.02
0.15952396392822266,9.283285640759556e-06,0.0016427473179835739,0.008056167232027317,-6.745294361305954e-08,0.0015772514823909182,-3.4325602785773705e-09,0.02
0.16947579383850098,9.279735656298794e-06,0.0012416644572775535,0.00845354116926904,-6.742714920029176e-08,0.001776875664012325,-3.431247646808714e-09,0.02
0.17943572998046875,9.27598527804825e-06,0.0008179407891645268,0.008873346548148076,-6.739989871350819e-08,0.0019877684713783365,-3.429860918024248e-09,0.02
0.1895885467529297,9.27199629016403e-06,0.0003672586271415241,0.009319861128333436,-6.73709144739577e-08,0.0022120788734903596,-3.428385961646414e-09,0.02
0.1994473934173584,9.26784983176933e-06,-0.00010121480228552152,0.009784002455182617,-6.73407860436675e-08,0.0024452442219077123,-3.426852779437742e-09,0.02
0.20943665504455566,9.263469373995565e-06,-0.0005961258517628515,0.010274336926142194,-6.730895735901346e-08,0.0026915679193436834,-3.42523307430983e-09,0.02
0.21955585479736328,9.258866190329508e-06,-0.0011162008249195271,0.010789602623061686,-6.727551033386712e-08,0.0029504160304682134,-3.4235310147138478e-09,0.02
0.2296431064605713,9.254066719843439e-06,-0.001658452593540991,0.011326840040522253,-6.724063707620845e-08,0.0032203018225294227,-3.421756376683068e-09,0.02
0.2395000457763672,9.249099980995819e-06,-0.0022196026062810794,0.011882800944843251,-6.720454843600132e-08,0.003499593517674153,-3.41991988999698e-09,0.02
0.24932503700256348,9.243935001522686e-06,-0.002803150158522544,0.012460952272461126,-6.716701936680687e-08,0.003790032760947529,-3.4180101024427432e-09,0.02
0.25946712493896484,9.238511194969674e-06,-0.0034159404037315657,0.013068075877826331,-6.712760964359614e-08,0.00409502647469062,-3.4160046117519456e-09,0.02
0.2694573402404785,9.23292011091662e-06,-0.00404762992554025,0.013693923992985371,-6.708698447143612e-08,0.004409426605396539,-3.4139372690268186e-09,0.02
0.2794327735900879,9.227136997908172e-06,-0.0047010151825328346,0.014341267216901248,-6.704496400467875e-08,0.004734624987050246,-3.4117989222423397e-09,0.02
0.28943681716918945,9.221144013034483e-06,-0.005378112094892845,0.015012102827989409,-6.700141859560677e-08,0.0050716249694736275,-3.4095829738568648e-09,0.02
0.2994236946105957,9.214959163892229e-06,-0.006076886135858149,0.01570441511331595,-6.695647908856241e-08,0.005419413942107452,-3.4072960823061534e-09,0.02
0.3094789981842041,9.208565651437747e-06,-0.0067992352879593,0.01642008450424524,-6.691002342062648e-08,0.0057789365556623635,-3.4049320360254395e-09,0.02
0.31953859329223633,9.201964218008294e-06,-0.007545075680758633,0.017159027905912602,-6.686205698566865e-08,0.006150151066725415,-3.402491109499154e-09,0.02
0.3293764591217041,9.195213582160608e-06,-0.008307773198818594,0.01791467255036955,-6.681300643645503e-08,0.006529755589340491,-3.399995014327401e-09,0.02
0.33945703506469727,9.18823367979968e-06,-0.009096373610260913,0.018695980557033455,-6.67622900221815e-08,0.0069222523205230875,-3.397414146246893e-09,0.02
0.3493218421936035,9.181106165664507e-06,-0.00990165143348961,0.01949381175487259,-6.671050105137248e-08,0.007323049617512854,-3.3947786976727403e-09,0.02
0.3594636917114258,9.173718155100654e-06,-0.01073636055535454,0.02032080209203927,-6.665681929695266e-08,0.007738495256478569,-3.3920469287085447e-09,0.02
0.3694918155670166,9.1661549619048e-06,-0.011590862088134587,0.021167401814256716,-6.660186465439219e-08,0.008163791837028502,-3.389250384731775e-09,0.02
0.3794515132904053,9.15842723028941e-06,-0.012463953431865377,0.022032419442332994,-6.654571446521551e-08,0.00859834080944331,-3.3863930015149933e-09,0.02
0.38947224617004395,9.150499159172884e-06,-0.013359679449385795,0.022919862435148455,-6.64881085964878e-08,0.009044155354821193,-3.3834615413560125e-09,0.02
0.3993360996246338,9.142415864980032e-06,-0.014272942815643324,0.02382468060401651,-6.642937486701985e-08,0.00949869846786535,-3.380472686370811e-09,0.02
0.409454345703125,9.134085836564157e-06,-0.015214082604769488,0.024757117414808148,-6.636884835100227e-08,0.009967116040894876,-3.37739259966808e-09,0.02
0.4194812774658203,9.125573257843118e-06,-0.016175847216180525,0.025709988324483558,-6.630699541286247e-08,0.010445798857526329,-3.3742450137037094e-09,0.02
0.4294445514678955,9.116914517425731e-06,-0.01715412540728316,0.02667922010823983,-6.624408045454537e-08,0.01093270069859022,-3.3710433834222134e-09,0.02
0.4395408630371094,9.108020224101712e-06,-0.018159016738438827,0.02767481893302753,-6.617945395383437e-08,0.01143284824727201,-3.367754655793711e-09,0.02
0.44936037063598633,9.099023626519715e-06,-0.019175466566513446,0.028681869370135924,-6.61140841038813e-08,0.01193874861093113,-3.364428100444954e-09,0.02
0.4594845771789551,9.089777732322271e-06,-0.020220082320606264,0.02971682527520226,-6.604690284887238e-08,0.012458667524076742,-3.361009365916014e-09,0.02
0.46949148178100586,9.080346046971224e-06,-0.0212856890531681,0.030772578049389623,-6.597837162353047e-08,0.012989033921542513,-3.3575219337988877e-09,0.02
0.4794731140136719,9.070768333667746e-06,-0.022367794254822375,0.031844676726790554,-6.590877934980304e-08,0.013527611822698037,-3.353980506817391e-09,0.02
0.4894745349884033,9.06098730939047e-06,-0.023472869851948578,0.03293953338610229,-6.583770980561534e-08,0.014077622389885544,-3.3503639041707414e-09,0.02
0.4994323253631592,9.051051442226405e-06,-0.024595439843396797,0.03405172266426281,-6.576551516316872e-08,0.014636340145765547,-3.3466900472756304e-09,0.02
0.5094449520111084,9.04091495823851e-06,-0.025740675840991437,0.03518636834978039,-6.569186282612675e-08,0.01520633906913209,-3.3429420108963003e-09,0.02
0.5194501876831055,9.030599148730888e-06,-0.026906172319510882,0.03634108716198638,-6.561690749845853e-08,0.01578642189864399,-3.339127667642467e-09,0.02
0.529449462890625,9.020111653411297e-06,-0.02809106613268561,0.037515023936362066,-6.554070469076633e-08,0.01637615903512224,-3.3352498423499074e-09,0.02
0.5395517349243164,9.009427497641006e-06,-0.029298178954711374,0.03871097425430629,-6.546307293573745e-08,0.0169769548626912,-3.3312993004699706e-09,0.02
0.5494439601898193,8.998614566976098e-06,-0.03051984096806186,0.03992133922320372,-6.538450549413794e-08,0.017584992012929342,-3.327301143165362e-09,0.02
0.5594801902770996,8.987587883025647e-06,-0.031765653165786174,0.041155631053081565,-6.530438490757717e-08,0.018205049025554886,-3.323223949077252e-09,0.02
0.569404125213623,8.976443747802652e-06,-0.03302473519409898,0.04240307000377678,-6.52234109126036e-08,0.018831710606290922,-3.3191033265535197e-09,0.02
0.5794351100921631,8.965062851101744e-06,-0.03431056690875966,0.04367701127911715,-6.514071659368038e-08,0.01947168585552035,-3.3148951598050353e-09,0.02
0.589449405670166,8.953528992735069e-06,-0.03561368047441513,0.04496807459542564,-6.505691084556977e-08,0.02012026250785054,-3.3106304344028183e-09,0.02
0.5994462966918945,8.94182509679301e-06,-0.036936005154349194,0.046278171375558175,-6.497186959362696e-08,0.020778400782831843,-3.306302836408965e-09,0.02
0.6094915866851807,8.929909904354286e-06,-0.0382822024467624,0.04761192001156004,-6.488529304790708e-08,0.021448420769040903,-3.3018971100466097e-09,0.02
0.6194581985473633,8.917903399438156e-06,-0.03963871636733593,0.048955889875025756,-6.479805301992153e-08,0.022123575475915848,-3.2974576202523174e-09,0.02
0.629340410232544,8.905740003758663e-06,-0.04101295605456659,0.05031742159011179,-6.47096730136757e-08,0.022807552528518335,-3.292960118992771e-09,0.02
0.6394824981689453,8.89331735317514e-06,-0.04241648677101436,0.051707973472216125,-6.461940924481611e-08,0.02350610810917366,-3.288366756405669e-09,0.02
0.6494669914245605,8.880777689168717e-06,-0.04383323784910499,0.05311162346364514,-6.452829524898707e-08,0.02421124363659871,-3.2837301272809367e-09,0.02
0.6594552993774414,8.868069314663384e-06,-0.045269050106274474,0.05453415837019044,-6.443595539194786e-08,0.024925866161966424,-3.2790311162604463e-09,0.02
0.669478178024292,8.855181257259523e-06,-0.04672516322159104,0.055976806407267155,-6.434230994754533e-08,0.025650592689750718,-3.274265666222123e-09,0.02
0.679497241973877,8.842138858728597e-06,-0.04819871404162183,0.057436730897809256,-6.424754305070194e-08,0.026383998191068826,-3.269443147464533e-09,0.02
0.6897084712982178,8.828881000277931e-06,-0.04969660786425802,0.05892077328452016,-6.415121060838473e-08,0.027129519522928174,-3.2645409608834216e-09,0.02
0.6995632648468018,8.815470113081721e-06,-0.05121179111666808,0.060421945220895217,-6.405376624947422e-08,0.02788364602994568,-3.259582190845357e-09,0.02
0.7094559669494629,8.802090708178666e-06,-0.0527234174497903,0.06191959312979283,-6.395655064290712e-08,0.028636002211747395,-3.254635061607021e-09,0.02
0.7194843292236328,8.788399751247052e-06,-0.05427024342399672,0.0634521151790177,-6.385707127949485e-08,0.029405877714949263,-3.2495727338108326e-09,0.02
0.7294278144836426,8.774581927972584e-06,-0.05583140295833052,0.06499883824199941,-6.375667009717039e-08,0.03018288721835526,-3.244463496290434e-09,0.02
0.7394454479217529,8.76056909180973e-06,-0.05741459535731818,0.06656739042567902,-6.365485193880178e-08,0.030970862766452268,-3.239282151380435e-09,0.02
0.7494542598724365,8.74641009632915e-06,-0.05901430106725754,0.06815230321718471,-6.355197177753904e-08,0.03176705720522635,-3.234046763032821e-09,0.02
0.75946044921875,8.732100041804519e-06,-0.060631073666979604,0.06975412507625188,-6.34479940116593e-08,0.032571746058096575,-3.2287555195392615e-09,0.02
0.7693812847137451,8.71764624248557e-06,-0.062264086780978126,0.07137203726909573,-6.334297178696606e-08,0.03338451802717335,-3.223411125395133e-09,0.02
0.7794439792633057,8.703004404871448e-06,-0.06391834475905556,0.07301099786892046,-6.323658326406629e-08,0.03420786384275642,-3.2179972027663875e-09,0.02
0.789466381072998,8.688222175053868e-06,-0.0655884644703902,0.07466567352419483,-6.312917464249134e-08,0.0350391042502824,-3.2125313691311663e-09,0.02
0.7994329929351807,8.673306600114752e-06,-0.06727364972451734,0.07633527540704624,-6.302079712678643e-08,0.0358778429753514,-3.2070162301976667e-09,0.02
0.8094558715820312,8.658215443634354e-06,-0.06897867245896126,0.0780245313275809,-6.291114382444069e-08,0.03672645507363483,-3.2014361687520754e-09,0.02
0.8194823265075684,8.642953264980076e-06,-0.07070301754917921,0.07973293092475435,-6.280024786410749e-08,0.03758468416091551,-3.1957928706526177e-09,0.02
0.8294382095336914,8.627609939244952e-06,-0.07243653076497196,0.08145041386732524,-6.268876228392625e-08,0.03844747634411519,-3.1901195678482287e-09,0.02
0.8398692607879639,8.611885851524973e-06,-0.07421306307220595,0.08321051809197354,-6.257451006295768e-08,0.03933167969135199,-3.1843054756169737e-09,0.02
0.8494434356689453,8.59638908768134e-06,-0.07596391196824796,0.08494517640699312,-6.246190959172582e-08,0.040203100069175886,-3.1785754379907915e-09,0.02
0.8594393730163574,8.580562849495819e-06,-0.07775198539668837,0.08671671502892757,-6.23469151389808e-08,0.0410930475832708,-3.172723574905118e-09,0.02
0.869450569152832,8.56457163072772e-06,-0.07955869859235941,0.0885067210510413,-6.223072192683481e-08,0.041992272353123986,-3.1668107090865323e-09,0.02
0.879446268081665,8.548462156167477e-06,-0.08137877251451618,0.09030996424933029,-6.211366946058545e-08,0.04289814693116365,-3.160854117355534e-09,0.02
0.8894362449645996,8.532199060872805e-06,-0.08321620275028775,0.0921304032626311,-6.199550077631392e-08,0.043812659973323224,-3.154840723275521e-09,0.02
0.8994338512420654,8.51579753981423e-06,-0.08506927254786442,0.09396633721440993,-6.187632628164202e-08,0.044734957029790384,-3.1487761452939143e-09,0.02
0.9094648361206055,8.499212652570802e-06,-0.08694305934710424,0.09582279659204275,-6.17558194366142e-08,0.04566756520874074,-3.1426437663734035e-09,0.02
0.919487714767456,8.482511811952609e-06,-0.0888299467420716,0.0976922354205933,-6.163447006699408e-08,0.04660669372539954,-3.1364685128755294e-09,0.02
0.9295175075531006,8.46567361599447e-06,-0.09073235276065174,0.09957704936777821,-6.151212266474212e-08,0.047553546063847006,-3.1302424712728632e-09,0.02
0.9395887851715088,8.448644597282878e-06,-0.09265631823581263,0.10148322340532256,-6.138838873223276e-08,0.04851112882560043,-3.12394587161251e-09,0.02
0.949474573135376,8.431612081731748e-06,-0.09458067878943667,0.10338978886793089,-6.126462939146503e-08,0.049468908223068334,-3.1176479789710986e-09,0.02
0.9594473838806152,8.41436177259772e-06,-0.0965296460066213,0.10532073344951787,-6.113928754867863e-08,0.050438934678580724,-3.1112695556177703e-09,0.02
0.9694476127624512,8.39695841404849e-06,-0.09849590498887092,0.10726880989446506,-6.101283363911184e-08,0.05141756747155619,-3.104834541164736e-09,0.02
0.9794549942016602,8.379423096629692e-06,-0.10047707289297231,0.10923165739436544,-6.088542090801006e-08,0.05240362062978554,-3.098350733989857e-09,0.02
0.9894750118255615,8.361756409396034e-06,-0.10247308316659319,0.11120921001231443,-6.07570536354822e-08,0.053397061029303236,-3.091818351900261e-09,0.02
0.9994137287139893,8.344004934412042e-06,-0.10447867289438723,0.11319625350059058,-6.062807028977035e-08,0.0543952692483591,-3.0852546189425374e-09,0.02
1.0094189643859863,8.32605653170206e-06,-0.10650651182821724,0.11520534045037854,-6.049765605468258e-08,0.05540455118803926,-3.0786180705705157e-09,0.02
1.0194368362426758,8.307968184117439e-06,-0.1085501619553868,0.117230092383055,-6.036622497123926e-08,0.056421702565284795,-3.0719297765950016e-09,0.02
1.0294528007507324,8.289768953288849e-06,-0.11060633984688525,0.11926725623237992,-6.02339882030963e-08,0.05744508917456517,-3.0652004827587116e-09,0.02
1.039501428604126,8.271405815839306e-06,-0.11268103616773074,0.12132276726604527,-6.010056047902581e-08,0.05847769264815336,-3.0584105832943883e-09,0.02
1.0494472980499268,8.252949210894291e-06,-0.114766292594087,0.12338874075302292,-5.99664536141914e-08,0.0595155520242668,-3.051586123565013e-09,0.02
1.059502363204956,8.234367906974489e-06,-0.11686563770789762,0.12546867264548928,-5.983144067867894e-08,0.060560423524254725,-3.044715555511042e-09,0.02
1.0694854259490967,8.215627068838398e-06,-0.11898300724985887,0.12756646228926455,-5.96952685574092e-08,0.06161426601769878,-3.037785998556471e-09,0.02
1.0796000957489014,8.19671478448693e-06,-0.12111974705647363,0.1296834430755315,-5.9557850697039514e-08,0.06267774934501553,-3.0307930481557017e-09,0.02
1.0894801616668701,8.177839888324687e-06,-0.12325226268631895,0.1317962387471527,-5.942070450162955e-08,0.06373913024434733,-3.0238139223013466e-09,0.02
1.0994267463684082,8.158748393646165e-06,-0.12540924995920788,0.1339332797658075,-5.928198448763093e-08,0.06481269100024771,-3.016754707619377e-09,0.02
1.1094348430633545,8.139523087781101e-06,-0.1275813554316512,0.1360852991818696,-5.914229219304438e-08,0.06589377628164968,-3.009646015308309e-09,0.02
1.11942720413208,8.120163306343165e-06,-0.12976865416706757,0.13825237136462568,-5.900162279039661e-08,0.06698242344859774,-3.002487599706614e-09,0.02
1.129382848739624,8.100724244578435e-06,-0.1319649101192322,0.14042831793428456,-5.8860377331854436e-08,0.06807552873938542,-2.9952998696454537e-09,0.02
1.139662265777588,8.080930632275995e-06,-0.13420122375207155,0.14264395176023373,-5.8716555686566145e-08,0.06918857126136833,-2.9879810420247027e-09,0.02
1.1494688987731934,8.061360518744787e-06,-0.13641228614014608,0.14483456784661955,-5.8574357997557654e-08,0.07028904590881722,-2.980744854649456e-09,0.02
1.1593925952911377,8.041569961439776e-06,-0.13864825461454286,0.14704985970590115,-5.843055855007488e-08,0.07140191664093232,-2.97342715663553e-09,0.02
1.1693823337554932,8.021607648643349e-06,-0.1409036282960892,0.14928437732704758,-5.8285511116272824e-08,0.07252444559825703,-2.9660459508184113e-09,0.02
1.1793582439422607,8.001543631143093e-06,-0.14317049273597832,0.1515302794483358,-5.8139724689627274e-08,0.07365269365618443,-2.958627138970408e-09,0.02
1.1895675659179688,7.981196563217279e-06,-0.1454693366607528,0.15380786533142193,-5.799188160059585e-08,0.07479685832168682,-2.951103667233095e-09,0.02
1.1993861198425293,7.96103366962846e-06,-0.1477473722775568,0.15606483532668133,-5.7845376734005156e-08,0.07593066642036356,-2.943648295254634e-09,0.02
1.2093861103057861,7.940599924242027e-06,-0.1500560091589619,0.15835212360823622,-5.769690384103471e-08,0.0770797051683675,-2.936092773915501e-09,0.02
1.2193934917449951,7.920032581336489e-06,-0.15237974009943647,0.1606543663699473,-5.754746021999751e-08,0.07823625642683822,-2.9284878539523085e-09,0.02
1.2293720245361328,7.89939989977462e-06,-0.15471085310467367,0.16296392293243886,-5.739754184412978e-08,0.07939648183541925,-2.9208587745605415e-09,0.02
1.2393827438354492,7.878625121024604e-06,-0.15705802047503578,0.16528938540092797,-5.72465909810597e-08,0.08056469771134131,-2.9131771537321955e-09,0.02
1.2494947910308838,7.857581848160967e-06,-0.15943552273513154,0.16764490224408676,-5.709368922269165e-08,0.08174801165833773,-2.9053962553134463e-09,0.02
1.2594592571258545,7.836687619931827e-06,-0.16179618569662269,0.169983735506264,-5.6941870432112746e-08,0.08292294446634182,-2.8976704671985165e-09,0.02
1.2694847583770752,7.815554914548472e-06,-0.16418379218428492,0.17234926314041948,-5.6788318851371093e-08,0.08411128741945266,-2.8898565004754323e-09,0.02
1.2794463634490967,7.794360133499521e-06,-0.1665784120788543,0.17472173932658056,-5.663431622489702e-08,0.08530312103684107,-2.882019580837589e-09,0.02
1.289452314376831,7.773026405152895e-06,-0.1689887304589395,0.17710976883004662,-5.647930399852503e-08,0.08650276799563798,-2.8741312844573655e-09,0.02
1.2994377613067627,7.751597715686364e-06,-0.1714097776965869,0.17950842797837982,-5.632360177861904e-08,0.08770775484706161,-2.866207875533931e-09,0.02
1.3094415664672852,7.730066405123766e-06,-0.17384241922802193,0.1819185742048789,-5.61671539073053e-08,0.08891851233003195,-2.858246521737126e-09,0.02
1.3194258213043213,7.708444300533576e-06,-0.17628531881233686,0.18433888362522313,-5.6010046320815216e-08,0.09013437537998556,-2.8502515962088557e-09,0.02
1.329430341720581,7.686669088273919e-06,-0.1787455167433754,0.18677633142972377,-5.585182624426559e-08,0.09135884804317977,-2.842200058040956e-09,0.02
1.3395044803619385,7.664772317839847e-06,-0.18121944850927316,0.18922738606853748,-5.569272291829309e-08,0.09259015621547417,-2.8341035728815303e-09,0.02
1.349447250366211,7.642808712038473e-06,-0.18370093144070695,0.1916859220451838,-5.553313396229299e-08,0.09382522270154385,-2.8259823748741016e-09,0.02
1.3594582080841064,7.620758596458051e-06,-0.18619218838384233,0.19415414165055878,-5.5372916420738816e-08,0.09506515384097632,-2.8178291892662952e-09,0.02
1.3695485591888428,7.5985118432140055e-06,-0.18870566176130868,0.19664437224878953,-5.5211270097420314e-08,0.0963161423901272,-2.809603295496794e-09,0.02
1.3794639110565186,7.5763293398256255e-06,-0.19121187608843412,0.19912741092311328,-5.50500906176375e-08,0.09756351801505316,-2.8014011585641494e-09,0.02
1.3894665241241455,7.553961385171681e-06,-0.19373904299294012,0.201631208420575,-5.488756363716978e-08,0.09882132201157566,-2.7931304497193157e-09,0.02
1.399444818496704,7.531471613435174e-06,-0.1962799729841574,0.20414864173370192,-5.472415152603614e-08,0.10008597607622745,-2.7848146981498438e-09,0.02
1.4094395637512207,7.508925868691519e-06,-0.1988272268942756,0.20667234048671337,-5.456033271147429e-08,0.10135377763796503,-2.776478250166575e-09,0.02
1.4194388389587402,7.4862524897077466e-06,-0.20138890112276878,0.20921032620945185,-5.439558649840992e-08,0.10262875638062045,-2.7680946085236726e-09,0.02
1.4294230937957764,7.463516696912196e-06,-0.2039576269624596,0.21175529833520085,-5.4230386782621485e-08,0.10390724480232813,-2.759687888934079e-09,0.02
1.4394702911376953,7.440591483526104e-06,-0.20654775384014684,0.21432147359766512,-5.406381072478051e-08,0.10519638480034194,-2.7512111297464157e-09,0.02
1.4494976997375488,7.417627372726945e-06,-0.20914227540910083,0.21689200291247795,-5.389695203586345e-08,0.10648771209363445,-2.742719987966188e-09,0.02
1.4594438076019287,7.394647427476194e-06,-0.21173858597944703,0.21946430468529535,-5.3729978292814504e-08,0.10777992979630077,-2.7342229912859093e-09,0.02
1.4694819450378418,7.37145282531724e-06,-0.2143591488268845,0.2220606344677312,-5.3561444839024616e-08,0.10908421817423423,-2.7256466237012836e-09,0.02
1.4794237613677979,7.348287186569828e-06,-0.21697643934226377,0.2246537221782629,-5.3393121835224225e-08,0.11038687786973543,-2.717080965542161e-09,0.02
1.4894356727600098,7.324955053821421e-06,-0.21961254061328084,0.22726544669620424,-5.322358907542843e-08,0.11169889992415984,-2.7084537450530017e-09,0.02
1.4994287490844727,7.30153305880491e-06,-0.22225879466551687,0.22988723010980577,-5.3053403370679946e-08,0.11301597515048607,-2.699793297357014e-09,0.02
1.5094265937805176,7.278052979341456e-06,-0.22491161119046216,0.2325155153111275,-5.2882795620647506e-08,0.11433631660524621,-2.6911113725274883e-09,0.02
1.519460678100586,7.254405619049891e-06,-0.22758332736801787,0.23516252539477672,-5.2710972397483795e-08,0.11566606466411465,-2.6823675944330556e-09,0.02
1.5294334888458252,7.230771413122253e-06,-0.23025355734472588,0.23780806302088603,-5.253924475476462e-08,0.11699507302139767,-2.6736286802573747e-09,0.02
1.5394554138183594,7.206971293250089e-06,-0.23294253254137406,0.24047217252473396,-5.236631157077721e-08,0.11833341111963071,-2.6648284182316245e-09,0.02
1.5494487285614014,7.183122644117842e-06,-0.23563699065060326,0.24314171423916311,-5.219302577010099e-08,0.11967447813511278,-2.6560102121700063e-09,0.02
1.5595157146453857,7.159150157089857e-06,-0.23834544016121337,0.24582511797263856,-5.201884015540184e-08,0.12102250885391913,-2.6471462161738385e-09,0.02
1.5694396495819092,7.135189133297521e-06,-0.24105259453732417,0.24850723854807946,-5.184473783330165e-08,0.12236989496735876,-2.6382864587898256e-09,0.02
1.5794472694396973,7.111077398700134e-06,-0.24377677645862492,0.2512062292103193,-5.166954043691112e-08,0.12372575591257648,-2.62937097502369e-09,0.02
1.589442253112793,7.086896013916469e-06,-0.24650882756816284,0.2539130162922496,-5.149383695783938e-08,0.12508553345562415,-2.6204297376104017e-09,0.02
1.5994412899017334,7.062637308199861e-06,-0.249249614519032,0.256628458432785,-5.13175716599535e-08,0.12644965894107316,-2.61145991023733e-09,0.02
1.6094412803649902,7.03829233059402e-06,-0.2520001486044349,0.25935355757342177,-5.114067950503607e-08,0.12781863570276727,-2.6024581832253165e-09,0.02
1.6194536685943604,7.0138257511519895e-06,-0.2547644214576734,0.26209226843573136,-5.0962903783446545e-08,0.12919445042876843,-2.5934114930775274e-09,0.02
1.6294746398925781,6.989328180149435e-06,-0.2575321957864507,0.264834448394473,-5.0784902875208085e-08,0.13057200788490686,-2.584353343581858e-09,0.02
1.6394498348236084,6.96475870286484e-06,-0.2603080942007338,0.26758467731306856,-5.0606379491353174e-08,0.13195360880457715,-2.575268606231731e-09,0.02
1.6494324207305908,6.94011414491541e-06,-0.263092475347313,0.2703433105218029,-5.042731056661462e-08,0.13333943169097404,-2.566156107276739e-09,0.02
1.6594302654266357,6.915392461526851e-06,-0.265885570248023,0.2731105769061883,-5.024768124353241e-08,0.13472959152668398,-2.5570150906471793e-09,0.02
1.6694581508636475,6.890533512415234e-06,-0.2686941736472882,0.27589320837777975,-5.006705453898036e-08,0.13612747014480914,-2.5478233190493026e-09,0.02
1.6794593334197998,6.865624389224661e-06,-0.2715084457933728,0.2786814561757305,-4.9886063266380994e-08,0.13752817017231253,-2.5386129952321896e-09,0.02
1.689457893371582,6.840691234636279e-06,-0.2743254330448012,0.28147239397169965,-4.9704897380117454e-08,0.1389302215432299,-2.529393785636404e-09,0.02
1.6993839740753174,6.81574254396784e-06,-0.27714417558713383,0.28426507082691543,-4.952361860770857e-08,0.14033314654537057,-2.5201688314655452e-09,0.02
1.7094388008117676,6.7905968888363285e-06,-0.27998517148611607,0.28707979525587485,-4.934090867898979e-08,0.14174714733395025,-2.510871048296593e-09,0.02
1.7194430828094482,6.765405558272969e-06,-0.2828313278676504,0.2898996324469857,-4.9157866869679564e-08,0.14316371656213966,-2.5015563763148713e-09,0.02
1.7294585704803467,6.740157002781181e-06,-0.28568394961213245,0.2927258752140558,-4.897440926040154e-08,0.14458350368596556,-2.4922205450126386e-09,0.02
1.7394530773162842,6.714840738914819e-06,-0.28854422115589334,0.295559697040608,-4.879045967776957e-08,0.1460070982148696,-2.4828596780618137e-09,0.02
1.7494258880615234,6.689481907713802e-06,-0.29140930202446824,0.2983982837188257,-4.8606200798177956e-08,0.1474330864075878,-2.4734830715390566e-09,0.02
1.7594504356384277,6.664011739510467e-06,-0.2942869619237079,0.3012493331059538,-4.8421132936849703e-08,0.14886533534826615,-2.4640652973751784e-09,0.02
1.769456386566162,6.63848559986837e-06,-0.29717094556465,0.3041066477574065,-4.8235658383489236e-08,0.15030073169783634,-2.4546268273774247e-09,0.02
1.7794442176818848,6.612916676523861e-06,-0.3000597629759773,0.30696875148004094,-4.8049872961027246e-08,0.15173853387810096,-2.4451725378042378e-09,0.02
1.7895004749298096,6.587210537554243e-06,-0.30296408322571433,0.30984621468207685,-4.78630905211103e-08,0.1531840520236524,-2.4356675117868028e-09,0.02
1.7994599342346191,6.561561455574057e-06,-0.30586195708651726,0.31271729110670915,-4.767672266090571e-08,0.15462636171718194,-2.4261835829932513e-09,0.02
1.8096318244934082,6.535629801849142e-06,-0.30879175635008826,0.3156199977111343,-4.7488301616440584e-08,0.15608456110090987,-2.416595171305998e-09,0.02
1.8197367191314697,6.509818155975382e-06,-0.31170799693677476,0.31850927101948723,-4.7300752556650957e-08,0.15753601215395083,-2.4070511333673226e-09,0.02
1.8294637203216553,6.4840953321046855e-06,-0.3146142022730324,0.32138860187613044,-4.711384888318209e-08,0.1589824685317002,-2.397539937990147e-09,0.02
1.83935546875,6.458210509737854e-06,-0.3175387104556765,0.3242860663277085,-4.692576811834191e-08,0.16043803447530045,-2.3879688425275337e-09,0.02
1.8493409156799316,6.43220919349393e-06,-0.3204763803008562,0.3271965707323108,-4.6736840901585144e-08,0.16190015115035755,-2.3783546726330136e-09,0.02
1.8593523502349854,6.406129842571515e-06,-0.3234228666274683,0.3301158100899181,-4.654734667989373e-08,0.16336665590344826,-2.368711648866265e-09,0.02
1.8693535327911377,6.379985691415623e-06,-0.32637667418697724,0.33304230297896914,-4.635738161558645e-08,0.1648368045298347,-2.3590446647565853e-09,0.02
1.8795578479766846,6.35357073636243e-06,-0.32936107759923433,0.3359991087925077,-4.616544887294613e-08,0.16632218111199842,-2.3492775489977107e-09,0.02
1.8894407749176025,6.327503246119666e-06,-0.332306223887495,0.33891702050346656,-4.597604083170705e-08,0.16778801891048836,-2.339638910800837e-09,0.02
1.8995120525360107,6.3011503215736476e-06,-0.33528361899491477,0.34186688281988914,-4.5784558806675196e-08,0.16926990736774133,-2.3298947312590763e-09,0.02
1.90946626663208,6.27485098464688e-06,-0.33825495968833236,0.34481074670914,-4.5593466152691426e-08,0.1707487824640188,-2.3201703661171286e-09,0.02
1.9194467067718506,6.248450524453864e-06,-0.34123772544835473,0.3477659300142642,-4.5401638730626595e-08,0.17223334396526246,-2.3104086099349397e-09,0.02
1.9294593334197998,6.221986791638557e-06,-0.34422763984934535,0.35072819585490855,-4.520935156566591e-08,0.17372146343854328,-2.30062345825482e-09,0.02
1.9394497871398926,6.1954890764750694e-06,-0.3472213936297959,0.3536942655712157,-4.501681748280304e-08,0.1752114938211591,-2.290825741362011e-09,0.02
1.9494850635528564,6.168873459240436e-06,-0.350228468172774,0.3566735328692975,-4.482342671599609e-08,0.17670815412137708,-2.280984429347621e-09,0.02
1.9594697952270508,6.142330907591606e-06,-0.35322728765027317,0.3596446214387601,-4.463056684838043e-08,0.17820070576761882,-2.2711701338484244e-09,0.02
1.9694674015045166,6.11569572334112e-06,-0.3562365729056588,0.3626260790061841,-4.4437033906392384e-08,0.17969846636829437,-2.2613215867920476e-09,0.02
1.9794306755065918,6.089020800230134e-06,-0.35925034792037336,0.3656119848148984,-4.4243212219317724e-08,0.18119846158086567,-2.251458346011989e-09,0.02
1.9894649982452393,6.062223467995275e-06,-0.3622779529115632,0.3686115927104939,-4.404850109976733e-08,0.182705340153476,-2.2415498435958448e-09,0.02
1.9994533061981201,6.035440396335805e-06,-0.36530394672038424,0.37160960432276685,-4.385389359846427e-08,0.1842114168195645,-2.2316466141279355e-09,0.02
2.0094192028045654,6.0086721419315705e-06,-0.3683282664522668,0.3746059573387509,-4.3659393760279704e-08,0.18571666027568173,-2.221748863444557e-09,0.02
2.019458770751953,5.981715936318651e-06,-0.3713738212090588,0.3776233490135319,-4.34635282566646e-08,0.18723247268122206,-2.211781616477405e-09,0.02
2.02944278717041,5.954827644670732e-06,-0.3744117029386404,0.38063313861569437,-4.326815622023654e-08,0.18874446612083914,-2.2018394811773535e-09,0.02
2.039435386657715,5.9278793682384696e-06,-0.3774563618440574,0.3836496427232842,-4.307234833055214e-08,0.19025983264944202,-2.19187516608062e-09,0.02
2.049453020095825,5.9008648283825756e-06,-0.3805085072959097,0.38667356414715665,-4.2876058966619214e-08,0.19177892533004923,-2.1818863496160867e-09,0.02
2.0594546794891357,5.873826104269211e-06,-0.3835633851234323,0.38970019267967043,-4.2679593878334085e-08,0.1932993779497376,-2.1718885908519437e-09,0.02
2.0693774223327637,5.8467790231329735e-06,-0.38661920714062037,0.3927277566706683,-4.248306806738951e-08,0.19482030050496232,-2.161887742019707e-09,0.02
2.079350471496582,5.81970131257396e-06,-0.38967848971845165,0.3957587492215539,-4.228631970111189e-08,0.1963429454264461,-2.1518755677425746e-09,0.02
2.0893659591674805,5.7925148386539855e-06,-0.39275006055287576,0.3988019163961457,-4.2088781053339346e-08,0.19787170637383425,-2.1418231774463467e-09,0.02
2.0994436740875244,5.765245510995817e-06,-0.3958309923337215,0.40185435795391444,-4.189064038503799e-08,0.1994051263865969,-2.131740151396609e-09,0.02
2.1094491481781006,5.7380018982698146e-06,-0.39890901880084834,0.40490392106419887,-4.1692686563068474e-08,0.20093710038675144,-2.121666633624234e-09,0.02
2.119349718093872,5.710827420322055e-06,-0.401979234311353,0.4079457454479241,-4.149523507879264e-08,0.20246518677171185,-2.11161867892326e-09,0.02
2.1294639110565186,5.6834367700090165e-06,-0.4050738733176872,0.4110117674766993,-4.1296212872368394e-08,0.20400542904974314,-2.1014907929670062e-09,0.02
2.139470100402832,5.656082544575929e-06,-0.40816439698345763,0.4140737122205962,-4.1097455331437444e-08,0.2055436230689915,-2.091376375366775e-09,0.02
2.1494455337524414,5.628731287937302e-06,-0.41125458523013314,0.4171353246471107,-4.0898719361955774e-08,0.2070816501457726,-2.081263055499216e-09,0.02
2.159452438354492,5.601340877005249e-06,-0.41434919719082475,0.42020131988034176,-4.0699698894888995e-08,0.2086218789628341,-2.071135258055768e-09,0.02
2.169440507888794,5.573948166046896e-06,-0.4174440690121266,0.4232675725711807,-4.05006617156849e-08,0.21016223711591753,-2.0610066101613897e-09,0.02
2.1794562339782715,5.546469640456691e-06,-0.4205486363063,0.4263434310781883,-4.030100100191045e-08,0.21170742083256155,-2.050846231702207e-09,0.02
2.1894397735595703,5.518982076926052e-06,-0.4236542247212823,0.42942030126341996,-4.010127461788626e-08,0.21325311277437742,-2.0406825114008654e-09,0.02
2.1994171142578125,5.491463457926546e-06,-0.426763321832269,0.43250064769877966,-3.9901322582851065e-08,0.21480055104005072,-2.0305073081210837e-09,0.02
2.209519386291504,5.463884447142343e-06,-0.42987924210263495,0.4355877541978882,-3.970093173726909e-08,0.21635138528132056,-2.0203097745533712e-09,0.02
2.2194299697875977,5.436380649660187e-06,-0.4329866646551429,0.4386664415598717,-3.950108739632117e-08,0.21789799009735375,-2.0101400516340662e-09,0.02
2.2294375896453857,5.408759732916593e-06,-0.43610731952709914,0.4417582388784082,-3.9300392059374264e-08,0.21945118081171272,-1.9999270230425863e-09,0.02
2.2394492626190186,5.3811198393393355e-06,-0.4392301184317454,0.44485216040317505,-3.9099558835547575e-08,0.22100543863916236,-1.989706977633142e-09,0.02
2.249451160430908,5.3534704492034195e-06,-0.442353990272613,0.44794714494242704,-3.889865660912198e-08,0.22256023048099186,-1.979483420804219e-09,0.02
2.259582281112671,5.325673272726145e-06,-0.4454945592481359,0.45105867221334045,-3.8696680557745146e-08,0.22412333270495813,-1.96920521893423e-09,0.02
2.2696657180786133,5.297993041178449e-06,-0.4486219156004999,0.45415710904185325,-3.8495554235660924e-08,0.22567985883369931,-1.9589702582759825e-09,0.02
2.27948260307312,5.270412462315306e-06,-0.45173801303490535,0.4572443910667167,-3.829515199631769e-08,0.22723078125182697,-1.9487721449000328e-09,0.02
2.28948974609375,5.242668181457647e-06,-0.4548726057796395,0.4603499973706902,-3.809356028787561e-08,0.2287909090276249,-1.938513501558115e-09,0.02
2.299459218978882,5.214964592902891e-06,-0.4580026010436135,0.46345104870807197,-3.7892264252293274e-08,0.23034874857716295,-1.9282699044819267e-09,0.02
2.309466600418091,5.187207362255166e-06,-0.4611386568761168,0.4665581045702399,-3.7690578449853336e-08,0.231909604550865,-1.918006472863884e-09,0.02
2.31964111328125,5.159240303088218e-06,-0.46429841946668554,0.46968864796756477,-3.748736802005374e-08,0.23348225968788555,-1.9076654556723428e-09,0.02
2.3295013904571533,5.131612841045278e-06,-0.46741981383691705,0.4727811779460327,-3.7286625124545684e-08,0.23503581846020083,-1.897450006910309e-09,0.02
2.3394501209259033,5.103844291265986e-06,-0.4705571485228125,0.4758895008356838,-3.708485707657622e-08,0.2365973109359498,-1.8871823899636117e-09,0.02
2.3494415283203125,5.075976483182625e-06,-0.4737056975689353,0.47900893438329073,-3.688236781145944e-08,0.23816438494534714,-1.8768780715595797e-09,0.02
2.3594167232513428,5.048200717359717e-06,-0.4768438475348547,0.48211806501384735,-3.668054733125834e-08,0.2397262831966191,-1.866607786429909e-09,0.02
2.369452953338623,5.020294873120986e-06,-0.47999669396598715,0.4852417562073634,-3.647778169301865e-08,0.24129549607069928,-1.8562894038894146e-09,0.02
2.3794302940368652,4.99246898979647e-06,-0.48314050628652777,0.4883564968311916,-3.6275597055864834e-08,0.24286021254986892,-1.8460005874603805e-09,0.02
2.3894333839416504,4.964598445782886e-06,-0.48628936444237564,0.49147623663010087,-3.607308791130513e-08,0.24442744040721623,-1.8356952574268706e-09,0.02
2.3994252681732178,4.936718671572643e-06,-0.4894392654404449,0.49459700962778297,-3.587051169954974e-08,0.24599518730076628,-1.8253865144631072e-09,0.02
2.4094278812408447,4.908825905676675e-06,-0.4925906342597212,0.4977192368733258,-3.566784108937996e-08,0.24756366474811436,-1.8150729677320033e-09,0.02
2.419443368911743,4.880893761734287e-06,-0.4957464520729808,0.5008458719717817,-3.5464884355821603e-08,0.24913435651791294,-1.804744860690766e-09,0.02
2.4294276237487793,4.8530189349244605e-06,-0.49889579410592383,0.5039660911732416,-3.5262344092192143e-08,0.2507018252072144,-1.7944379470631674e-09,0.02
2.4394643306732178,4.825038629117514e-06,-0.5020570533228369,0.5070981173571957,-3.505903741146421e-08,0.25227522523472623,-1.7840920318331461e-09,0.02
2.4495420455932617,4.797042886181231e-06,-0.5052200566510449,0.5102318715241679,-3.485561856357317e-08,0.25384949332922385,-1.7737404086157783e-09,0.02
2.459454298019409,4.769237668723023e-06,-0.5083615341093152,0.5133442988768391,-3.4653584085917695e-08,0.25541304771692663,-1.7634592335364295e-09,0.02
2.4694368839263916,4.741337617681917e-06,-0.5115137260158147,0.5164673415982913,-3.4450860541420234e-08,0.2569819348255429,-1.7531429930715777e-09,0.02
2.4794366359710693,4.713379553366872e-06,-0.514672472353785,0.5195968781405849,-3.424771546878637e-08,0.2585540841603635,-1.7428053017899076e-09,0.02
2.4894161224365234,4.685484232399584e-06,-0.5178241298490612,0.5227193913926614,-3.4045026293305956e-08,0.26012270528552955,-1.7324908103031794e-09,0.02
2.4994089603424072,4.657561981951441e-06,-0.5209788298796889,0.5258449190449287,-3.3842141446505724e-08,0.26169284072030363,-1.7221663614511517e-09,0.02
2.509415864944458,4.629619687144316e-06,-0.5241357945537058,0.5289726903988052,-3.363911095611889e-08,0.26326410329768973,-1.711834501056152e-09,0.02
2.5194079875946045,4.601688876689558e-06,-0.5272914617074235,0.5320991762309092,-3.343616391176642e-08,0.2648347200822652,-1.7015068870813617e-09,0.02
2.529418706893921,4.573751132159883e-06,-0.5304479122838953,0.535226438241242,-3.3233166483984796e-08,0.26640572678658425,-1.6911767091835115e-09,0.02
2.5394327640533447,4.545815339890005e-06,-0.5336041422909666,0.5383534817218402,-3.3030183241446974e-08,0.26797662371062997,-1.6808472531474774e-09,0.02
2.5494251251220703,4.517890383347348e-06,-0.5367591480604338,0.5414793122856957,-3.282727873199197e-08,0.2695469113156202,-1.6705218036979352e-09,0.02
2.559504270553589,4.489875316114046e-06,-0.5399243346782915,0.5446152295528383,-3.262371947253032e-08,0.27112226606191037,-1.6601630351855792e-09,0.02
2.5694353580474854,4.462048589694018e-06,-0.5430682422530968,0.5477300645500888,-3.2421528709390926e-08,0.2726870299503725,-1.649873907016039e-09,0.02
2.5794382095336914,4.434149510659285e-06,-0.5462203243407785,0.550852998468248,-3.221881222755356e-08,0.2742558624007278,-1.639558025957393e-09,0.02
2.589432716369629,4.406246205915592e-06,-0.549372883855744,0.5539764053987898,-3.2016065041446246e-08,0.27582493247288187,-1.6292405824130827e-09,0.02
2.599416494369507,4.378369500396286e-06,-0.5525224381482562,0.5570968348969964,-3.181351112699428e-08,0.27739250680654504,-1.6189329741194162e-09,0.02
2.6094183921813965,4.350481716592372e-06,-0.5556732440828902,0.560218504463046,-3.161087671702209e-08,0.27896070409885015,-1.6086212695519548e-09,0.02
2.619413375854492,4.322611011602553e-06,-0.5588221204260878,0.5633382622811216,-3.140836640279883e-08,0.2805279410082791,-1.5983158799963478e-09,0.02
2.6294209957122803,4.294731038800193e-06,-0.5619720438614086,0.5664590575085717,-3.120578874806049e-08,0.2820956990691425,-1.5880070636017496e-09,0.02
2.6394202709198,4.266877904669629e-06,-0.5651189350211292,0.5695768485007078,-3.100340610481757e-08,0.28366194792681015,-1.5777081709951618e-09,0.02
2.649400472640991,4.239066419053609e-06,-0.5682611206657856,0.5726899774909707,-3.080132608232897e-08,0.2852258547881328,-1.567424678220295e-09,0.02
2.6594154834747314,4.211217839554999e-06,-0.5714074972359823,0.5758072586521334,-3.0598976533331384e-08,0.286791847527869,-1.5571274697209656e-09,0.02
2.669408082962036,4.183416665557536e-06,-0.5745485178576606,0.5789192333927061,-3.039697143571873e-08,0.2883551745420295,-1.5468477897397191e-09,0.02
2.6794073581695557,4.155620671383634e-06,-0.577688953254678,0.5820306283203512,-3.019500397503336e-08,0.28991821028222786,-1.5365700250347327e-09,0.02
2.6894097328186035,4.1278347404353105e-06,-0.5808282516925488,0.5851408968026234,-2.999310963438478e-08,0.2914806801429997,-1.5262959812783128e-09,0.02
2.699540376663208,4.099949266187171e-06,-0.5839787966899175,0.5882623078443663,-2.9790492005791663e-08,0.2930487475634177,-1.5159851306853728e-09,0.02
2.709439754486084,4.072309253906518e-06,-0.5871016090058612,0.5913562426564126,-2.958965791945856e-08,0.2946030120658453,-1.5057650413845123e-09,0.02
2.7194464206695557,4.044557616317734e-06,-0.5902370329257166,0.5944626724494027,-2.938801275654045e-08,0.296163553528364,-1.4955036778394236e-09,0.02
2.7294259071350098,4.016884386831311e-06,-0.5933635981741202,0.5975603254895108,-2.9186937311878575e-08,0.2977196859143249,-1.4852713062426706e-09,0.02
2.73942232131958,3.989191346815394e-06,-0.5964924016474876,0.6006601960571013,-2.898571792265002e-08,0.29927693229410224,-1.4750316095630463e-09,0.02
2.7494215965270996,3.961516405943363e-06,-0.5996191602509446,0.6037580406642555,-2.8784630042951523e-08,0.3008331609154003,-1.4647986051694062e-09,0.02
2.759413957595825,3.933893407426824e-06,-0.6027400503249017,0.6068500710098153,-2.8583919579710054e-08,0.30238646869286895,-1.454584806827711e-09,0.02
2.7694203853607178,3.906255370053466e-06,-0.6058626395126947,0.6099437847570383,-2.8383099843178906e-08,0.3039406221414999,-1.4443654477627385e-09,0.02
2.779414653778076,3.878667081005464e-06,-0.6089796080559835,0.6130319298354019,-2.818264158114234e-08,0.3054919781219036,-1.4341644834916084e-09,0.02
2.789421796798706,3.851100454245962e-06,-0.6120941291596466,0.6161176501062866,-2.79823407186711e-08,0.30704211597961933,-1.42397152900429e-09,0.02
2.79943585395813,3.82353013486264e-06,-0.6152090674617906,0.6192037837177033,-2.778201302536045e-08,0.30859246148247155,-1.4137772091432955e-09,0.02
2.809436559677124,3.796030551675353e-06,-0.6183160138765968,0.6222819993449613,-2.7582199305746954e-08,0.3101388293185478,-1.403609044489214e-09,0.02
2.819458484649658,3.768478649536776e-06,-0.6214288713692921,0.6253660713887463,-2.7382005433307425e-08,0.3116881391753428,-1.3934215345342372e-09,0.02
2.829430103302002,3.7410581575392883e-06,-0.6245268819363471,0.6284354338004935,-2.7182766395306906e-08,0.31323005952320854,-1.3832826144048845e-09,0.02
2.8394150733947754,3.713650010766465e-06,-0.6276234977203883,0.6315034143271688,-2.6983617058493613e-08,0.3147712856693396,-1.3731482590093404e-09,0.02
2.84940505027771,3.686255809077854e-06,-0.630718537966753,0.6345698338855977,-2.67845690475487e-08,0.316311727649778,-1.3630190599069447e-09,0.02
2.8594391345977783,3.6588471503965374e-06,-0.6338152115870258,0.637637871713677,-2.658541599117574e-08,0.31785298258175737,-1.3528845152296278e-09,0.02
2.8694374561309814,3.631501310027153e-06,-0.6369047878950334,0.6406988778602887,-2.6386719376650706e-08,0.31939070508866585,-1.342773198065785e-09,0.02
2.8794312477111816,3.6041936976039866e-06,-0.6399900451491978,0.6437556048925354,-2.6188300528813077e-08,0.3209262779460299,-1.3326760159544226e-09,0.02
2.8894309997558594,3.5769199892658176e-06,-0.6430714718662006,0.6468085368096504,-2.5990128030212346e-08,0.32245994429498637,-1.3225913701173862e-09,0.02
2.899420738220215,3.5496979526662247e-06,-0.6461470606284307,0.6498556847571654,-2.579233098174894e-08,0.32399070501755484,-1.3125258302697838e-09,0.02
2.909419298171997,3.5225005450163244e-06,-0.6492198667729597,0.6529000758186101,-2.5594712888799685e-08,0.32552008079492684,-1.3024693971498733e-09,0.02
2.9194436073303223,3.4952853381919074e-06,-0.6522946838963852,0.6559464592628765,-2.5396965465916876e-08,0.3270504574627775,-1.2924063826597667e-09,0.02
2.92944073677063,3.4681762581197113e-06,-0.6553575106514448,0.6589809632170093,-2.5199989166762285e-08,0.3285748663675874,-1.2823826092840956e-09,0.02
2.9394381046295166,3.4410925869190934e-06,-0.6584174666719946,0.6620126229831035,-2.5003197490083855e-08,0.3300978464703136,-1.27236823101773e-09,0.02
2.949500560760498,3.413945692470646e-06,-0.6614845657551081,0.6650513597578982,-2.4805946429267523e-08,0.33162438176863207,-1.2623304755099881e-09,0.02
2.9595327377319336,3.3869428493351333e-06,-0.6645353896929865,0.6680739718881998,-2.4609742054448466e-08,0.33314281671446333,-1.2523459839902345e-09,0.02
2.9694466590881348,3.36009604832609e-06,-0.6675685837445468,0.6710791171605881,-2.4414671491640073e-08,0.3346524770354648,-1.2424191901462636e-09,0.02
2.9794647693634033,3.3331483985377515e-06,-0.6706131718507418,0.6740955511236559,-2.4218868155190264e-08,0.3361678083263696,-1.2324551067555367e-09,0.02
2.9894495010375977,3.306253259754602e-06,-0.6736518271804943,0.6771061071722958,-2.4023446367042345e-08,0.3376801867969021,-1.2225104396789878e-09,0.02
2.999422550201416,3.2794402540869945e-06,-0.6766812029809125,0.68010746950196,-2.3828621363333224e-08,0.33918794672440855,-1.2125961419006455e-09,0.02
3.0094120502471924,3.2526500789625053e-06,-0.6797079993504497,0.6831062762534496,-2.3633962247801765e-08,0.34069442283545426,-1.2026902858764918e-09,0.02
3.0194201469421387,3.225880550965309e-06,-0.68273246297488,0.6861027718313674,-2.343945315560977e-08,0.3421997379087731,-1.1927920642731415e-09,0.02
3.029425621032715,3.1991721339685214e-06,-0.6857500221818023,0.6890924268388238,-2.3245388099831633e-08,0.3437016165632627,-1.182916438892799e-09,0.02
3.0394105911254883,3.17253770990771e-06,-0.6887592215497558,0.6920737993130404,-2.30518606814301e-08,0.3451993344166408,-1.1730681729219108e-09,0.02
3.049407482147217,3.14592605287469e-06,-0.6917658486628903,0.6950526233187854,-2.285849868969982e-08,0.3466957720251781,-1.163228325219972e-09,0.02
3.0594322681427,3.1193438900114677e-06,-0.6947691434780592,0.6980281458412401,-2.266535100448226e-08,0.3481905511054673,-1.1533993831951413e-09,0.02
3.0694613456726074,3.09279538457659e-06,-0.6977686356237253,0.7009999008585223,-2.247244787627869e-08,0.34968343754744696,-1.1435828862416012e-09,0.02
3.0795090198516846,3.0663155600138696e-06,-0.700760368095797,0.7039639679580446,-2.2280043787658322e-08,0.3511724618984656,-1.1337917845244883e-09,0.02
3.0896081924438477,3.0398158955524584e-06,-0.703754342111011,0.7069302558725437,-2.208749554107282e-08,0.35266260189480153,-1.1239933468650361e-09,0.02
3.09952974319458,3.013514905845294e-06,-0.7067258695381724,0.7098743047687601,-2.1896390877881634e-08,0.3541415699309038,-1.114268370595891e-09,0.02
3.1094610691070557,2.98731550386349e-06,-0.7096859194234036,0.7128069822590316,-2.1706024357560933e-08,0.3556148254443846,-1.1045809571040163e-09,0.02
3.119433641433716,2.961070124205341e-06,-0.7126511639392482,0.7157448063437394,-2.1515323760521063e-08,0.3570906663934117,-1.0948765430423398e-09,0.02
3.129417657852173,2.9348913218219513e-06,-0.7156088864492606,0.7186751779806704,-2.132510691819198e-08,0.3585627635418291,-1.0851967463971298e-09,0.02
3.1394600868225098,2.908699623961986e-06,-0.718568065910618,0.7216069930961168,-2.113479637651032e-08,0.36003558583397216,-1.0755121815585906e-09,0.02
3.1494140625,2.882682076427916e-06,-0.7215075695926375,0.7245193143795655,-2.0945751222167515e-08,0.3614986152335913,-1.065892010030168e-09,0.02
3.1594159603118896,2.8566597100207107e-06,-0.7244476177185676,0.7274321750723023,-2.0756671053586166e-08,0.3629619156100602,-1.0562700566894486e-09,0.02
3.1694276332855225,2.830675263859677e-06,-0.7273833815550926,0.7303407910936359,-2.0567866415924133e-08,0.36442308363969983,-1.046662124626949e-09,0.02
3.179410696029663,2.8048031791093024e-06,-0.7303064506216778,0.7332368297370566,-2.037987820341487e-08,0.3658779333164293,-1.0370957389877738e-09,0.02
3.18942928314209,2.7789362934924667e-06,-0.7332289322819302,0.7361322864060527,-2.019192776814041e-08,0.3673324906333501,-1.0275312757648592e-09,0.02
3.1995086669921875,2.7530924722000994e-06,-0.7361488080983146,0.7390251613281353,-2.0004144919713765e-08,0.36878575098772143,-1.0179753407384359e-09,0.02
3.209348440170288,2.727542338796891e-06,-0.7390355025923468,0.7418851617646743,-1.9818496026159764e-08,0.37022249656430334,-1.0085279988784442e-09,0.02
3.2194321155548096,2.7017951703534636e-06,-0.7419444584169465,0.7447672176751379,-1.9631415463477823e-08,0.3716703218960473,-9.990078019239617e-10,0.02
3.2294344902038574,2.6761980703745502e-06,-0.7448364592690063,0.7476324754003533,-1.944542530779904e-08,0.37310970851636965,-9.895430938416623e-10,0.02
3.2394866943359375,2.650646753466594e-06,-0.7477232874772772,0.7504926083146388,-1.9259767814824305e-08,0.37454652064427574,-9.80095314372451e-10,0.02
3.249448299407959,2.625189546626777e-06,-0.750599482981161,0.7533422068480774,-1.9074794131587334e-08,0.37597804073624697,-9.706823327640625e-10,0.02
3.259439468383789,2.5998186611658286e-06,-0.7534659257590935,0.7561821428417026,-1.8890447664976754e-08,0.3774047067690516,-9.61301269093758e-10,0.02
3.2695717811584473,2.5742996987567397e-06,-0.7563490985048953,0.7590386540965852,-1.8705025261847595e-08,0.37883969952551266,-9.51865452928483e-10,0.02
3.279444456100464,2.549241996264495e-06,-0.759180157375546,0.7618435333876457,-1.8522954402596955e-08,0.3802487545252223,-9.426001908676408e-10,0.02
3.2894210815429688,2.5240861854554177e-06,-0.7620223006790466,0.7646593946107585,-1.8340170682079374e-08,0.3816633263920265,-9.332986525653485e-10,0.02
3.299440622329712,2.4989433673796717e-06,-0.7648629760429801,0.7674738014687448,-1.815748136758814e-08,0.3830771676461232,-9.240019184177561e-10,0.02
3.3094396591186523,2.4739097207965564e-06,-0.7676913170389592,0.7702759880180677,-1.7975585300102488e-08,0.38448486992408826,-9.147455511988202e-10,0.02
3.3194618225097656,2.4488960521648005e-06,-0.770517400894387,0.7730759382992385,-1.779383439368144e-08,0.3858914487937018,-9.054965709681703e-10,0.02
3.329448938369751,2.4240216647899453e-06,-0.7733277485330572,0.7758602978807737,-1.761309551372727e-08,0.3872901955425747,-8.962990909636784e-10,0.02
3.3394346237182617,2.3992124095328806e-06,-0.776130737442016,0.778637366780794,-1.743282988788147e-08,0.3886852797554972,-8.8712569401868e-10,0.02
3.3494293689727783,2.3744704370527584e-06,-0.7789261246363894,0.7814069042613732,-1.7253053142970178e-08,0.390076580495722,-8.779771753545522e-10,0.02
3.3594467639923096,2.349803171088436e-06,-0.7817130713704169,0.7841680793328635,-1.707381922035184e-08,0.39146368030852224,-8.68856279951046e-10,0.02
3.3693411350250244,2.325325095770638e-06,-0.7844786430458869,0.7869080770068383,-1.6895959968998186e-08,0.3928401414753226,-8.598053391221882e-10,0.02
3.379486083984375,2.300655524710791e-06,-0.7872658502132535,0.789669510103369,-1.6716709297409236e-08,0.3942273709091993,-8.506835913933699e-10,0.02
3.3894641399383545,2.2762540031977507e-06,-0.7900227727187482,0.792400938588621,-1.6539406290867544e-08,0.39559952727106495,-8.416609568732431e-10,0.02
3.399437427520752,2.2518870869600987e-06,-0.7927757854654818,0.7951284934697258,-1.636235472845671e-08,0.3969697376948975,-8.326511178975307e-10,0.02
3.4094314575195312,2.2276115871594424e-06,-0.7955184698385361,0.7978458154864618,-1.6185967403688527e-08,0.398334807552166,-8.23675080793546e-10,0.02
3.419447660446167,2.2033920040015587e-06,-0.7982548366608259,0.8005568783725617,-1.60099863728014e-08,0.39969673308185333,-8.147197192622329e-10,0.02
3.42942476272583,2.179307549371937e-06,-0.8009759364482096,0.8032528154022242,-1.5834987194390873e-08,0.4010510600087394,-8.058143224564017e-10,0.02
3.4394354820251465,2.1552670552882232e-06,-0.8036920695035679,0.8059438316285974,-1.5660307436101528e-08,0.40240291492818503,-7.969251803721797e-10,0.02
3.4494495391845703,2.1312587140188806e-06,-0.8064045698830905,0.8086312487714871,-1.548586130220539e-08,0.4037529618173909,-7.880479270176297e-10,0.02
3.4593372344970703,2.107544651522826e-06,-0.8090838221812371,0.8112857252871485,-1.5313553416583536e-08,0.4050864607019688,-7.792794853130828e-10,0.02
3.469451904296875,2.0836679758703463e-06,-0.8117814467710621,0.813958404200857,-1.514006397342963e-08,0.4064291037162269,-7.70450916248125e-10,0.02
3.47942852973938,2.060000442984731e-06,-0.8144554420802079,0.81660767234034,-1.496809417491517e-08,0.40775998612867426,-7.616996791948999e-10,0.02
3.4894258975982666,2.03639780465459e-06,-0.8171221054998086,0.8192496763902759,-1.4796595904366189e-08,0.40908721936387277,-7.529724373608288e-10,0.02
3.4994256496429443,2.012886387229393e-06,-0.8197784626372505,0.8218814694630773,-1.4625760450711536e-08,0.4104093230277456,-7.442789250991313e-10,0.02
3.5094919204711914,1.9893984881818702e-06,-0.8224321626311751,0.8245106299636978,-1.4455095883084145e-08,0.41173010419656303,-7.355941089232965e-10,0.02
3.519458532333374,1.9660773602066944e-06,-0.8250670205655023,0.8271211226424254,-1.4285643084670222e-08,0.4130415074260674,-7.269709575265829e-10,0.02
3.529419183731079,1.9428887159136948e-06,-0.8276869102838185,0.82971678552035,-1.4117152921113101e-08,0.41434546077883994,-7.18396792904875e-10,0.02
3.5394375324249268,1.919718918337012e-06,-0.8303046706703082,0.8323103387569649,-1.3948799698994855e-08,0.41564835433533365,-7.098295969893249e-10,0.02
3.549433946609497,1.896643256688327e-06,-0.8329117954307231,0.8348933547180628,-1.3781130474513744e-08,0.41694595440173043,-7.01297208496463e-10,0.02
3.5594289302825928,1.8736997694061242e-06,-0.8355039869221036,0.8374615755021699,-1.361442163738194e-08,0.4182361219849623,-6.928136924069495e-10,0.02
3.569446325302124,1.8508154164159636e-06,-0.8380894973276145,0.8400231769822449,-1.344814247377534e-08,0.4195229643044401,-6.843520416385968e-10,0.02
3.579453945159912,1.8280077912516926e-06,-0.8406663389019674,0.8425761897942268,-1.3282420819429316e-08,0.42080549203335554,-6.759187615245151e-10,0.02
3.5894317626953125,1.8053729914953936e-06,-0.8432236543883054,0.8451098570812969,-1.3117954925484296e-08,0.42207830137307495,-6.675493848228124e-10,0.02
3.599431276321411,1.7827900558914193e-06,-0.8457751101806611,0.8476377188605858,-1.2953865879767116e-08,0.4233481942665175,-6.591991852568825e-10,0.02
3.6094248294830322,1.7603053942306358e-06,-0.8483154628274386,0.8501545801681357,-1.2790490898768523e-08,0.4246125609792962,-6.508853231739163e-10,0.02
3.6194515228271484,1.7378932763880695e-06,-0.8508476193588645,0.8526633211520657,-1.2627643025764778e-08,0.4258728483783474,-6.425982846789017e-10,0.02
3.6294257640838623,1.715647721171198e-06,-0.8533609573813253,0.8551534176469558,-1.2466005407387887e-08,0.427123769559543,-6.343728338883901e-10,0.02
3.6394357681274414,1.6934462996997645e-06,-0.8558693091034039,0.857638573951154,-1.2304688467610967e-08,0.42837220899387124,-6.261637018612339e-10,0.02
3.6494500637054443,1.6713348036965835e-06,-0.8583675009038109,0.860113664285269,-1.2144024932003011e-08,0.4296155917024011,-6.179878204096067e-10,0.02
3.6594393253326416,1.6493895778792037e-06,-0.8608469072355744,0.8625701428651332,-1.1984569526135047e-08,0.43084962463767534,-6.098734185307713e-10,0.02
3.66945743560791,1.6274852293410296e-06,-0.8633216951876629,0.8650220457727485,-1.1825411137176387e-08,0.4320813589450266,-6.017741313139554e-10,0.02
3.679426431655884,1.6057529956445537e-06,-0.8657770373326381,0.8674546826939744,-1.1667503345599024e-08,0.4333034148200356,-5.937384847726323e-10,0.02
3.689417839050293,1.5840979815301266e-06,-0.8682236550870666,0.869878675901491,-1.151015663641375e-08,0.43452112845184837,-5.857313907158851e-10,0.02
3.6996428966522217,1.5623348623328932e-06,-0.8706824867247805,0.872314770047157,-1.1352024428824454e-08,0.4357449210929985,-5.776843240430279e-10,0.02
3.7094552516937256,1.5410671672593771e-06,-0.8730853445612002,0.8746954079966557,-1.1197492004412687e-08,0.43694085484170947,-5.698204439308279e-10,0.02
3.7193386554718018,1.5197803553786672e-06,-0.8754903622447412,0.8770781858205755,-1.1042820676064559e-08,0.43813786357456025,-5.619494952444638e-10,0.02
3.729428768157959,1.4985019688210693e-06,-0.8778944280219474,0.8794600205407,-1.0888210566649774e-08,0.4393343985311875,-5.540816618806888e-10,0.02
3.7394537925720215,1.4773389417367238e-06,-0.8802854603033585,0.8818289422893479,-1.0734438666501158e-08,0.4405244465466197,-5.46256483495007e-10,0.02
3.749415397644043,1.4563780374098098e-06,-0.8826536564358625,0.8841752390612349,-1.0582135403157165e-08,0.4417031287122896,-5.385060414231053e-10,0.02
3.7594268321990967,1.435467109883558e-06,-0.8850162061103608,0.8865159415894656,-1.0430195274423859e-08,0.44287900056201535,-5.307740786253997e-10,0.02
3.7694530487060547,1.4146362161303195e-06,-0.8873697134425648,0.8888476853924266,-1.027883667617309e-08,0.44405037191980457,-5.230717088792095e-10,0.02
3.7794291973114014,1.393987073193108e-06,-0.8897026862800312,0.8911590845887677,-1.0128798690905657e-08,0.4452115229911927,-5.154365427779173e-10,0.02
3.789473295211792,1.3733947897500027e-06,-0.892029235041898,0.8934641191147018,-9.979173850336996e-09,0.44636947671619703,-5.078224008752207e-10,0.02
3.799433946609497,1.3529774008103621e-06,-0.8943360239460675,0.8957495765077746,-9.830819804348736e-09,0.4475175957017792,-5.002729274475411e-10,0.02
3.8094494342803955,1.3326313576618011e-06,-0.8966347520898869,0.8980270476805641,-9.682984161413956e-09,0.44866170274158707,-4.927498346288372e-10,0.02
3.8194236755371094,1.3124289589534734e-06,-0.8989172510575927,0.9002884397528925,-9.536192248113548e-09,0.44979773230834025,-4.852798553540735e-10,0.02
3.829648017883301,1.2922015345692256e-06,-0.9012025774657566,0.9025526331195599,-9.389218496660987e-09,0.4509351691291619,-4.778006226592992e-10,0.02
3.8394577503204346,1.272376084916304e-06,-0.9034424881328222,0.9047718307169711,-9.245165519160169e-09,0.4520500019420897,-4.704700229538715e-10,0.02
3.849456787109375,1.2525080716867062e-06,-0.9056872077001196,0.9069957927453918,-9.100803272005404e-09,0.4531672282075116,-4.6312368506605133e-10,0.02
3.8594508171081543,1.23276596324908e-06,-0.9079177023448296,0.9092056613929943,-8.95735585707299e-09,0.4542773745430528,-4.5582390136222687e-10,0.02
3.8694510459899902,1.2131510252099568e-06,-0.910133829076724,0.9114012949918205,-8.814832470340458e-09,0.4553803697806079,-4.485711398093315e-10,0.02
3.8794546127319336,1.193636251206567e-06,-0.9123386391173947,0.9135857165479777,-8.67303688185907e-09,0.45647773255304047,-4.4135541461443474e-10,0.02
3.8894388675689697,1.1742892445702212e-06,-0.9145244945355167,0.9157513587601912,-8.532460301731758e-09,0.4575656613621081,-4.3420172258564357e-10,0.02
3.899513006210327,1.1550044015140653e-06,-0.9167033266140016,0.9179100425795198,-8.392335406129916e-09,0.45865009456324857,-4.2707101597865137e-10,0.02
3.9094855785369873,1.135925580364084e-06,-0.9188588820115855,0.920045664963814,-8.253707478795338e-09,0.4597229426560961,-4.2001648742316183e-10,0.02
3.9194741249084473,1.1168954685983698e-06,-0.9210089341458733,0.9221758349750007,-8.11543347694334e-09,0.4607930517028777,-4.129799695057257e-10,0.02
3.929443597793579,1.0980599567546476e-06,-0.9231370000731033,0.9242842220916299,-7.978573450495447e-09,0.46185221792706366,-4.060154062806579e-10,0.02
3.939445972442627,1.0793277398512028e-06,-0.9252533955745608,0.9263810467021216,-7.842463971650179e-09,0.46290557562781903,-3.9908903708760623e-10,0.02
3.9494802951812744,1.060671023343478e-06,-0.9273612609218629,0.9284694200391383,-7.706903083479831e-09,0.4639546877593686,-3.921905846978703e-10,0.02
3.959439754486084,1.0422441699582928e-06,-0.9294431559699207,0.9305320632314066,-7.573012395370457e-09,0.46499087413357226,-3.8537712581738026e-10,0.02
3.969472646713257,1.0238585006949536e-06,-0.9315203979707359,0.9325900964044394,-7.4394209537085475e-09,0.46602474462535154,-3.785788950561394e-10,0.02
3.9794414043426514,1.0056643996128034e-06,-0.9335759962953657,0.9346266860463097,-7.307221458629346e-09,0.46704784277662686,-3.7185149797974223e-10,0.02
3.989455461502075,9.875630694430773e-07,-0.9356211132155399,0.9366528912081526,-7.175696042897328e-09,0.46806572419592063,-3.651584036019058e-10,0.02
3.9995901584625244,9.694547795667025e-07,-0.937667016454382,0.9386798754173586,-7.044120057494365e-09,0.46908399697629205,-3.584627358234954e-10,0.02
4.00931978225708,9.518789818973349e-07,-0.9396527578812355,0.940647254147389,-6.916413194318566e-09,0.4700723264365676,-3.519639607907321e-10,0.02
4.019338369369507,9.341710544341651e-07,-0.9416534275412317,0.9426294230650868,-6.7877462676613784e-09,0.47106808587357896,-3.4541632983568204e-10,0.02
4.029433012008667,9.165771878075716e-07,-0.943641210427459,0.944598824376555,-6.659908114293708e-09,0.4720574313948651,-3.3891087367866447e-10,0.02
4.039448261260986,8.991624791054697e-07,-0.9456087517679366,0.9465481713214111,-6.53337173379464e-09,0.47303670243429013,-3.3247166242663e-10,0.02
4.049442291259766,8.818817080260743e-07,-0.9475611606239022,0.9484825257159992,-6.407808552576679e-09,0.4740084418384034,-3.260819755543566e-10,0.02
4.059444427490234,8.647545756042613e-07,-0.9494962111412666,0.9503996822893147,-6.28336171961168e-09,0.4749715417705346,-3.197490976583104e-10,0.02
4.069438457489014,8.47753357017757e-07,-0.951417035714313,0.9523027444695298,-6.159829784578507e-09,0.47592756126425645,-3.1346277729009743e-10,0.02
4.079509258270264,8.308716730278784e-07,-0.9533243550795205,0.9541924263282752,-6.037166395523328e-09,0.47687685903953403,-3.0722065568126453e-10,0.02
4.089510679244995,8.14152612242106e-07,-0.9552133010178464,0.956063904664268,-5.91568463700732e-09,0.477817012120126,-3.010386651480436e-10,0.02
4.099445819854736,7.975874832244868e-07,-0.9570848555014755,0.9579181523691261,-5.795321356504276e-09,0.4787485092464222,-2.949135919707477e-10,0.02
4.10942816734314,7.81184673279725e-07,-0.9589380709194527,0.9597542305947137,-5.6761374967034005e-09,0.47967087878006587,-2.888485374143918e-10,0.02
4.1194257736206055,7.648997160601871e-07,-0.9607779711500826,0.9615771167621513,-5.557809962296024e-09,0.48058662117094736,-2.828270597336144e-10,0.02
4.129440069198608,7.487533420072132e-07,-0.9626022140353057,0.9633844903719593,-5.440489381986754e-09,0.48149457069639034,-2.768568241551736e-10,0.02
4.139427185058594,7.327636954526876e-07,-0.9644087495998,0.9651743204055006,-5.324307593644527e-09,0.4823937070568854,-2.709445396736345e-10,0.02
4.149428367614746,7.16909550592303e-07,-0.9661999759685168,0.966948982811606,-5.209110369225903e-09,0.4832852238305624,-2.650823578982915e-10,0.02
4.159463405609131,7.011850275932603e-07,-0.9679765574542682,0.9687091357600045,-5.094854985491964e-09,0.48416945165459,-2.592681047195347e-10,0.02
4.169445514678955,6.85650949677373e-07,-0.9697316221532271,0.9704479708932524,-4.9819833878390115e-09,0.485042970292623,-2.5352426995221e-10,0.02
4.179433345794678,6.70245603120905e-07,-0.9714721425795364,0.9721723962487381,-4.870047160427182e-09,0.4859092500560757,-2.478280345121115e-10,0.02
4.189432382583618,6.549925464131712e-07,-0.9731954570578023,0.9738797747643115,-4.759217480737456e-09,0.4867669661943185,-2.4218810931666447e-10,0.02
4.199328422546387,6.399345290804637e-07,-0.9748967356789116,0.9755653211943567,-4.649804969545525e-09,0.48761371479846255,-2.366203013044407e-10,0.02
4.209522724151611,6.249256930242527e-07,-0.9765924577215939,0.9772453624291831,-4.5407498126351016e-09,0.48845769782090326,-2.3107067841574878e-10,0.02
4.219442844390869,6.101417123297245e-07,-0.9782627752497761,0.9789002340720383,-4.4333284690769426e-09,0.4892890366844596,-2.2560419738143882e-10,0.02
4.229458570480347,5.954808856072901e-07,-0.9799191786473529,0.9805413202520785,-4.326801970109021e-09,0.4901134503033665,-2.2018325339609109e-10,0.02
4.2394678592681885,5.809845864091658e-07,-0.9815569934649385,0.9821639897458365,-4.221470938591934e-09,0.4909286121430732,-2.148231446221701e-10,0.02
4.249437093734741,5.666659759011651e-07,-0.983174732733198,0.9837667693343914,-4.117431004393095e-09,0.49173378211950813,-2.0952873749347107e-10,0.02
4.259425163269043,5.524966452674623e-07,-0.9847756061250879,0.9853528390099716,-4.0144757472507865e-09,0.4925305577288497,-2.042895276501661e-10,0.02
4.26943826675415,5.384634167585014e-07,-0.9863611024836011,0.9869236738478298,-3.912509416798982e-09,0.49331967998771353,-1.9910064252650264e-10,0.02
4.279442310333252,5.245951739761438e-07,-0.9879279584937033,0.9884760407097025,-3.8117418831249895e-09,0.4940995247015581,-1.9397276203779107e-10,0.02
4.289438724517822,5.108929096139846e-07,-0.9894760619993018,0.9900098284766357,-3.7121803592035564e-09,0.49487003604883023,-1.8890625323948326e-10,0.02
4.299439430236816,4.973521414664386e-07,-0.9910059194070748,0.9915255388724252,-3.6137922770439845e-09,0.4956314660747519,-1.8389945880448106e-10,0.02
4.30943751335144,4.83971168026388e-07,-0.9925177229559884,0.9930233623583511,-3.5165652733873495e-09,0.496383910459169,-1.7895174958853785e-10,0.02
4.319497585296631,4.707267935333755e-07,-0.9940140933397563,0.9945058953938517,-3.4203308063636326e-09,0.4971286735555934,-1.74054548795781e-10,0.02
4.32960057258606,4.5762022723107087e-07,-0.9954948939361156,0.9959730026200477,-3.325097662414195e-09,0.4978656873653393,-1.692083035525769e-10,0.02
4.339496612548828,4.447941588278101e-07,-0.9969440034360731,0.9974087118061219,-3.2319026340307373e-09,0.49858692810222754,-1.6446577438401995e-10,0.02
4.349435806274414,4.3207795997963325e-07,-0.9983806996998758,0.998832122544648,-3.1395059248190315e-09,0.49930199060924985,-1.597638702576303e-10,0.02
4.35943341255188,4.195094035978226e-07,-0.9998007150842475,1.0002390066564206,-3.0481819951537013e-09,0.500008750824573,-1.5511655797351395e-10,0.02
4.369449853897095,4.0708625441958136e-07,-1.0012043021327153,1.0016296143496273,-2.9579146034731875e-09,0.5007073344424109,-1.505230110275014e-10,0.02
4.379440784454346,3.948716637037764e-07,-1.0025843259161429,1.0029968766737827,-2.8691626108389906e-09,0.5013941903152843,-1.4600658004254238e-10,0.02
4.389458894729614,3.8278199753304184e-07,-1.0039502355268286,1.0043501553428316,-2.7813183278908535e-09,0.5020740213799226,-1.4153634078837978e-10,0.02
4.399430990219116,3.709035846807718e-07,-1.0052922774033763,1.0056797869892407,-2.6950090249842607e-09,0.5027419731613473,-1.3714421393727688e-10,0.02
4.409444093704224,3.59177517215472e-07,-1.006617107057083,1.0069923655789648,-2.6098066733441224e-09,0.5034013581945135,-1.3280841786647752e-10,0.02
4.419459819793701,3.476171903180335e-07,-1.0079232110792191,1.0082863916981808,-2.525808603206358e-09,0.504051423236117,-1.2853390553850584e-10,0.02
4.429455757141113,3.3622937586224883e-07,-1.0092098243727703,1.0095611073249369,-2.4430640194364263e-09,0.5046917874873749,-1.243231809014105e-10,0.02
4.439608573913574,3.249454439517913e-07,-1.0104847008520008,1.0108241946709204,-2.3610742528447553e-09,0.5053263101727541,-1.2015086756743903e-10,0.02
4.449554920196533,3.1391284014969154e-07,-1.01173118188393,1.0120591491501094,-2.2809106522655794e-09,0.5059467000729045,-1.1607148457246828e-10,0.02
4.459493637084961,3.031000780853811e-07,-1.0129528248485185,1.013269495246394,-2.202344435728716e-09,0.5065547277423249,-1.1207338960911788e-10,0.02
4.469446897506714,2.924355590508117e-07,-1.0141577190810755,1.0144632474907762,-2.1248553624699266e-09,0.50715441934892,-1.0813010855058145e-10,0.02
4.479435682296753,2.819276373569532e-07,-1.0153449206983312,1.015639470728334,-2.048504135443766e-09,0.5077453051096505,-1.042447304622056e-10,0.02
4.48945689201355,2.7157155574729346e-07,-1.0165149671826519,1.0167986974711871,-1.97325618812201e-09,0.5083276525365149,-1.0041549631487456e-10,0.02
4.499432802200317,2.6143336196177197e-07,-1.0176603963558877,1.0179335345459974,-1.899591427581791e-09,0.5088977476059227,-9.666682772582364e-11,0.02
4.50942587852478,2.514585667485466e-07,-1.0187873644999168,1.0190500813058132,-1.827113931455272e-09,0.5094586543798227,-9.29785769102365e-11,0.02
4.519421339035034,2.4165950561229355e-07,-1.019894477929906,1.020146956953587,-1.755913330303616e-09,0.5100096792030591,-8.935530500788661e-11,0.02
4.529461145401001,2.3201683233711967e-07,-1.0209839224119337,1.0212263270430184,-1.6858490532922963e-09,0.5105519099599752,-8.578985861912802e-11,0.02
4.539475202560425,2.2256401775643813e-07,-1.0220519163582875,1.0222844449557758,-1.6171643016246406e-09,0.5110834645049445,-8.229461382046083e-11,0.02
4.549449443817139,2.133338518176657e-07,-1.0230947551088325,1.0233176402897344,-1.5500973291430853e-09,0.5116024989802002,-7.888169492599116e-11,0.02
4.559475421905518,2.0425825710672825e-07,-1.024120130157514,1.024333533413481,-1.484153481029231e-09,0.5121128415428011,-7.552592983216993e-11,0.02
4.56946587562561,1.9536687439716843e-07,-1.025124692642843,1.02532880643337,-1.4195481290279038e-09,0.5126128254206173,-7.223827842387346e-11,0.02
4.579431533813477,1.866792796616735e-07,-1.0261062308404552,1.0263012680774595,-1.3564235134011366e-09,0.5131013498095267,-6.902597905494036e-11,0.02
4.589461326599121,1.781517724606447e-07,-1.0270696820951535,1.027255810033568,-1.2944621039767154e-09,0.5135808720905654,-6.587287317990237e-11,0.02
4.599450349807739,1.6981931881663848e-07,-1.0280110958903905,1.0281885183166608,-1.233917966097364e-09,0.5140494260400175,-6.279188973198179e-11,0.02
4.609434604644775,1.6168649931563827e-07,-1.0289299547043156,1.0290988801905538,-1.1748243825920163e-09,0.514506754080494,-5.978472241512038e-11,0.02
4.619426488876343,1.537393161442258e-07,-1.0298278400320338,1.029988462525832,-1.1170796444585375e-09,0.5149536433427778,-5.6846195439176215e-11,0.02
4.629417896270752,1.459738986375396e-07,-1.0307051891873846,1.0308576985923739,-1.0606556271999896e-09,0.5153903114836823,-5.3974877598541855e-11,0.02
4.639416694641113,1.3840024344333742e-07,-1.0315608727332897,1.031705469397316,-1.005624967094443e-09,0.5158161963676124,-5.117446522416499e-11,0.02
4.649420976638794,1.310142696843883e-07,-1.0323953517337143,1.0325322317410386,-9.51958012228536e-10,0.5162315274721299,-4.8443449382934175e-11,0.02
4.659424066543579,1.23819345392918e-07,-1.0332082456630491,1.0333376086167572,-8.996792349385392e-10,0.5166361154046654,-4.5783075428497723e-11,0.02
4.669414758682251,1.1682567685906998e-07,-1.033998401398487,1.0341204575649081,-8.488627947774322e-10,0.5170293862409274,-4.319711720855206e-11,0.02
4.679423093795776,1.1001700673032268e-07,-1.0347676557214358,1.0348825983816767,-7.993905647883125e-10,0.5174122541710282,-4.0679563452448403e-11,0.02
4.689444065093994,1.0340134695116564e-07,-1.0355151034297316,1.0356231342355524,-7.513207602691661e-10,0.5177842686640203,-3.823337663311677e-11,0.02
4.699442386627197,9.698700318187285e-08,-1.0362398061367366,1.0363411354174163,-7.047137306755646e-10,0.51814496267261,-3.586162782696793e-11,0.02
4.709436655044556,9.077160663167457e-08,-1.03694203147218,1.0370368670821521,-6.595522642231367e-10,0.5184944693996113,-3.356344115692216e-11,0.02
4.719480991363525,8.474057951288368e-08,-1.037623426457577,1.0377119610208145,-6.157304377798702e-10,0.5188336085891577,-3.1333426383263936e-11,0.02
4.729431867599487,7.893404792010282e-08,-1.0382794575832774,1.038361925646363,-5.735398101000056e-10,0.5191601238542468,-2.918642041221321e-11,0.02
4.739448070526123,7.330522631363248e-08,-1.0389154107535745,1.038991997982881,-5.326404344778343e-10,0.5194766460585282,-2.7105123960799782e-11,0.02
4.749430418014526,6.788845212118485e-08,-1.0395274064715614,1.0395983344082356,-4.932818088460187e-10,0.5197812443256888,-2.5102233534872858e-11,0.02
4.759426832199097,6.266757750580643e-08,-1.0401172691454037,1.040182742459789,-4.5534660199471734e-10,0.5200748266875168,-2.3171778357937402e-11,0.02
4.769427299499512,5.764734124431541e-08,-1.0406844633805996,1.0407446916939793,-4.188692461775264e-10,0.5203571266711712,-2.1315510626110935e-11,0.02
4.7794389724731445,5.283037068438864e-08,-1.041228692335252,1.0412838880138882,-3.838688318696906e-10,0.5206279965345604,-1.9534401819710897e-11,0.02
4.789445877075195,4.8214720562214574e-08,-1.0417501757883436,1.0418005491661413,-3.5033122466071527e-10,0.5208875456645562,-1.7827732663736794e-11,0.02
4.79943323135376,4.380849964570415e-08,-1.0422479975984476,1.042293767481124,-3.183153433736914e-10,0.5211353180855974,-1.6198501432259036e-11,0.02
4.8094398975372314,3.960589596078641e-08,-1.042722814411589,1.0427641935326746,-2.877789578355615e-10,0.5213716406189927,-1.4644559106913678e-11,0.02
4.819449424743652,3.560918235098397e-08,-1.0431743694383113,1.0432115729059392,-2.5873858267185186e-10,0.5215963854572732,-1.3166746087606583e-11,0.02
4.829457521438599,3.1820484043315186e-08,-1.0436024225671032,1.0436356677097842,-2.3120965991717627e-10,0.5218094330938019,-1.1765848192003803e-11,0.02
4.839441299438477,2.8241668353357538e-08,-1.0440067628256968,1.04403626892286,-2.0520575760523033e-10,0.5220106785249237,-1.0442555873198453e-11,0.02
4.849419116973877,2.4874731547896796e-08,-1.0443871646727125,1.0444131530894298,-1.8074138073735943e-10,0.5222000094957463,-9.197607264899007e-12,0.02
4.859479188919067,2.170811744124556e-08,-1.044744933744292,1.0447676137720592,-1.577325613337645e-10,0.5223780758384411,-8.026729386021193e-12,0.02
4.869431734085083,1.8759391616977427e-08,-1.0450780854530128,1.0450976847353515,-1.3630693204132634e-10,0.522543889797911,-6.936417234861931e-12,0.02
4.879422903060913,1.6021701477901266e-08,-1.045387394016147,1.0454041330371784,-1.1641470145324122e-10,0.5226978367122107,-5.9241370153257125e-12,0.02
4.889444351196289,1.3492658009795305e-08,-1.0456731293483015,1.045687226096172,-9.803851084027404e-11,0.5228400509213673,-4.98900537257002e-12,0.02
4.899427175521851,1.1182802633380822e-08,-1.045934100463085,1.0459457839393205,-8.125495483555251e-11,0.5229699396558892,-4.1349200711843325e-12,0.02
4.909453630447388,9.083379144632147e-09,-1.046171296650282,1.046180786708173,-6.600041030394622e-11,0.5230879952982309,-3.358643443030957e-12,0.02
4.919454574584961,7.1993556508499534e-09,-1.0463841566052692,1.0463916782886447,-5.231097582897115e-11,0.5231939384797458,-2.6620124807921316e-12,0.02
4.929436445236206,5.534729130780483e-09,-1.0465722287430648,1.0465780112716838,-4.0215693712246096e-11,0.5232875444406866,-2.046505095522456e-12,0.02
4.939460039138794,4.084818912334398e-09,-1.0467360418934066,1.0467403095967949,-2.9680553892841845e-11,0.523369076386525,-1.5103905757348788e-12,0.02
4.9494476318359375,2.854335725549422e-09,-1.046875063830562,1.0468780459598823,-2.073978483468614e-11,0.5234382694215581,-1.0554107470557826e-12,0.02
4.959399700164795,1.8428118135701708e-09,-1.0469893474024403,1.046991272720157,-1.3389987786711438e-11,0.5234951498488815,-6.813926530906494e-13,0.02
4.969477415084839,1.0491935639533818e-09,-1.047079011647843,1.047080107815635,-7.623507133916519e-12,0.5235397769156619,-3.8794671321438345e-13,0.02
4.979456663131714,4.781322149830121e-10,-1.0471435310625097,1.0471440306015387,-3.474139069378824e-12,0.5235718890715612,-1.7679275555726882e-13,0.02
4.989526033401489,1.273702083270955e-10,-1.0471831607089521,1.0471832937817471,-9.254800307438657e-13,0.5235916132645249,-4.709603201886236e-14,0.02
5.001144647598267,5.575476265027267e-13,-1.0471974882039847,1.0471974887864948,-4.0511765011034384e-15,0.523598744246052,-2.061571636210458e-16,0.02
7.911111354827881,3.6096988535192336e-06,-1.0652572436766499,1.0755962816525928,1.4802292671706836e-05,0.5237780536519455,1.7548149280366445e-05,0.02
7.921586751937866,4.561800425205962e-06,-1.0738186395660805,1.0881201469422856,2.148471625597743e-05,0.523621189568163,2.5328122161830136e-05,0.02
7.9307427406311035,4.857699923154646e-06,-1.0778510874046314,1.0936792094334744,2.4318827917187237e-05,0.523466595613479,2.8569737821962063e-05,0.02
7.941122055053711,5.167872235651178e-06,-1.079687028522683,1.0961627125681301,2.5160184951732796e-05,0.5233116387205459,2.9498083017681235e-05,0.02
7.950908422470093,5.497285449851478e-06,-1.0805150047549643,1.0972779808321464,2.5163856778910696e-05,0.5232000805865912,2.946964170059936e-05,0.02
7.961302757263184,6.384510270280272e-06,-1.0806406214630362,1.0978041489604773,2.3934083505172895e-05,0.52286278307262,2.8010701847841564e-05,0.02
7.97105073928833,7.046768122676053e-06,-1.0806536383661722,1.0980596142810604,2.2905100250174344e-05,0.5226421256059268,2.6801020089163063e-05,0.02
7.982164621353149,7.855385923493724e-06,-1.0805025347404775,1.0981988571625843,2.158231288236241e-05,0.5223595960733238,2.5251368557677964e-05,0.02
7.991252422332764,8.931368365178953e-06,-1.0801841668205279,1.098297684003891,1.979495078558045e-05,0.5219456321981704,2.3159857763577993e-05,0.02
8.001102209091187,1.0340531943797497e-05,-1.07969087204454,1.098393732026944,1.7439520028428143e-05,0.5213581370938749,2.040502899389467e-05,0.02
8.011541604995728,1.1244072000666054e-05,-1.0794026776940666,1.0984711900162742,1.5877914738714487e-05,0.5209922402564001,1.858586665490268e-05,0.02
8.021233558654785,1.2151813477658857e-05,-1.079099197495177,1.0985392938699303,1.4321028618192576e-05,0.5206205553405212,1.6770187716149506e-05,0.02
8.031013250350952,1.2854607072394505e-05,-1.0788758698549343,1.0985956467613407,1.3101676007752935e-05,0.5203404412852084,1.5349978471444973e-05,0.02
8.041470289230347,1.4225716255756769e-05,-1.0783458512513726,1.0986728620820323,1.0800598007838064e-05,0.5197343865980262,1.265834449405118e-05,0.02
8.050639867782593,1.5148318731720768e-05,-1.0780056147049704,1.0987459263623633,9.202860841869948e-06,0.5193207597599251,1.0796476555771329e-05,0.02
8.06107234954834,1.6092379485423965e-05,-1.0776464137588984,1.0988170243186501,7.578273079907184e-06,0.518890399689222,8.901509524959344e-06,0.02
8.07149338722229,1.755269544821007e-05,-1.0770464667839001,1.0989083653497183,5.106313631767114e-06,0.5182001723228611,6.0115452775336864e-06,0.02
8.081234693527222,1.970096570377609e-05,-1.0761253099844248,1.0990395578580412,1.4714314357124693e-06,0.5171497602047649,1.7603656980555493e-06,0.02
8.091206550598145,2.0967935797761537e-05,-1.0755867193667918,1.0991601610482153,-7.608132670575444e-07,0.5164897253564381,-8.379375201610303e-07,0.02
8.1012282371521,2.2331493830110844e-05,-1.0749909467375272,1.0992767311464569,-3.1326018774929857e-06,0.5157772653967392,-3.6038596820055104e-06,0.02
8.111221075057983,2.4230540945618404e-05,-1.074137976651132,1.0994134439519754,-6.394740204757684e-06,0.5147886920240499,-7.4153591020782526e-06,0.02
8.1216459274292,2.7367892764795065e-05,-1.0727019424821111,1.0996109899715978,-1.1759509212375942e-05,0.5131582548149658,-1.369040765906378e-05,0.02
8.13086462020874,2.934055220314412e-05,-1.0717771126974847,1.099802066214497,-1.5271088761041062e-05,0.5120414805256666,-1.7779413149269262e-05,0.02
8.141215324401855,3.119543564387853e-05,-1.0708863068216963,1.0999811813912976,-1.8569160839242516e-05,0.5109710217804658,-2.162207316365709e-05,0.02
8.151046991348267,3.3906489809953844e-05,-1.0695774310722688,1.1001869639277522,-2.3309972612929953e-05,0.5094580074734233,-2.7159811353881296e-05,0.02
8.161494016647339,3.772024393692272e-05,-1.0677260189927131,1.1004526561417662,-2.9990511342092752e-05,0.5073441050985935,-3.496692351576316e-05,0.02
8.171205997467041,3.987761012223057e-05,-1.0666229264045821,1.100696540453473,-3.3958732991769714e-05,0.5059952246123077,-3.9580012850788126e-05,0.02
8.181616306304932,4.2126679992662163e-05,-1.0654513962085854,1.1009238838752629,-3.804771226137069e-05,0.5045958009334608,-4.434277585039709e-05,0.02
8.191431760787964,4.50687379143943e-05,-1.0639234575822314,1.1011696637810715,-4.333840105013667e-05,0.5028234360341683,-5.0516863307086445e-05,0.02
8.201236248016357,4.961627535279541e-05,-1.0615895411916527,1.1014867704593336,-5.1491474609319814e-05,0.5001766659397845,-6.00417864179859e-05,0.02
8.211012363433838,5.2361732058551645e-05,-1.060091453470977,1.1017918722465305,-5.6663718039903255e-05,0.4983716689120898,-6.605402368893951e-05,0.02
8.221258163452148,5.479678387904694e-05,-1.0587152831632676,1.1020673900424578,-6.126654145407951e-05,0.4967186187839572,-7.140613664039522e-05,0.02
8.231313943862915,5.837576717763214e-05,-1.0567428490036077,1.1023646620327765,-6.789023255308345e-05,0.49445097002050004,-7.913173174349445e-05,0.02
8.24166750907898,6.34975994184618e-05,-1.0539557681799063,1.1027342469137964,-7.739245246095998e-05,0.49129891318237384,-9.022054440033625e-05,0.02
8.250824213027954,6.63079716165891e-05,-1.0522906078502852,1.1030842136725696,-8.293966539642707e-05,0.48928087273578375,-9.665479045497783e-05,0.02
8.271183013916016,7.048382924185722e-05,-1.0498889528047604,1.1034429024964547,-9.093033305599065e-05,0.48652251298581467,-0.0001059624144317762,0.02
8.281458854675293,7.798473267138552e-05,-1.0456910690878216,1.1039198714295326,-0.00010521378009917067,0.48185664572826314,-0.00012262579073909314,0.02
8.290659427642822,8.239418847058165e-05,-1.0430412908852214,1.1044106160797298,-0.00011419030370919914,0.47871333180212317,-0.00013303363209941102,0.02
8.301066637039185,8.642454586706399e-05,-1.0405391326874376,1.104858468709434,-0.000122463231871099,0.4757614051380392,-0.00014262737267200856,0.02
8.311443567276001,9.259184761399922e-05,-1.0367985660044081,1.1053352282804705,-0.0001348865729208952,0.47154874548298703,-0.0001570767150976953,0.02
8.32122802734375,0.00010114443032046179,-1.0315979050445467,1.1059158060402206,-0.00015235873386986828,0.46577620956997756,-0.00017739277291021338,0.02
8.331133842468262,0.00010566821554549892,-1.0285857667679854,1.1065014684023764,-0.0001624331390531653,0.4621726811470333,-0.00018901828626627243,0.02
8.341131210327148,0.0001099939194745023,-1.0256223441853605,1.1070115095056527,-0.0001720651281307977,0.4586963752724401,-0.0002001460453203638,0.02
8.351340293884277,0.00011567800519637759,-1.0217642766824901,1.107505579615771,-0.00018455268305855066,0.4543469024887664,-0.00021460532097360326,0.02
8.361668586730957,0.00012425761321391225,-1.0159798009047045,1.1080675285354962,-0.00020348703306953338,0.44801030710087436,-0.00023654264515236996,0.02
8.370942831039429,0.00012911394961063157,-1.0123931256297285,1.1086796792320204,-0.00021524718414783376,0.44380629809611255,-0.0002500619719835138,0.02
8.381259202957153,0.00013329998629292602,-1.0091639446586647,1.1092136439251792,-0.00022557109024773521,0.4400391776821961,-0.00026192339461285314,0.02
8.44136118888855,0.0001401071618660593,-1.0040731445887097,1.109713227174991,-0.00024180943792706367,0.43445519753264894,-0.0002806536706243884,0.02
8.451529741287231,0.0001442065247453598,-1.0007052339937617,1.1102554260290514,-0.0002525254960972732,0.4305404503317821,-0.0002929230753207897,0.02
8.471241474151611,0.00014998529777686983,-0.9960478028708492,1.1107373904696722,-0.00026719519532665965,0.42540460134767394,-0.0003097773505493894,0.02
8.481577157974243,0.00015816447864942703,-0.989406706565019,1.1112438766643975,-0.00028821119779696,0.4182674746597567,-0.00033391838043059013,0.02
8.491454124450684,0.00016791839184664842,-0.9811326062722783,1.1118338684441362,-0.00031448656899998797,0.4094155658346344,-0.00036401024673368395,0.02
8.50126838684082,0.00017474090145204788,-0.9748010383640104,1.1125599093246892,-0.0003348372969956958,0.4023551879325469,-0.00038714285233854934,0.02
8.511149883270264,0.0001812971134340266,-0.9683832158113161,1.1132205972521119,-0.00035516829983019946,0.39527580831115294,-0.0004102065353703096,0.02
8.521562099456787,0.000189436568616825,-0.960058476423578,1.113781676982417,-0.00038098613500575445,0.38639798865622177,-0.00043947407196580357,0.02
8.530717611312866,0.000193928873390732,-0.9548240439892632,1.1145031323670915,-0.0003976226305575428,0.38043238198637297,-0.0004581321067189648,0.02
8.541122198104858,0.00019766014905372035,-0.9502029965448536,1.1150988676131426,-0.0004120182343352409,0.37520830003218775,-0.00047424469842842677,0.02
8.561398267745972,0.00020336812407219148,-0.9431387918782743,1.1154665889720565,-0.0004331095247126322,0.36778352537387005,-0.0004979387124082717,0.02
8.571157932281494,0.00020627530500504212,-0.9389122380982577,1.1160323722155232,-0.0004461580130294158,0.3629822522802288,-0.0005124174550768535,0.02
8.581497192382812,0.00020931614914027408,-0.9344006412234304,1.116446403998186,-0.0004596315694946814,0.35805356141590405,-0.0005273884636667536,0.02
8.591295719146729,0.00021315268026952748,-0.9285902818818959,1.116722296780479,-0.00047651246510040855,0.35197144877224257,-0.0005461613024200116,0.02
8.60114312171936,0.00021851663582617918,-0.9200035343073059,1.1168421185905046,-0.0005009052576377019,0.34327892352239847,-0.0005732452999238464,0.02
8.611454725265503,0.00022445610392347548,-0.9091136630084148,1.1169212826676935,-0.0005314168029154972,0.33232669734897813,-0.0006069018984197508,0.02
8.621759176254272,0.00022947271736394333,-0.8977383677392411,1.1170995489576179,-0.0005629822935201255,0.32078343398815196,-0.0006413794497345944,0.02
8.63103199005127,0.00023292038437728324,-0.8873727449466301,1.1174219352738095,-0.0005915487924798233,0.31009613816486775,-0.0006722353638252274,0.02
8.651228904724121,0.00023607101191528752,-0.8750982018819402,1.117467910347455,-0.0006239643556436722,0.29778419428167296,-0.0007070067297690716,0.02
8.75124216079712,0.00023801145290973358,-0.8623630815201789,1.1174618346797698,-0.0006566463098330493,0.2850613128177997,-0.0007416438006585956,0.02
8.80131983757019,0.00023857013256008502,-0.8500606743860443,1.1174734290792023,-0.0006873919036334493,0.27274848292574416,-0.0007737794586496847,0.02
8.901955842971802,0.00023799549530161622,-0.8376492565309493,1.117367733089076,-0.0007172662347530395,0.26044376258231605,-0.0008045923554742908,0.02
9.001649141311646,0.00023626372976321417,-0.82396221596874,1.116959452630531,-0.0007485492923687335,0.24717079602911315,-0.00083642462928301,0.02
9.051659107208252,0.000233201948244396,-0.8104995614117675,1.1165252101893401,-0.0007781304003248903,0.23414422454818892,-0.0008659621464848961,0.02
9.10136103630066,0.00022911013810762837,-0.7978318660481262,1.116115718829078,-0.0008049009514791384,0.22188351935823583,-0.0008921535895680917,0.02
9.20131802558899,0.00022415610755263858,-0.7853492028618465,1.1155757537281215,-0.0008299967360286585,0.20993866083776738,-0.0009162322893708086,0.02
9.301720142364502,0.0002182888827248287,-0.7725924453529515,1.1148240327295558,-0.0008542292408076022,0.19793348726567692,-0.0009390085762254123,0.02
9.351317167282104,0.00021179873240068588,-0.7604608974994141,1.1140711338512328,-0.0008762018257208271,0.1865520429517967,-0.0009591413119330856,0.02
9.40144395828247,0.0002051056223295163,-0.7494341171434703,1.113399165641148,-0.0008953127082419185,0.17619117084317293,-0.0009761774916385999,0.02
9.411056280136108,0.00019997322733228198,-0.7429490391604012,1.1135626923844986,-0.0009069323029566414,0.16952121925156655,-0.0009860671189419465,0.02
9.431284427642822,0.000194810040794284,-0.7355893757075762,1.1131477905674425,-0.0009187974460085598,0.16256879031186916,-0.0009961797031597267,0.02
9.441139698028564,0.0001887768157950112,-0.7265258382007679,1.112159467695517,-0.0009322475264083831,0.15449620289229626,-0.0010075378292471646,0.02
9.451496362686157,0.0001812092508316614,-0.7152457536071788,1.110599188838147,-0.0009478710479822326,0.14478628713470407,-0.0010204481550343258,0.02
9.46126937866211,0.00017266537861403353,-0.7034683381001582,1.1089696027802658,-0.0009633917590454509,0.1346453012172744,-0.0010327745794009014,0.02
9.470674514770508,0.00016471872033628897,-0.6937971782420277,1.1079047733238134,-0.0009758232073562422,0.12603418225606106,-0.0010421160897043985,0.02
9.481472969055176,0.00015608005266326297,-0.6831085491876117,1.1064044105268298,-0.000988473371572271,0.1168470584166546,-0.001051331203342388,0.02
9.490744590759277,0.00014981774676150515,-0.6768766719750747,1.10609537802513,-0.0009961181973347966,0.11090779153475507,-0.0010564007192270279,0.02
9.50127387046814,0.0001446887235110057,-0.6717849882080993,1.105805750622698,-0.0010020192986967698,0.10609267665265142,-0.0010601666096619986,0.02
9.511429071426392,0.00013920022458460164,-0.6655731837826998,1.1049491211663367,-0.0010084224142770384,0.10073466282169535,-0.001064273451850323,0.02
9.521536350250244,0.00013194951465721126,-0.6566066308301048,1.103193424764521,-0.0010168199168105734,0.09353238829639811,-0.0010696057628723334,0.02
9.531203985214233,0.00012652667038504765,-0.6511734115604251,1.1026005767877536,-0.0010221559430535596,0.08868346536140305,-0.0010725915235827094,0.02
9.541622161865234,0.00012188873623164533,-0.6465552300465575,1.1020874838318158,-0.001026474778327433,0.08457074080616382,-0.0010748813050778141,0.02
9.551329374313354,0.0001185491814146737,-0.6435972134599172,1.1019436111488852,-0.0010292654351388227,0.08174644275608113,-0.001076194002649531,0.02
9.561161994934082,0.00011303377793482696,-0.6368252455459944,1.1004151224517154,-0.001034477536307301,0.07651121897206331,-0.0010789763286642422,0.02
9.571236610412598,0.0001091103574752381,-0.6330344458774206,1.099954022663617,-0.001037645590863228,0.0731751973842022,-0.0010803818719463815,0.02
9.591073989868164,0.00010433324339235472,-0.627625319783064,1.0988451718572088,-0.001041624959259954,0.06887721171765325,-0.0010822118685207428,0.02
9.601540803909302,9.749452616769988e-05,-0.6193116393483984,1.096792918527428,-0.0010472388155458848,0.06262721684462313,-0.0010847229514354122,0.02
9.61072564125061,9.245435325077289e-05,-0.6143703782171641,1.0960234884282598,-0.001050866401158993,0.0584495345292174,-0.0010860221864827642,0.02
9.621212244033813,8.793702146721633e-05,-0.6098673643937306,1.0952775245968365,-0.001053983449019763,0.05468767498171181,-0.001087038471312132,0.02
9.631448745727539,8.242449612764042e-05,-0.6036499477236613,1.0938386731477645,-0.001057740364849663,0.04991235516134395,-0.0010882199117984385,0.02
9.641291856765747,7.759316820932302e-05,-0.5986702242525109,1.0928611130116006,-0.0010607984970645305,0.04590759223686352,-0.0010889956154811753,0.02
9.651049137115479,7.43343114145512e-05,-0.5958803783602933,1.092590831608897,-0.0010627071706117307,0.04337905662317129,-0.001089349152625308,0.02
9.711125373840332,6.729272326798387e-05,-0.5870030902585978,1.0899759782467267,-0.0010668828992265547,0.03713233811930028,-0.0010901681135158468,0.02
9.761343240737915,5.9032956375610894e-05,-0.5772674567845719,1.0872635947587401,-0.0010712947072421116,0.030120282681384246,-0.0010905845572057149,0.02
9.771143436431885,4.942398113721259e-05,-0.5661107304337344,1.084132025933341,-0.00107583116010966,0.02210552757520693,-0.0010904075121631177,0.02
9.791521549224854,4.0724370689600636e-05,-0.556827387276631,1.0818038476341703,-0.0010794802198067978,0.015149418929085588,-0.001089726073379663,0.02
9.801124572753906,3.143185927663732e-05,-0.5464810079092414,1.0789608773685686,-0.0010827951442005505,0.007648460625855013,-0.0010883603074863552,0.02
9.810894012451172,2.4800274090098965e-05,-0.5402597094165404,1.0777344504275501,-0.0010850587711241971,0.0026415001703156836,-0.0010872416161245176,0.02
9.850759267807007,2.028126290849188e-05,-0.5364792207070145,1.0772444299128243,-0.0010865934221284113,-0.0006634407320739591,-0.0010864538364311273,0.02
9.861099481582642,1.6353180111450196e-05,-0.532737159523512,1.0764958432739191,-0.0010877465654629884,-0.0036651082001194417,-0.0010855797543177213,0.02
9.960877895355225,1.319997089396097e-05,-0.5297550355021312,1.0759047033556104,-0.0010886175609281805,-0.006062974392985336,-0.0010848158509692211,0.02
9.981104373931885,1.0026413538641877e-05,-0.5263651563632857,1.0750155664096515,-0.0010893219885814434,-0.008566296958067493,-0.0010838692750195376,0.02
10.03079104423523,7.291124246658971e-06,-0.5235451547786897,1.074311943277888,-0.0010898984182920214,-0.010685844370872733,-0.0010830166783980478,0.02
10.06135630607605,4.190195175979944e-06,-0.51996835149647,1.073227554936654,-0.0010903673039325626,-0.013177763540647678,-0.0010818603241260472,0.02
10.071128606796265,7.729827063035036e-08,-0.514835713872635,1.0714846062338879,-0.001090739709611437,-0.016562557298302343,-0.0010800673175769817,0.02
10.081479787826538,-5.968020162725618e-06,-0.5068987911784308,1.0686047020656968,-0.001090894880713815,-0.021608661817521628,-0.0010770178200480752,0.02
10.090687036514282,-1.0360193310912498e-05,-0.5022807200605337,1.0673255993261723,-0.001091187819527276,-0.024951505734551994,-0.0010749646603484923,0.02
10.10107159614563,-1.4250037493808176e-05,-0.4980914072681082,1.0661370719363528,-0.0010912705129968903,-0.027955889087465487,-0.0010729592099413068,0.02
10.11148738861084,-1.895946527423192e-05,-0.49223823861586463,1.064125669543239,-0.0010909106378948475,-0.0317950275606828,-0.0010700575045697765,0.02
10.131097555160522,-2.2149391203334803e-05,-0.4890852909203518,1.0633501857788774,-0.0010907977559056964,-0.0341787861110562,-0.0010682143230927828,0.02
10.14151406288147,-2.5417851100651348e-05,-0.4852905274688859,1.062155026084659,-0.001090339061369946,-0.036780222744078724,-0.0010659753650260797,0.02
10.151261568069458,-2.944375393008077e-05,-0.48005555979754083,1.0602596233208652,-0.0010894231623165026,-0.04011687167712914,-0.0010628555529507747,0.02
10.161158084869385,-3.5134089130444764e-05,-0.47207352922458934,1.0571290512129785,-0.0010876889131566669,-0.04495928457780107,-0.0010579846282132988,0.02
10.171510219573975,-3.927281038776692e-05,-0.4673977421132836,1.0556679369457678,-0.0010865718164924734,-0.048178074683692444,-0.0010545738130251837,0.02
10.191104412078857,-4.394690907488809e-05,-0.4612493737645009,1.0534053584186684,-0.0010846979449069764,-0.052062492838816296,-0.001050092279062635,0.02
10.201485633850098,-4.9628840244833285e-05,-0.45319422221249245,1.050221828037304,-0.0010818725564901634,-0.05692857284112701,-0.0010440727152083841,0.02
10.211251974105835,-5.3525968555911675e-05,-0.44879068460907084,1.0488661647757236,-0.00107996312780947,-0.05998301433013337,-0.0010399629685793126,0.02
10.22107195854187,-5.712144599992066e-05,-0.44423113597232666,1.0472839325958756,-0.001077608039394012,-0.06296386737494886,-0.0010355652406556957,0.02
10.251218795776367,-5.946582615598526e-05,-0.44175826601710294,1.0466458573660842,-0.0010757745729533328,-0.06480600347082217,-0.0010323964329884408,0.02
10.271307229995728,-6.243621091641354e-05,-0.4373450509800837,1.0448998061719614,-0.001072861944100089,-0.0674725816777415,-0.001027779090598748,0.02
10.281292200088501,-6.686312533976763e-05,-0.4299586934143716,1.0416650168665764,-0.001068381376849143,-0.0716165928199753,-0.0010207403527904262,0.02
10.291554927825928,-7.248927790012011e-05,-0.42046750945808786,1.0374596673957137,-0.0010624806924778264,-0.07689338863026476,-0.001011563568543455,0.02
10.301330089569092,-7.688960239220639e-05,-0.41409503200464565,1.0349675451575502,-0.001057597861165845,-0.08077638299046781,-0.0010041062799218622,0.02
10.311091184616089,-8.112915639407825e-05,-0.4073559049092588,1.0321842380395023,-0.001051932725497641,-0.08473327730500858,-0.0009959386962500184,0.02
10.351735830307007,-8.512679878281597e-05,-0.4006991652952221,1.0293817016107594,-0.001045732730876554,-0.08858860358023654,-0.0009873600783712139,0.02
10.382222414016724,-8.830567534352454e-05,-0.39558592627391637,1.0273451219743355,-0.0010398967282271737,-0.09166955707262615,-0.0009796210261356123,0.02
10.431102991104126,-9.154614363141741e-05,-0.3894931863187333,1.024668443094706,-0.0010329230599279299,-0.09508621939632954,-0.0009706870596901138,0.02
10.441507339477539,-9.524623746871376e-05,-0.38172950420503504,1.021035474826566,-0.0010242859475865168,-0.09921403498516017,-0.0009597894221198464,0.02
10.491146087646484,-9.86239574292476e-05,-0.37471351421316207,1.0178263038563875,-0.0010154950572494193,-0.10302105734027542,-0.000948919702307799,0.02
10.50151777267456,-0.00010226326442851722,-0.36617818331009555,1.0137101643910351,-0.0010048880154506156,-0.10743780116091987,-0.0009360445665599638,0.02
10.521116733551025,-0.0001058964539548583,-0.35711172412175357,1.0092748417306256,-0.0009930177952224522,-0.11206704485482999,-0.0009218833961464748,0.02
10.53209662437439,-0.0001095934707779352,-0.3468841764759691,1.0041255934012767,-0.0009792272608083572,-0.11714280586334655,-0.0009057259070541541,0.02
10.631360292434692,-0.00011303198058044399,-0.3364832384627142,0.9988286355378422,-0.0009641281083009145,-0.12224582555523458,-0.0008883875544057353,0.02
10.68151307106018,-0.0001159149846460165,-0.3267417652872605,0.9938462345507272,-0.0009483686947606016,-0.12700627647726803,-0.0008707093704105435,0.02
10.781379222869873,-0.00011827593448248262,-0.3170895436643775,0.9887980479667279,-0.0009314740940876005,-0.1316120664948904,-0.0008521915513705317,0.02
10.881190538406372,-0.00012015953149751188,-0.30722678268337095,0.9834952926586478,-0.0009131642344700935,-0.13617357806864816,-0.0008325253076573172,0.02
10.930835723876953,-0.00012093281578623461,-0.30197930535162626,0.9809815067110235,-0.0008982330899960147,-0.13891514856245846,-0.0008169789284699581,0.02
10.940706729888916,-0.00012089527818537953,-0.2982281122088304,0.9792083652173075,-0.0008841058519446068,-0.14090023986618294,-0.0008027488753097771,0.02
10.95164155960083,-0.0001203345317124321,-0.2951546677236581,0.9777029650772048,-0.0008702220016949541,-0.14247348201814458,-0.000789089811445224,0.02
12.081252813339233,-0.00011931987292266736,-0.29368079088936333,0.9771040670169816,-0.0008576905102295036,-0.14335361016973522,-0.0007770877257749096,0.02
12.090971231460571,-0.00011797819153514666,-0.2929672678984805,0.9768792990195909,-0.0008458392266853926,-0.1438464151800359,-0.0007659790482813434,0.02
12.102142572402954,-0.00011643524709601077,-0.2926528994688301,0.9768254817989308,-0.0008344144818832375,-0.14410986458724806,-0.0007554276541616782,0.02
12.111133575439453,-0.00011477339697403055,-0.2926405515961574,0.9769066322995346,-0.000823388715919528,-0.14420543459575905,-0.0007453542944991188,0.02
12.12156891822815,-0.00011303894263397344,-0.29291580522644595,0.9771305016757383,-0.000812794803003562,-0.1441556161977863,-0.0007357633610524917,0.02
12.131307601928711,-0.00011128985564814335,-0.2930553395384846,0.9772365261211199,-0.0008022319041348714,-0.14412284927316288,-0.0007262111120320373,0.02
12.14116358757019,-0.00010954910387050484,-0.2932881107152406,0.9773895945570931,-0.0007919412823663738,-0.14404367185911657,-0.0007169288826773345,0.02
12.151614427566528,-0.00010781101945302045,-0.2937340765134175,0.977668761029886,-0.0007820527713125046,-0.1438774411363548,-0.000708051884925375,0.02
12.16132378578186,-0.00010604917773183409,-0.2947180401928883,0.9782779324046494,-0.0007729087558018988,-0.1435036767650373,-0.0006999440418043775,0.02
12.17108154296875,-0.00010430707505213617,-0.295280244371661,0.9785940519605757,-0.0007635556884713974,-0.14325769771424626,-0.0006916087572891255,0.02
12.181277990341187,-0.00010260957024839637,-0.29589325207051503,0.9789428517358602,-0.0007544637074771914,-0.14299358885741756,-0.000683509359392923,0.02
12.191313028335571,-0.00010091453315818277,-0.2970793642840728,0.9796532781231424,-0.0007461566658939389,-0.142518700042095,-0.0006762038629737957,0.02
12.20113492012024,-9.917151126177524e-05,-0.29904441247673413,0.9808349694172868,-0.000738854886927789,-0.1417368840401947,-0.0006699462763154766,0.02
12.2109375,-9.746291455938182e-05,-0.3000255362973466,0.9813559720060764,-0.0007308206659225817,-0.14127645235774378,-0.0006629197941858609,0.02
12.221341371536255,-9.582329886333543e-05,-0.3012341137895746,0.9820319434898557,-0.0007232433295756265,-0.140743907623269,-0.000656313087404391,0.02
12.231091976165771,-9.418886650795873e-05,-0.30304803848651757,0.9830855981361251,-0.0007164877534779864,-0.13998450138961496,-0.0006505353052294065,0.02
12.241580247879028,-9.247156936278678e-05,-0.30616019040770587,0.984926327215952,-0.0007112386740772053,-0.13871543985162751,-0.0006463349601293376,0.02
12.250760793685913,-9.078114828941435e-05,-0.30784384334888926,0.9858122624627363,-0.0007048626091523273,-0.13791728331693787,-0.0006409691478691448,0.02
12.260731935501099,-8.920459591524285e-05,-0.30934413913711173,0.9865993540278569,-0.0006985599671195178,-0.1372034915294503,-0.0006356060044636049,0.02
12.271500825881958,-8.763923907106896e-05,-0.3118442592413443,0.9880188803262299,-0.0006934439779580965,-0.13612396285652517,-0.0006314383652136536,0.02
12.281954050064087,-8.610064345193367e-05,-0.3137199362823897,0.9890201078954733,-0.0006879616598172759,-0.1352493448531184,-0.0006268788693885979,0.02
12.291102647781372,-8.468546271071532e-05,-0.3147163065124661,0.9894834508586888,-0.000681869892802652,-0.13471492569626536,-0.0006216230234674432,0.02
12.301588773727417,-8.332625247347913e-05,-0.31647579052005126,0.9904490507603515,-0.0006766919200155389,-0.13392129234620367,-0.0006172589677678269,0.02
12.311325550079346,-8.190838420696297e-05,-0.3191765851691534,0.9919785354592308,-0.00067257706354374,-0.13275160582848478,-0.0006140068344362318,0.02
12.321226596832275,-8.027424435863311e-05,-0.3240397034780487,0.9947754119517934,-0.0006706464689076724,-0.13068975751941198,-0.0006130989571051592,0.02
12.330895900726318,-7.864350212543067e-05,-0.326784408444654,0.9961704530322459,-0.0006670001317519524,-0.12933967727250825,-0.0006104426441084117,0.02
12.341368198394775,-7.713591402877573e-05,-0.3293771056158833,0.997487984084362,-0.0006634586968411001,-0.12806395296800477,-0.000607815612274163,0.02
12.350829124450684,-7.556943311825905e-05,-0.33343453609942225,0.9996906268964187,-0.0006614330015688884,-0.126211215048059,-0.0006067587500736063,0.02
12.36158800125122,-7.375562603231796e-05,-0.3392311158918167,1.002859131596588,-0.0006611109768275953,-0.12358744482007458,-0.0006075741619871319,0.02
12.37126350402832,-7.208206800927393e-05,-0.34211929107981415,1.0041914982127385,-0.0006584876952752768,-0.1220295603583962,-0.0006059654072955647,0.02
12.381123065948486,-7.055782466831098e-05,-0.3452636550426236,1.0057245260379633,-0.0006563226066645714,-0.12041734122182138,-0.0006047289139656781,0.02
12.391006469726562,-6.92035958812392e-05,-0.34750564084741187,1.0067424381325911,-0.0006536039413796976,-0.11919122488661904,-0.0006028259291338785,0.02
12.401403903961182,-6.752216943593042e-05,-0.3534241728009978,1.0099303068343513,-0.0006540842106734892,-0.11646590322209847,-0.0006043588688485811,0.02
12.411120653152466,-6.590575414203e-05,-0.3568057495481688,1.0115060142625278,-0.0006526296537515849,-0.11465897991407124,-0.0006038857902323327,0.02
12.511664390563965,-6.460628469213143e-05,-0.35861525108493386,1.012205390779578,-0.0006501251696455774,-0.11354529878395446,-0.0006021569364431978,0.02
12.621350526809692,-6.266187699214903e-05,-0.36642018117594255,1.01638550719125,-0.0006524608958240587,-0.10992958263302217,-0.0006057136967704511,0.02
12.671478033065796,-5.9875058748432685e-05,-0.37652478679074347,1.0215774916289262,-0.0006564580120974559,-0.10502754267534468,-0.0006114425923357498,0.02
12.771282196044922,-5.630705216740429e-05,-0.3881417869037397,1.0272751607133377,-0.0006613874937226674,-0.09911836772939903,-0.0006185615369956728,0.02
12.87161898612976,-5.202977009052459e-05,-0.4008018214525965,1.0332000334093563,-0.0006667784105309001,-0.09239234738983154,-0.000626543001206817,0.02
12.921163558959961,-4.72757687093853e-05,-0.4134403401159143,1.0387896297656942,-0.0006718368363152913,-0.0853497695002827,-0.0006344403357530753,0.02
12.971394538879395,-4.2298320078490345e-05,-0.4255013263316177,1.0438249962068622,-0.000676236304304059,-0.07832746040250432,-0.0006417727851267349,0.02
13.07120418548584,-3.6904295444488316e-05,-0.438226828719996,1.0490056836710264,-0.0006806324476796995,-0.0707870024863676,-0.0006493103588246935,0.02
13.171813726425171,-3.097843044717627e-05,-0.45166145719207385,1.0543039908593759,-0.0006848542595166245,-0.06265595441575038,-0.0006569387302426114,0.02
13.27086329460144,-2.4738204823901522e-05,-0.46486932875674314,1.0592348065386539,-0.0006883526774617528,-0.05438241721974086,-0.0006639746809525891,0.02
13.290964365005493,-2.0079512477526407e-05,-0.4722503031736437,1.0612562184528602,-0.0006893414240587634,-0.049010232460800836,-0.0006675691362011629,0.02
13.301376581192017,-1.6453827101803544e-05,-0.4778678780211825,1.062687472094523,-0.0006898670734087558,-0.044811981434667296,-0.0006701075748997548,0.02
13.351380825042725,-1.3704235304994585e-05,-0.48195394955769844,1.0636287042308343,-0.0006900770526335153,-0.041656258051707244,-0.0006718346782872849,0.02
13.452168941497803,-1.1456041986693158e-05,-0.48548879704520453,1.0645130283057063,-0.0006902725558441726,-0.03899812473299372,-0.0006732650339765045,0.02
13.501010417938232,-9.719730443075825e-06,-0.48809253478313114,1.0651079502505794,-0.0006903283157338174,-0.03698251118006696,-0.0006742706254609715,0.02
13.601035118103027,-8.205010918223084e-06,-0.4905848133723587,1.0657723680043953,-0.0006904470106461233,-0.0351505625301263,-0.0006752155464401741,0.02
13.651859045028687,-7.089529344745213e-06,-0.49219121590257275,1.0661095596056782,-0.0006904224344730769,-0.0338766187097039,-0.0006757976480377724,0.02
13.711528539657593,-3.8104251410474538e-06,-0.5003774651669181,1.0694373027664852,-0.0006917205090269108,-0.029034146492385168,-0.000678872916873471,0.02
13.811684370040894,1.450064023972953e-06,-0.5122108470871034,1.0739539951953676,-0.0006929368532269971,-0.02173762386453065,-0.0006829114095278321,0.02
13.901426792144775,5.403748699376175e-06,-0.5184611554276732,1.0756163487022417,-0.0006927315297739228,-0.017145323851865218,-0.0006848093837081172,0.02
13.961406707763672,1.0748072333426484e-05,-0.5290145788415901,1.0791338227835037,-0.0006926456195961705,-0.01011979688355764,-0.0006875359308092092,0.02
14.01099681854248,1.4871505696259121e-05,-0.535322566953582,1.080634107679007,-0.0006918338527892436,-0.005305572049344032,-0.0006888774469646173,0.02
14.021492004394531,1.8302521153023858e-05,-0.5404916337078017,1.0817769805789679,-0.0006909615974270837,-0.0012722558152659786,-0.0006897837351168112,0.02
14.041693210601807,2.2572158303005355e-05,-0.5483944463255865,1.0841184772275148,-0.000689886123801867,0.0042844502989669965,-0.0006908983823752933,0.02
14.050837278366089,2.561040142327037e-05,-0.5526459418342284,1.0848899691754252,-0.0006887366704517066,0.007773056726086645,-0.0006913011256632977,0.02
14.060691118240356,2.789907170653106e-05,-0.555727056543095,1.0853568845383925,-0.0006877658745054595,0.010395760589624109,-0.0006914936706496213,0.02
15.041123390197754,2.936199231030937e-05,-0.5573479788738732,1.085408621388303,-0.0006870657053501268,0.011974313295378975,-0.0006915356501020831,0.02
15.050750494003296,3.026158978362724e-05,-0.5582156726960563,1.085338632986234,-0.0006866061041551057,0.012919596041247053,-0.0006915316253273641,0.02
15.06159234046936,3.0781453008660195e-05,-0.5586312034079938,1.0852302366377042,-0.0006863274577889515,0.0134491634508669,-0.0006915160046633669,0.02
15.071475982666016,3.099259628177896e-05,-0.5586215626788746,1.0850578254423335,-0.0006861969406446093,0.013616395873043441,-0.0006914927692027378,0.02
15.081195592880249,3.0933316175719554e-05,-0.5582061276218497,1.0848077247023882,-0.000686194857557269,0.01345481179355872,-0.0006914618770643927,0.02
15.091234922409058,3.085622867818962e-05,-0.5579861511138591,1.0846995428948656,-0.0006862273281327778,0.013344448291967266,-0.0006914556188260074,0.02
15.101976871490479,3.067431569137519e-05,-0.5575623012332201,1.084536358528104,-0.0006863074126945445,0.013085206646008688,-0.0006914445173750001,0.02
15.111148834228516,3.022154431890146e-05,-0.5565335714112691,1.0841635724415586,-0.0006864903071828612,0.012431977577162884,-0.000691400556115828,0.02
15.121726751327515,2.9239483873935114e-05,-0.5543522725187914,1.0833907318609381,-0.0006868603747686712,0.011028700834379235,-0.0006912775927042122,0.02
15.130962371826172,2.8498798680816508e-05,-0.5531805541906095,1.0831034159050454,-0.000687190440619316,0.01014393378699725,-0.0006912328990736475,0.02
15.140948295593262,2.7779044802671308e-05,-0.5519787675623108,1.0827936601802373,-0.0006875053222434946,0.009251761618234874,-0.0006911835328391558,0.02
15.151691913604736,2.6643474296677656e-05,-0.5496829806195073,1.0820490379572512,-0.0006879187869480965,0.007703974349113111,-0.0006910228200207313,0.02
15.161391973495483,2.4818472620170354e-05,-0.5458850036353703,1.0807671258708815,-0.0006884940374004452,0.00519451334264154,-0.0006906722896492499,0.02
15.171314001083374,2.3473103816656898e-05,-0.5438366028075728,1.0802933693716474,-0.0006890098469812233,0.003617978418747813,-0.0006905004253026713,0.02
15.181020736694336,2.214452846041825e-05,-0.5416046629022563,1.0797038942593113,-0.0006894725371834766,0.0019749787120557794,-0.0006902831687582607,0.02
15.19137954711914,2.030272866944392e-05,-0.5379834094882516,1.0785393816486275,-0.0006899556993154469,-0.0004777587807584126,-0.0006898220971320226,0.02
15.201176166534424,1.7755026763867142e-05,-0.5328446190367271,1.076819550170094,-0.0006904711124761473,-0.0038898453712087693,-0.0006890249742543078,0.02
15.211543560028076,1.4479660049610915e-05,-0.5263070884560656,1.0746249292378782,-0.0006909522750443951,-0.008224774172196999,-0.0006878072853372445,0.02
15.22141146659851,1.1599493348941893e-05,-0.5213953225911401,1.0732208134982442,-0.0006914311697311758,-0.01173312927373328,-0.0006867809627413395,0.02
15.231199264526367,8.827532170067911e-06,-0.5165780895598076,1.0718178916987855,-0.0006917604331593966,-0.015148288539057172,-0.0006856536725469382,0.02
15.241572380065918,6.448316375708642e-06,-0.5126896596170856,1.0707745677505118,-0.0006920291433517624,-0.017996758644359144,-0.000684665630198599,0.02
15.251490831375122,4.837219118700588e-06,-0.5105739084463139,1.070416210117657,-0.000692340809329184,-0.01976134785647946,-0.0006841228561654487,0.02
15.261156797409058,3.3544026140209352e-06,-0.5081674888602241,1.0697942852504252,-0.0006924619389073029,-0.021549049248529625,-0.0006834556354452837,0.02
15.271556615829468,1.3597406576078728e-06,-0.5041088709442347,1.068394442062413,-0.0006922750407415886,-0.024204788629861425,-0.0006822044371182309,0.02
15.280729532241821,-1.4392159295263458e-06,-0.4980944269258211,1.0661830163016601,-0.000691738037575825,-0.02800048461555782,-0.0006801657089487658,0.02
15.29142451286316,-3.466421124282467e-06,-0.4949108199736555,1.0653362047553623,-0.0006916625581229356,-0.030341433429773135,-0.0006789976096665685,0.02
15.301747560501099,-5.418898296966304e-06,-0.49141902909950796,1.0642595039788554,-0.0006913710508605704,-0.032758098452978786,-0.0006776495349691723,0.02
15.311550378799438,-7.698432837058135e-06,-0.48679081663423024,1.062632119924298,-0.0006907200231972894,-0.03575667395206508,-0.0006757589540027401,0.02
15.321966171264648,-1.0963560425339048e-05,-0.47939678556603077,1.0597706347678184,-0.0006892852139649124,-0.04028035031685412,-0.0006725365452958983,0.02
15.330767393112183,-1.34783584027767e-05,-0.47505604054774897,1.0584422674732517,-0.0006885568835835644,-0.04329636625964428,-0.0006704256765128529,0.02
15.341396808624268,-1.5672860109647867e-05,-0.4711245071030147,1.057211633925856,-0.0006877370711393083,-0.04600061256377395,-0.0006683935907083163,0.02
15.3907151222229,-1.744002445023868e-05,-0.4681115889366866,1.0563329623861246,-0.000687028841176617,-0.04813931785756089,-0.0006667057490283953,0.02
15.441206455230713,-1.8705946418814793e-05,-0.46619622941861233,1.0558776301097317,-0.0006865230874725279,-0.04960484845903397,-0.0006654968389205797,0.02
15.501197814941406,-2.175395870706202e-05,-0.45788138281324336,1.0522828637843689,-0.000683665731816899,-0.054311113901449756,-0.0006609267310959579,0.02
15.591397762298584,-2.4064258413719922e-05,-0.453545356784937,1.0508222588416878,-0.0006821955388248907,-0.05718929853777484,-0.0006581575299776771,0.02
15.701597690582275,-2.7630771956344572e-05,-0.4441807318140368,1.0468336323797347,-0.00067844932480129,-0.06255422606876708,-0.000652381693507116,0.02
15.751662015914917,-3.195342940531616e-05,-0.43295255022420087,1.042054380668882,-0.0006735116445666469,-0.0689927511448475,-0.0006449611784525023,0.02
15.851430416107178,-3.664700832710525e-05,-0.42070042529004836,1.0368358850060353,-0.000667468931407574,-0.07601887017225338,-0.0006361929293053442,0.02
15.951422452926636,-4.142854935923672e-05,-0.40780811318073,1.031285452225384,-0.0006602732923030487,-0.08335607979085914,-0.000626185704686135,0.02
16.052481412887573,-4.611731657550612e-05,-0.39437909689387,1.025380852538512,-0.0006517898143572635,-0.09087787417101116,-0.0006149058557295482,0.02
16.101680278778076,-5.049435026364124e-05,-0.3809691415922502,1.0193688255317375,-0.0006422273795179538,-0.0982756793330318,-0.0006026932695042609,0.02
16.201871871948242,-5.44794010182788e-05,-0.36742266823297254,1.013114297853096,-0.0006314023542992223,-0.1055686478366335,-0.0005894126863925202,0.02
16.251399755477905,-5.792554455400362e-05,-0.3544693444842961,1.0070107842062657,-0.0006198146767043448,-0.11242154875167255,-0.0005756620171055705,0.02
16.30139946937561,-6.075047076886723e-05,-0.34251299674330743,1.0012753983014733,-0.0006078444049810088,-0.11864735074727578,-0.0005618813853120547,0.02
16.40127921104431,-6.300772292227941e-05,-0.33081675046173403,0.9954660944690867,-0.0005949828222788021,-0.12453866801265863,-0.0005475290392281702,0.02
16.501579761505127,-6.472029284633995e-05,-0.3198564288251079,0.9898935335512721,-0.000581716986228718,-0.1299311817581207,-0.0005330898597859266,0.02
16.55124568939209,-6.591153755598597e-05,-0.30989353170731104,0.9847335953580527,-0.000568402833378645,-0.13473932027400434,-0.0005189145960834257,0.02
16.601498126983643,-6.662569653421735e-05,-0.30115184151219876,0.9801451859729634,-0.0005554016727837217,-0.13889810758386203,-0.0005053458536285406,0.02
16.700833082199097,-6.690687267265255e-05,-0.29270250265829656,0.9755591122344712,-0.0005419645016063797,-0.14276562617111765,-0.0004915994500809364,0.02
16.80175495147705,-6.682454227791541e-05,-0.28416628586112125,0.9707665152924694,-0.0005277984866360533,-0.14651221456980415,-0.00047733812424796934,0.02
16.851361513137817,-6.646528522709782e-05,-0.276178263595109,0.9662087172058277,-0.0005136085649983086,-0.14994537115850648,-0.00046322515030934407,0.02
16.9517080783844,-6.580527427194978e-05,-0.2681525436392217,0.9615064877359675,-0.0004988604173282019,-0.1532710983012863,-0.00044873389873239427,0.02
17.051469326019287,-6.487838554049124e-05,-0.2600566224362639,0.9566530181789653,-0.0004835654426844243,-0.15651534149411162,-0.00043385616743664315,0.02
17.10177707672119,-6.376334854128742e-05,-0.2524531582764372,0.9520379564796013,-0.00046838016012988766,-0.15950578861528436,-0.0004192095591415671,0.02
17.151345014572144,-6.252140095003124e-05,-0.24579237811673124,0.9479718792076861,-0.0004538804398573854,-0.16210299440046844,-0.00040533953298183575,0.02
17.201475143432617,-6.120125698983965e-05,-0.24030319917120563,0.9446178911972015,-0.00044042648790717495,-0.16424100340038011,-0.0003925800354225605,0.02
17.251883268356323,-5.98144619010886e-05,-0.23583745581442828,0.9418822534067941,-0.00042795961885803405,-0.16597385942739248,-0.0003808633974819491,0.02
17.3414466381073,-5.839482050270962e-05,-0.23230921770004406,0.9397199722522396,-0.0004164766504711908,-0.1673423365164695,-0.0003701646614486765,0.02
17.351585149765015,-5.6880917524548835e-05,-0.2290582122445223,0.9376811518950885,-0.0004052969749281134,-0.16855638835761427,-0.00035983194989864267,0.02
