time,x,y,z
-0.011717081069946289,0.11717610241970189,0.000157385470553887,0.23370290115330042
-0.011717081069946289,0.11717610241970189,0.000157385470553887,0.23370290115330042
-0.011717081069946289,0.1169994686411446,0.00015491903742318597,0.23324049968554514
-0.011717081069946289,0.1169994686411446,0.00015491903742318597,0.23324049968554514
-0.011717081069946289,0.1169994686411446,0.00015491903742318597,0.23324049968554514
-0.011717081069946289,0.1169994686411446,0.00015491903742318597,0.23324049968554514
-0.011717081069946289,0.1169994686411446,0.00015491903742318597,0.23324049968554514
-0.011717081069946289,0.1169994686411446,0.00015491903742318597,0.23324049968554514
-0.011717081069946289,0.1169994686411446,0.00015491903742318597,0.23324049968554514
-0.011717081069946289,0.1169994686411446,0.00015491903742318597,0.23324049968554514
0.9882829189300537,0.1169994686411446,0.00015491903742318597,0.23324049968554514
0.9882829189300537,0.1169994686411446,0.00015491903742318597,0.23324049968554514
0.9882829189300537,0.1169994686411446,0.00015491903742318597,0.23324049968554514
0.9882829189300537,0.1169994686411446,0.00015491903742318597,0.23324049968554514
0.9882829189300537,0.1169994686411446,0.00015491903742318597,0.23324049968554514
0.9882829189300537,0.1169994686411446,0.00015491903742318597,0.23324049968554514
0.9882829189300537,0.11717610241970189,0.000157385470553887,0.23370290115330042
0.9882829189300537,0.1169994686411446,0.00015491903742318597,0.23324049968554514
0.9882829189300537,0.1169994686411446,0.00015491903742318597,0.23324049968554514
0.9882829189300537,0.1169994686411446,0.00015491903742318597,0.23324049968554514
1.9882829189300537,0.1169994686411446,0.00015491903742318597,0.23324049968554514
1.9882829189300537,0.1169994686411446,0.00015491903742318597,0.23324049968554514
1.9882829189300537,0.1169994686411446,0.00015491903742318597,0.23324049968554514
1.9882829189300537,0.1169994686411446,0.00015491903742318597,0.23324049968554514
1.9882829189300537,0.1169994686411446,0.00015491903742318597,0.23324049968554514
1.9882829189300537,0.1169994686411446,0.00015491903742318597,0.23324049968554514
1.9882829189300537,0.1169994686411446,0.00015491903742318597,0.23324049968554514
1.9882829189300537,0.1169994686411446,0.00015491903742318597,0.23324049968554514
1.9882829189300537,0.1169994686411446,0.00015491903742318597,0.23324049968554514
1.9882829189300537,0.1169994686411446,0.00015491903742318597,0.23324049968554514
2.9882829189300537,0.11717610241970189,0.000157385470553887,0.23370290115330042
2.9882829189300537,0.1169994686411446,0.00015491903742318597,0.23324049968554514
2.9882829189300537,0.1169994686411446,0.00015491903742318597,0.23324049968554514
2.9882829189300537,0.1169994686411446,0.00015491903742318597,0.23324049968554514
2.9882829189300537,0.1169994686411446,0.00015491903742318597,0.23324049968554514
2.9882829189300537,0.1169994686411446,0.00015491903742318597,0.23324049968554514
2.9882829189300537,0.1169994686411446,0.00015491903742318597,0.23324049968554514
2.9882829189300537,0.1169994686411446,0.00015491903742318597,0.23324049968554514
2.9882829189300537,0.1169994686411446,0.00015491903742318597,0.23324049968554514
2.9882829189300537,0.1169994686411446,0.00015491903742318597,0.23324049968554514
3.9882829189300537,0.1169994686411446,0.00015491903742318597,0.23324049968554514
3.9882829189300537,0.1169994686411446,0.00015491903742318597,0.23324049968554514
3.9882829189300537,0.1169994686411446,0.00015491903742318597,0.23324049968554514
3.9882829189300537,0.1169994686411446,0.00015491903742318597,0.23324049968554514
3.9882829189300537,0.1169994686411446,0.00015491903742318597,0.23324049968554514
3.9882829189300537,0.1169994686411446,0.00015491903742318597,0.23324049968554514
3.9882829189300537,0.11717610241970189,0.000157385470553887,0.23370290115330042
3.9882829189300537,0.11717610241970189,0.000157385470553887,0.23370290115330042
3.9882829189300537,0.11717610241970189,0.000157385470553887,0.23370290115330042
3.9882829189300537,0.1169994686411446,0.00015491903742318597,0.23324049968554514
4.988282918930054,0.1169994686411446,0.00015491903742318597,0.23324049968554514
4.988282918930054,0.11717610241970189,0.000157385470553887,0.23370290115330042
4.988282918930054,0.11717610241970189,0.000157385470553887,0.23370290115330042
4.988282918930054,0.11717610241970189,0.000157385470553887,0.23370290115330042
4.988282918930054,0.11717610241970189,0.000157385470553887,0.23370290115330042
4.988282918930054,0.11717610241970189,0.000157385470553887,0.23370290115330042
4.988282918930054,0.1169994686411446,0.00015491903742318597,0.23324049968554514
4.988282918930054,0.1169994686411446,0.00015491903742318597,0.23324049968554514
4.988282918930054,0.1169994686411446,0.00015491903742318597,0.23324049968554514
4.988282918930054,0.1169994686411446,0.00015491903742318597,0.23324049968554514
5.988282918930054,0.11717610241970189,0.000157385470553887,0.23370290115330042
5.988282918930054,0.11717610241970189,0.000157385470553887,0.23370290115330042
5.988282918930054,0.1169994686411446,0.00015491903742318597,0.23324049968554514
5.988282918930054,0.11717610241970189,0.000157385470553887,0.23370290115330042
5.988282918930054,0.1169994686411446,0.00015491903742318597,0.23324049968554514
5.988282918930054,0.1169994686411446,0.00015491903742318597,0.23324049968554514
5.988282918930054,0.11739249988283695,0.0001604071455481408,0.23349822058419714
5.988282918930054,0.11739249988283695,0.0001604071455481408,0.23349822058419714
5.988282918930054,0.11717610241970189,0.000157385470553887,0.23370290115330042
5.988282918930054,0.11717610241970189,0.000157385470553887,0.23370290115330042
6.988282918930054,0.11717610241970189,0.000157385470553887,0.23370290115330042
6.988282918930054,0.11717610241970189,0.000157385470553887,0.23370290115330042
6.988282918930054,0.11717610241970189,0.000157385470553887,0.23370290115330042
6.988282918930054,0.1169994686411446,0.00015491903742318597,0.23324049968554514
6.988282918930054,0.1169994686411446,0.00015491903742318597,0.23324049968554514
6.988282918930054,0.1169994686411446,0.00015491903742318597,0.23324049968554514
6.988282918930054,0.1169994686411446,0.00015491903742318597,0.23324049968554514
6.988282918930054,0.1169994686411446,0.00015491903742318597,0.23324049968554514
6.988282918930054,0.11822288191083749,0.0016411092274801892,0.23940976744299128
6.988282918930054,0.10295931995711909,0.0003668833478643954,0.2488714352761514
7.988282918930054,0.0979587236318615,0.0005902743706748502,0.24948270046942944
7.988282918930054,0.09238035310813802,0.0007125443890723393,0.2501389069018537
7.988282918930054,0.08715615558985008,0.0006535297318630631,0.25071039016426094
7.988282918930054,0.08715615558985008,0.0006535297318630631,0.25071039016426094
7.988282918930054,0.08715615558985008,0.0006535297318630631,0.25071039016426094
7.988282918930054,0.08291806373946878,0.0002116648202871857,0.2531812033610142
7.988282918930054,0.08291806373946878,0.0002116648202871857,0.2531812033610142
7.988282918930054,0.06713069089368216,-0.0008575924740692464,0.2508339448672844
7.988282918930054,0.06177659968646823,-0.0010462658045920677,0.2504289855668087
7.988282918930054,0.05649849053807571,-0.001026153906602642,0.24999954999237567
8.988282918930054,0.051300364705992585,-0.0010074279523291617,0.24954224940517578
8.988282918930054,0.04599203010919585,-0.0011031664434232487,0.24867076789500098
8.988282918930054,0.040948752428570254,-0.001028470472219916,0.24757469573486135
8.988282918930054,0.03844678515390074,-0.0010800602281981313,0.24594709013538513
8.988282918930054,0.03719222188664198,-0.0010681053100697231,0.24367904765837617
8.988282918930054,0.0360927574346494,-0.0009850698021620329,0.24182053480871607
8.988282918930054,0.0360927574346494,-0.0009850698021620329,0.24182053480871607
8.988282918930054,0.0360927493679557,-0.0010583010079039008,0.24181987457433698
8.988282918930054,0.03609276706281786,-0.0009118398603693602,0.2418213228450439
8.988282918930054,0.03609276706281786,-0.0009118398603693602,0.2418213228450439
9.988282918930054,0.0360927493679557,-0.0010583010079039008,0.24181987457433698
9.988282918930054,0.0360927574346494,-0.0009850698021620329,0.24182053480871607
9.988282918930054,0.0360927574346494,-0.0009850698021620329,0.24182053480871607
9.988282918930054,0.0360927574346494,-0.0009850698021620329,0.24182053480871607
9.988282918930054,0.03609276706281786,-0.0009118398603693602,0.2418213228450439
9.988282918930054,0.0360927574346494,-0.0009850698021620329,0.24182053480871607
9.988282918930054,0.0360927574346494,-0.0009850698021620329,0.24182053480871607
9.988282918930054,0.0360927574346494,-0.0009850698021620329,0.24182053480871607
9.988282918930054,0.0360927574346494,-0.0009850698021620329,0.24182053480871607
9.988282918930054,0.0360927493679557,-0.0010583010079039008,0.24181987457433698
10.988282918930054,0.03609276706281786,-0.0009118398603693602,0.2418213228450439
10.988282918930054,0.0360927574346494,-0.0009850698021620329,0.24182053480871607
10.988282918930054,0.0360927574346494,-0.0009850698021620329,0.24182053480871607
10.988282918930054,0.0360927493679557,-0.0010583010079039008,0.24181987457433698
10.988282918930054,0.0360927493679557,-0.0010583010079039008,0.24181987457433698
10.988282918930054,0.0360927574346494,-0.0009850698021620329,0.24182053480871607
10.988282918930054,0.0360927574346494,-0.0009850698021620329,0.24182053480871607
10.988282918930054,0.0360927574346494,-0.0009850698021620329,0.24182053480871607
10.988282918930054,0.0360927493679557,-0.0010583010079039008,0.24181987457433698
10.988282918930054,0.0360927574346494,-0.0009850698021620329,0.24182053480871607
11.988282918930054,0.0360927493679557,-0.0010583010079039008,0.24181987457433698
11.988282918930054,0.0360927493679557,-0.0010583010079039008,0.24181987457433698
11.988282918930054,0.0360927493679557,-0.0010583010079039008,0.24181987457433698
11.988282918930054,0.0360927493679557,-0.0010583010079039008,0.24181987457433698
11.988282918930054,0.0360927574346494,-0.0009850698021620329,0.24182053480871607
11.988282918930054,0.0360927493679557,-0.0010583010079039008,0.24181987457433698
11.988282918930054,0.0360927493679557,-0.0010583010079039008,0.24181987457433698
11.988282918930054,0.0360927493679557,-0.0010583010079039008,0.24181987457433698
11.988282918930054,0.036086679198936336,-0.0010583010079063225,0.24135066918955056
11.988282918930054,0.0360927493679557,-0.0010583010079039008,0.24181987457433698
12.988282918930054,0.0360927493679557,-0.0010583010079039008,0.24181987457433698
12.988282918930054,0.036086679198936336,-0.0010583010079063225,0.24135066918955056
12.988282918930054,0.0360927493679557,-0.0010583010079039008,0.24181987457433698
12.988282918930054,0.0360927493679557,-0.0010583010079039008,0.24181987457433698
12.988282918930054,0.036086679198936336,-0.0010583010079063225,0.24135066918955056
12.988282918930054,0.0360927574346494,-0.0009850698021620329,0.24182053480871607
12.988282918930054,0.0360927574346494,-0.0009850698021620329,0.24182053480871607
12.988282918930054,0.0360927574346494,-0.0009850698021620329,0.24182053480871607
12.988282918930054,0.0360927493679557,-0.0010583010079039008,0.24181987457433698
12.988282918930054,0.0360927493679557,-0.0010583010079039008,0.24181987457433698
13.988282918930054,0.0360927493679557,-0.0010583010079039008,0.24181987457433698
13.988282918930054,0.0360927493679557,-0.0010583010079039008,0.24181987457433698
13.988282918930054,0.0360927574346494,-0.0009850698021620329,0.24182053480871607
13.988282918930054,0.0360927493679557,-0.0010583010079039008,0.24181987457433698
13.988282918930054,0.0360927493679557,-0.0010583010079039008,0.24181987457433698
13.988282918930054,0.0360927493679557,-0.0010583010079039008,0.24181987457433698
13.988282918930054,0.0360927493679557,-0.0010583010079039008,0.24181987457433698
13.988282918930054,0.0360927493679557,-0.0010583010079039008,0.24181987457433698
13.988282918930054,0.0360927493679557,-0.0010583010079039008,0.24181987457433698
13.988282918930054,0.0360927493679557,-0.0010583010079039008,0.24181987457433698
14.988282918930054,0.0360927493679557,-0.0010583010079039008,0.24181987457433698
14.988282918930054,0.0360927493679557,-0.0010583010079039008,0.24181987457433698
14.988282918930054,0.0360927493679557,-0.0010583010079039008,0.24181987457433698
14.988282918930054,0.0360927493679557,-0.0010583010079039008,0.24181987457433698
14.988282918930054,0.0360927493679557,-0.0010583010079039008,0.24181987457433698
14.988282918930054,0.0360927493679557,-0.0010583010079039008,0.24181987457433698
14.988282918930054,0.0360927493679557,-0.0010583010079039008,0.24181987457433698
14.988282918930054,0.0360927493679557,-0.0010583010079039008,0.24181987457433698
14.988282918930054,0.0360927493679557,-0.0010583010079039008,0.24181987457433698
14.988282918930054,0.0360927493679557,-0.0010583010079039008,0.24181987457433698
15.988282918930054,0.0360927493679557,-0.0010583010079039008,0.24181987457433698
15.988282918930054,0.0360927493679557,-0.0010583010079039008,0.24181987457433698
15.988282918930054,0.0360927574346494,-0.0009850698021620329,0.24182053480871607
15.988282918930054,0.0360927493679557,-0.0010583010079039008,0.24181987457433698
15.988282918930054,0.0360927493679557,-0.0010583010079039008,0.24181987457433698
15.988282918930054,0.0360927493679557,-0.0010583010079039008,0.24181987457433698
15.988282918930054,0.0360927493679557,-0.0010583010079039008,0.24181987457433698
15.988282918930054,0.0360927493679557,-0.0010583010079039008,0.24181987457433698
15.988282918930054,0.0360927493679557,-0.0010583010079039008,0.24181987457433698
15.988282918930054,0.0360927493679557,-0.0010583010079039008,0.24181987457433698
16.988282918930054,0.0360927493679557,-0.0010583010079039008,0.24181987457433698
16.988282918930054,0.0360927493679557,-0.0010583010079039008,0.24181987457433698
16.988282918930054,0.0360927493679557,-0.0010583010079039008,0.24181987457433698
16.988282918930054,0.0360927493679557,-0.0010583010079039008,0.24181987457433698
16.988282918930054,0.0360927574346494,-0.0009850698021620329,0.24182053480871607
16.988282918930054,0.0360927574346494,-0.0009850698021620329,0.24182053480871607
16.988282918930054,0.0360927493679557,-0.0010583010079039008,0.24181987457433698
16.988282918930054,0.03609276706281786,-0.0009118398603693602,0.2418213228450439
16.988282918930054,0.0360927493679557,-0.0010583010079039008,0.24181987457433698
16.988282918930054,0.0360927574346494,-0.0009850698021620329,0.24182053480871607
17.988282918930054,0.0360927493679557,-0.0010583010079039008,0.24181987457433698
17.988282918930054,0.0360927493679557,-0.0010583010079039008,0.24181987457433698
17.988282918930054,0.0360927493679557,-0.0010583010079039008,0.24181987457433698
17.988282918930054,0.0360927493679557,-0.0010583010079039008,0.24181987457433698
17.988282918930054,0.0360927493679557,-0.0010583010079039008,0.24181987457433698
17.988282918930054,0.0360927493679557,-0.0010583010079039008,0.24181987457433698
17.988282918930054,0.0360927493679557,-0.0010583010079039008,0.24181987457433698
17.988282918930054,0.03616755873309993,-0.0010589500086882649,0.2419429186923865
17.988282918930054,0.0360927493679557,-0.0010583010079039008,0.24181987457433698
17.988282918930054,0.0360927493679557,-0.0010583010079039008,0.24181987457433698
18.988282918930054,0.0360927493679557,-0.0010583010079039008,0.24181987457433698
18.988282918930054,0.0360927493679557,-0.0010583010079039008,0.24181987457433698
18.988282918930054,0.0360927493679557,-0.0010583010079039008,0.24181987457433698
18.988282918930054,0.036092742862760485,-0.0011315332654325584,0.241819342143848
18.988282918930054,0.036092742862760485,-0.0011315332654325584,0.241819342143848
18.988282918930054,0.036092742862760485,-0.0011315332654325584,0.241819342143848
18.988282918930054,0.0360927493679557,-0.0010583010079039008,0.24181987457433698
18.988282918930054,0.036092742862760485,-0.0011315332654325584,0.241819342143848
18.988282918930054,0.0360927493679557,-0.0010583010079039008,0.24181987457433698
18.988282918930054,0.0360927493679557,-0.0010583010079039008,0.24181987457433698
19.988282918930054,0.0360927493679557,-0.0010583010079039008,0.24181987457433698
19.988282918930054,0.0360927493679557,-0.0010583010079039008,0.24181987457433698
19.988282918930054,0.0360927493679557,-0.0010583010079039008,0.24181987457433698
19.988282918930054,0.0360927493679557,-0.0010583010079039008,0.24181987457433698
19.988282918930054,0.0360927493679557,-0.0010583010079039008,0.24181987457433698
19.988282918930054,0.0360927493679557,-0.0010583010079039008,0.24181987457433698
19.988282918930054,0.0360927493679557,-0.0010583010079039008,0.24181987457433698
19.988282918930054,0.0360927493679557,-0.0010583010079039008,0.24181987457433698
19.988282918930054,0.0360927493679557,-0.0010583010079039008,0.24181987457433698
19.988282918930054,0.0360927493679557,-0.0010583010079039008,0.24181987457433698
20.988282918930054,0.0360927493679557,-0.0010583010079039008,0.24181987457433698
20.988282918930054,0.036086679198936336,-0.0010583010079063225,0.24135066918955056
20.988282918930054,0.0360927574346494,-0.0009850698021620329,0.24182053480871607
20.988282918930054,0.0360927493679557,-0.0010583010079039008,0.24181987457433698
20.988282918930054,0.0360927493679557,-0.0010583010079039008,0.24181987457433698
20.988282918930054,0.0360927493679557,-0.0010583010079039008,0.24181987457433698
20.988282918930054,0.0360927493679557,-0.0010583010079039008,0.24181987457433698
20.988282918930054,0.03609799504682468,-0.0011315332654301576,0.24228855739774974
20.988282918930054,0.0360927574346494,-0.0009850698021620329,0.24182053480871607
20.988282918930054,0.0360927493679557,-0.0010583010079039008,0.24181987457433698
21.988282918930054,0.036092742862760485,-0.0011315332654325584,0.241819342143848
21.988282918930054,0.0360927493679557,-0.0010583010079039008,0.24181987457433698
21.988282918930054,0.0360927493679557,-0.0010583010079039008,0.24181987457433698
21.988282918930054,0.0360927493679557,-0.0010583010079039008,0.24181987457433698
21.988282918930054,0.0360927493679557,-0.0010583010079039008,0.24181987457433698
21.988282918930054,0.0360927493679557,-0.0010583010079039008,0.24181987457433698
21.988282918930054,0.0360927493679557,-0.0010583010079039008,0.24181987457433698
21.988282918930054,0.0360927493679557,-0.0010583010079039008,0.24181987457433698
21.988282918930054,0.0360927493679557,-0.0010583010079039008,0.24181987457433698
21.988282918930054,0.0360927493679557,-0.0010583010079039008,0.24181987457433698
22.988282918930054,0.0360927493679557,-0.0010583010079039008,0.24181987457433698
22.988282918930054,0.0360927493679557,-0.0010583010079039008,0.24181987457433698
22.988282918930054,0.0360927493679557,-0.0010583010079039008,0.24181987457433698
22.988282918930054,0.0360927493679557,-0.0010583010079039008,0.24181987457433698
22.988282918930054,0.0360927493679557,-0.0010583010079039008,0.24181987457433698
22.988282918930054,0.0360927493679557,-0.0010583010079039008,0.24181987457433698
22.988282918930054,0.0360927493679557,-0.0010583010079039008,0.24181987457433698
22.988282918930054,0.0360927493679557,-0.0010583010079039008,0.24181987457433698
22.988282918930054,0.0360927493679557,-0.0010583010079039008,0.24181987457433698
22.988282918930054,0.0360927574346494,-0.0009850698021620329,0.24182053480871607
23.988282918930054,0.0360927493679557,-0.0010583010079039008,0.24181987457433698
23.988282918930054,0.036092742862760485,-0.0011315332654325584,0.241819342143848
23.988282918930054,0.0360927493679557,-0.0010583010079039008,0.24181987457433698
23.988282918930054,0.0360927493679557,-0.0010583010079039008,0.24181987457433698
23.988282918930054,0.0360927493679557,-0.0010583010079039008,0.24181987457433698
23.988282918930054,0.0360927493679557,-0.0010583010079039008,0.24181987457433698
23.988282918930054,0.0360927493679557,-0.0010583010079039008,0.24181987457433698
23.988282918930054,0.0360927493679557,-0.0010583010079039008,0.24181987457433698
23.988282918930054,0.0360927493679557,-0.0010583010079039008,0.24181987457433698
23.988282918930054,0.0360927493679557,-0.0010583010079039008,0.24181987457433698
24.988282918930054,0.0360927574346494,-0.0009850698021620329,0.24182053480871607
24.988282918930054,0.0360927574346494,-0.0009850698021620329,0.24182053480871607
24.988282918930054,0.0360927574346494,-0.0009850698021620329,0.24182053480871607
24.988282918930054,0.0360927493679557,-0.0010583010079039008,0.24181987457433698
24.988282918930054,0.0360927493679557,-0.0010583010079039008,0.24181987457433698
24.988282918930054,0.0360927493679557,-0.0010583010079039008,0.24181987457433698
24.988282918930054,0.0360927493679557,-0.0010583010079039008,0.24181987457433698
24.988282918930054,0.036086679198936336,-0.0010583010079063225,0.24135066918955056
24.988282918930054,0.036086679198936336,-0.0010583010079063225,0.24135066918955056
24.988282918930054,0.0360927493679557,-0.0010583010079039008,0.24181987457433698
25.988282918930054,0.03609273453694428,-0.0012779999998856068,0.24181866070099395
25.988282918930054,0.0360927574346494,-0.0009850698021620329,0.24182053480871607
25.988282918930054,0.0360927574346494,-0.0009850698021620329,0.24182053480871607
25.988282918930054,0.0360927574346494,-0.0009850698021620329,0.24182053480871607
25.988282918930054,0.0360927574346494,-0.0009850698021620329,0.24182053480871607
25.988282918930054,0.03609276706281786,-0.0009118398603693602,0.2418213228450439
25.988282918930054,0.0360927574346494,-0.0009850698021620329,0.24182053480871607
25.988282918930054,0.036092742862760485,-0.0011315332654325584,0.241819342143848
25.988282918930054,0.0360927493679557,-0.0010583010079039008,0.24181987457433698
25.988282918930054,0.0360927493679557,-0.0010583010079039008,0.24181987457433698
26.988282918930054,0.0360927493679557,-0.0010583010079039008,0.24181987457433698
26.988282918930054,0.0360927493679557,-0.0010583010079039008,0.24181987457433698
26.988282918930054,0.0360927493679557,-0.0010583010079039008,0.24181987457433698
26.988282918930054,0.0360927493679557,-0.0010583010079039008,0.24181987457433698
26.988282918930054,0.0360927493679557,-0.0010583010079039008,0.24181987457433698
26.988282918930054,0.0360927493679557,-0.0010583010079039008,0.24181987457433698
26.988282918930054,0.0360927493679557,-0.0010583010079039008,0.24181987457433698
26.988282918930054,0.0360927493679557,-0.0010583010079039008,0.24181987457433698
26.988282918930054,0.0360927493679557,-0.0010583010079039008,0.24181987457433698
26.988282918930054,0.0360927493679557,-0.0010583010079039008,0.24181987457433698
27.988282918930054,0.0360927493679557,-0.0010583010079039008,0.24181987457433698
27.988282918930054,0.0360927493679557,-0.0010583010079039008,0.24181987457433698
27.988282918930054,0.0360927493679557,-0.0010583010079039008,0.24181987457433698
27.988282918930054,0.0360927493679557,-0.0010583010079039008,0.24181987457433698
27.988282918930054,0.0360927493679557,-0.0010583010079039008,0.24181987457433698
27.988282918930054,0.0360927493679557,-0.0010583010079039008,0.24181987457433698
27.988282918930054,0.0360927493679557,-0.0010583010079039008,0.24181987457433698
27.988282918930054,0.0360927493679557,-0.0010583010079039008,0.24181987457433698
27.988282918930054,0.0360927493679557,-0.0010583010079039008,0.24181987457433698
27.988282918930054,0.0360927493679557,-0.0010583010079039008,0.24181987457433698
28.988282918930054,0.0360927493679557,-0.0010583010079039008,0.24181987457433698
28.988282918930054,0.0360927493679557,-0.0010583010079039008,0.24181987457433698
28.988282918930054,0.0360927493679557,-0.0010583010079039008,0.24181987457433698
28.988282918930054,0.0360927493679557,-0.0010583010079039008,0.24181987457433698
28.988282918930054,0.036098000622758114,-0.0010583010079015,0.2422890898387813
28.988282918930054,0.036098000622758114,-0.0010583010079015,0.2422890898387813
28.988282918930054,0.036098000622758114,-0.0010583010079015,0.2422890898387813
28.988282918930054,0.05039054647834228,0.001851949180386274,0.26555688891250956
28.988282918930054,0.05560532461881479,0.008404108614283957,0.2744673327549813
28.988282918930054,0.061341921855376444,0.01150683825065326,0.2830498479330293
29.988282918930054,0.06641524050501642,0.014914691040445172,0.291154827700443
29.988282918930054,0.07212216979760082,0.018585445706445974,0.29888867725097196
29.988282918930054,0.07690936753843564,0.021979203818328484,0.30794881213704367
29.988282918930054,0.08293397757968887,0.02389344734461134,0.31564577134657884
29.988282918930054,0.08293397757968887,0.02389344734461134,0.31564577134657884
29.988282918930054,0.0894946532216417,0.025433125963734232,0.3240070580432879
29.988282918930054,0.0894946532216417,0.025433125963734232,0.3240070580432879
29.988282918930054,0.0894946532216417,0.025433125963734232,0.3240070580432879
29.988282918930054,0.08737600340799434,0.02376582919958624,0.36117764849301376
29.988282918930054,0.08737600340799434,0.02376582919958624,0.36117764849301376
30.988282918930054,0.12012718345528148,0.030600357029258736,0.3570045917029157
30.988282918930054,0.12654678548220416,0.03130660794550327,0.36395009550849905
30.988282918930054,0.12654678548220416,0.03130660794550327,0.36395009550849905
30.988282918930054,0.13474431263745495,0.031274910267731174,0.3641663253736958
30.988282918930054,0.13474431263745495,0.031274910267731174,0.3641663253736958
30.988282918930054,0.1474029899546705,0.0329898841755882,0.38107617589729315
30.988282918930054,0.1474029899546705,0.0329898841755882,0.38107617589729315
30.988282918930054,0.1474029899546705,0.0329898841755882,0.38107617589729315
30.988282918930054,0.16747047481930039,0.0337951597329043,0.39576306110123194
30.988282918930054,0.16747047481930039,0.0337951597329043,0.39576306110123194
31.988282918930054,0.18693737178559533,0.033529185074654744,0.40890871939207524
31.988282918930054,0.19488342654528554,0.03332206916449161,0.41281624072458273
31.988282918930054,0.19488342654528554,0.03332206916449161,0.41281624072458273
31.988282918930054,0.19488342654528554,0.03332206916449161,0.41281624072458273
31.988282918930054,0.18983714275988664,0.026451843663789058,0.439130860889689
31.988282918930054,0.22237320803967714,0.03184941515668169,0.4260191322631318
31.988282918930054,0.22237320803967714,0.03184941515668169,0.4260191322631318
31.988282918930054,0.22956422384250183,0.031171649332237088,0.4274174253880854
31.988282918930054,0.22956422384250183,0.031171649332237088,0.4274174253880854
31.988282918930054,0.2499976491216752,0.029353263889031603,0.4327949648236328
32.988282918930054,0.2499976491216752,0.029353263889031603,0.4327949648236328
32.988282918930054,0.2569917422171263,0.028460770379543712,0.43333319779775165
32.988282918930054,0.2569917422171263,0.028460770379543712,0.43333319779775165
32.988282918930054,0.2569917422171263,0.028460770379543712,0.43333319779775165
32.988282918930054,0.2569917422171263,0.028460770379543712,0.43333319779775165
32.988282918930054,0.2515528073312054,0.023852119170586664,0.4542050049265953
32.988282918930054,0.2515528073312054,0.023852119170586664,0.4542050049265953
32.988282918930054,0.29906539803117915,0.0334035188759581,0.42858912797570975
32.988282918930054,0.29906539803117915,0.0334035188759581,0.42858912797570975
32.988282918930054,0.30746279219990685,0.03480018412900174,0.42580761744569473
33.988282918930054,0.30746279219990685,0.03480018412900174,0.42580761744569473
33.988282918930054,0.32839925276816495,0.03851372067761981,0.4192600739342791
33.988282918930054,0.32839925276816495,0.03851372067761981,0.4192600739342791
33.988282918930054,0.32839925276816495,0.03851372067761981,0.4192600739342791
33.988282918930054,0.32839925276816495,0.03851372067761981,0.4192600739342791
33.988282918930054,0.32404082451796623,0.03669449692357259,0.4391175770884367
33.988282918930054,0.32404082451796623,0.03669449692357259,0.4391175770884367
33.988282918930054,0.32404082451796623,0.03669449692357259,0.4391175770884367
33.988282918930054,0.36976699915658595,0.04666463028834166,0.40085816795648777
33.988282918930054,0.36976699915658595,0.04666463028834166,0.40085816795648777
34.988282918930054,0.3890937369926767,0.0506584947226274,0.38874572553622194
34.988282918930054,0.3890937369926767,0.0506584947226274,0.38874572553622194
34.988282918930054,0.3890937369926767,0.0506584947226274,0.38874572553622194
34.988282918930054,0.3852898456278386,0.04916702495021414,0.40807223534554593
34.988282918930054,0.3852898456278386,0.04916702495021414,0.40807223534554593
34.988282918930054,0.3852898456278386,0.04916702495021414,0.40807223534554593
34.988282918930054,0.4204023984359393,0.05801520502506409,0.36486307346178515
34.988282918930054,0.4204023984359393,0.05801520502506409,0.36486307346178515
34.988282918930054,0.4204023984359393,0.05801520502506409,0.36486307346178515
34.988282918930054,0.41706127107439983,0.05717348485941669,0.3836508809596405
35.988282918930054,0.44345286307496795,0.06316536026639422,0.3423122569056535
35.988282918930054,0.44345286307496795,0.06316536026639422,0.3423122569056535
35.988282918930054,0.448523461226077,0.06378083231590527,0.3378376922164177
35.988282918930054,0.448523461226077,0.06378083231590527,0.3378376922164177
35.988282918930054,0.45905027672027177,0.06748545523645545,0.32419583895753623
35.988282918930054,0.4692910317674287,0.07043766632948609,0.3105241640779614
35.988282918930054,0.4692910317674287,0.07043766632948609,0.3105241640779614
35.988282918930054,0.47365412841275994,0.07193686519275626,0.3051511691457076
35.988282918930054,0.47365412841275994,0.07193686519275626,0.3051511691457076
35.988282918930054,0.48687419254263176,0.07601862908014224,0.28310759607023245
36.988282918930054,0.48687419254263176,0.07601862908014224,0.28310759607023245
36.988282918930054,0.4914333141511142,0.07758438378242186,0.27460738978959315
36.988282918930054,0.4914333141511142,0.07758438378242186,0.27460738978959315
36.988282918930054,0.5017643408873275,0.08136593390213996,0.25451941426565416
36.988282918930054,0.5050751684291537,0.08268685286289186,0.24748838195081488
36.988282918930054,0.5050751684291537,0.08268685286289186,0.24748838195081488
36.988282918930054,0.5114080174086828,0.08533754130068909,0.23085921940765736
36.988282918930054,0.5114080174086828,0.08533754130068909,0.23085921940765736
36.988282918930054,0.5114080174086828,0.08533754130068909,0.23085921940765736
36.988282918930054,0.5114080174086828,0.08533754130068909,0.23085921940765736
37.988282918930054,0.5114080174086828,0.08533754130068909,0.23085921940765736
37.988282918930054,0.5109114234675791,0.0871015157416048,0.2284850068173713
37.988282918930054,0.5109114234675791,0.0871015157416048,0.2284850068173713
37.988282918930054,0.5109114234675791,0.0871015157416048,0.2284850068173713
37.988282918930054,0.5250953315133347,0.0923505615310011,0.18197613304614596
37.988282918930054,0.5250953315133347,0.0923505615310011,0.18197613304614596
37.988282918930054,0.523932992783181,0.09250639714363518,0.20240960650303289
37.988282918930054,0.5307192967052833,0.09416831707573368,0.1444033921270513
37.988282918930054,0.5307192967052833,0.09416831707573368,0.1444033921270513
37.988282918930054,0.5307192967052833,0.09416831707573368,0.1444033921270513
38.988282918930054,0.530991026244982,0.09459980278450807,0.14492842953890345
38.988282918930054,0.530991026244982,0.09459980278450807,0.14492842953890345
38.988282918930054,0.530991026244982,0.09459980278450807,0.14492842953890345
38.988282918930054,0.530991026244982,0.09459980278450807,0.14492842953890345
38.988282918930054,0.5314669691549115,0.09470968286316983,0.13646312049082074
38.988282918930054,0.5314528195313479,0.09475314234259247,0.13641818130913141
38.988282918930054,0.5314528195313479,0.09475314234259247,0.13641818130913141
38.988282918930054,0.5314528195313479,0.09475314234259247,0.13641818130913141
38.988282918930054,0.5314669691549115,0.09470968286316983,0.13646312049082074
38.988282918930054,0.5314669691549115,0.09470968286316983,0.13646312049082074
39.988282918930054,0.5314669691549115,0.09470968286316983,0.13646312049082074
39.988282918930054,0.5314669691549115,0.09470968286316983,0.13646312049082074
39.988282918930054,0.5314669691549115,0.09470968286316983,0.13646312049082074
39.988282918930054,0.5314528195313479,0.09475314234259247,0.13641818130913141
39.988282918930054,0.5314811057686646,0.09466630838390178,0.13650813188178887
39.988282918930054,0.5313923291066454,0.09478598395554355,0.1373142469709685
39.988282918930054,0.5313923291066454,0.09478598395554355,0.1373142469709685
39.988282918930054,0.5314528195313479,0.09475314234259247,0.13641818130913141
39.988282918930054,0.5314528195313479,0.09475314234259247,0.13641818130913141
39.988282918930054,0.5314669691549115,0.09470968286316983,0.13646312049082074
40.988282918930054,0.5314669691549115,0.09470968286316983,0.13646312049082074
40.988282918930054,0.5314669691549115,0.09470968286316983,0.13646312049082074
40.988282918930054,0.5314669691549115,0.09470968286316983,0.13646312049082074
40.988282918930054,0.5314528195313479,0.09475314234259247,0.13641818130913141
40.988282918930054,0.5314669691549115,0.09470968286316983,0.13646312049082074
40.988282918930054,0.5314528195313479,0.09475314234259247,0.13641818130913141
40.988282918930054,0.5314528195313479,0.09475314234259247,0.13641818130913141
40.988282918930054,0.5314528195313479,0.09475314234259247,0.13641818130913141
40.988282918930054,0.5314528195313479,0.09475314234259247,0.13641818130913141
40.988282918930054,0.5314528195313479,0.09475314234259247,0.13641818130913141
41.988282918930054,0.5314528195313479,0.09475314234259247,0.13641818130913141
41.988282918930054,0.5314382456233868,0.09474977769082113,0.13594320937142346
41.988282918930054,0.5314669691549115,0.09470968286316983,0.13646312049082074
41.988282918930054,0.5314669691549115,0.09470968286316983,0.13646312049082074
41.988282918930054,0.5314528195313479,0.09475314234259247,0.13641818130913141
41.988282918930054,0.5314528195313479,0.09475314234259247,0.13641818130913141
41.988282918930054,0.5314528195313479,0.09475314234259247,0.13641818130913141
41.988282918930054,0.5314528195313479,0.09475314234259247,0.13641818130913141
41.988282918930054,0.5314528195313479,0.09475314234259247,0.13641818130913141
41.988282918930054,0.5314528195313479,0.09475314234259247,0.13641818130913141
42.988282918930054,0.5314528195313479,0.09475314234259247,0.13641818130913141
42.988282918930054,0.5314528195313479,0.09475314234259247,0.13641818130913141
42.988282918930054,0.5314528195313479,0.09475314234259247,0.13641818130913141
42.988282918930054,0.5314528195313479,0.09475314234259247,0.13641818130913141
42.988282918930054,0.5314382456233868,0.09474977769082113,0.13594320937142346
42.988282918930054,0.5314382456233868,0.09474977769082113,0.13594320937142346
42.988282918930054,0.5314382456233868,0.09474977769082113,0.13594320937142346
42.988282918930054,0.5314382456233868,0.09474977769082113,0.13594320937142346
42.988282918930054,0.531452471663212,0.09470633585348259,0.13598814148476265
42.988282918930054,0.531452471663212,0.09470633585348259,0.13598814148476265
43.988282918930054,0.531452471663212,0.09470633585348259,0.13598814148476265
43.988282918930054,0.5314382456233868,0.09474977769082113,0.13594320937142346
43.988282918930054,0.5314382456233868,0.09474977769082113,0.13594320937142346
43.988282918930054,0.5314669691549115,0.09470968286316983,0.13646312049082074
43.988282918930054,0.5314669691549115,0.09470968286316983,0.13646312049082074
43.988282918930054,0.5314669691549115,0.09470968286316983,0.13646312049082074
43.988282918930054,0.5314669691549115,0.09470968286316983,0.13646312049082074
43.988282918930054,0.5314528195313479,0.09475314234259247,0.13641818130913141
43.988282918930054,0.5314528195313479,0.09475314234259247,0.13641818130913141
43.988282918930054,0.531452471663212,0.09470633585348259,0.13598814148476265
44.988282918930054,0.531452471663212,0.09470633585348259,0.13598814148476265
44.988282918930054,0.531452471663212,0.09470633585348259,0.13598814148476265
44.988282918930054,0.5314528195313479,0.09475314234259247,0.13641818130913141
44.988282918930054,0.5314528195313479,0.09475314234259247,0.13641818130913141
44.988282918930054,0.5314386590975249,0.094796680076729,0.13637332134847846
44.988282918930054,0.5314669691549115,0.09470968286316983,0.13646312049082074
44.988282918930054,0.5314669691549115,0.09470968286316983,0.13646312049082074
44.988282918930054,0.5314669691549115,0.09470968286316983,0.13646312049082074
44.988282918930054,0.5314528195313479,0.09475314234259247,0.13641818130913141
44.988282918930054,0.5314528195313479,0.09475314234259247,0.13641818130913141
45.988282918930054,0.5314528195313479,0.09475314234259247,0.13641818130913141
45.988282918930054,0.5314528195313479,0.09475314234259247,0.13641818130913141
45.988282918930054,0.5314528195313479,0.09475314234259247,0.13641818130913141
45.988282918930054,0.5314669691549115,0.09470968286316983,0.13646312049082074
45.988282918930054,0.5314669691549115,0.09470968286316983,0.13646312049082074
45.988282918930054,0.5314528195313479,0.09475314234259247,0.13641818130913141
45.988282918930054,0.5314528195313479,0.09475314234259247,0.13641818130913141
45.988282918930054,0.5315656388099093,0.09487229102263173,0.13620444497583273
45.988282918930054,0.5315656388099093,0.09487229102263173,0.13620444497583273
45.988282918930054,0.5315656388099093,0.09487229102263173,0.13620444497583273
46.988282918930054,0.5329966355365776,0.09766580118588838,0.12027165755052714
46.988282918930054,0.5332306912552909,0.08143659900866483,0.16433771053638735
46.988282918930054,0.5318159853186015,0.08292364468757982,0.173654599228125
46.988282918930054,0.5299014702355291,0.0820546974473051,0.18200080037584287
46.988282918930054,0.5299014702355291,0.0820546974473051,0.18200080037584287
46.988282918930054,0.5278894089547409,0.08121287628033214,0.1893246676512542
46.988282918930054,0.5258167832576467,0.08037676277653877,0.19470084148304212
46.988282918930054,0.5234098767442845,0.07934842335779975,0.20237732351877485
46.988282918930054,0.5234098767442845,0.07934842335779975,0.20237732351877485
46.988282918930054,0.5234098767442845,0.07934842335779975,0.20237732351877485
47.988282918930054,0.5234790633606152,0.07926278614852966,0.19990196492649065
47.988282918930054,0.5234790633606152,0.07926278614852966,0.19990196492649065
47.988282918930054,0.5196975145862577,0.07850715812690441,0.22013724879071322
47.988282918930054,0.5196975145862577,0.07850715812690441,0.22013724879071322
47.988282918930054,0.5198778086849545,0.07856716099896517,0.2191800394961444
47.988282918930054,0.5198778086849545,0.07856716099896517,0.2191800394961444
47.988282918930054,0.5196975145862577,0.07850715812690441,0.22013724879071322
47.988282918930054,0.5196975145862577,0.07850715812690441,0.22013724879071322
47.988282918930054,0.5198778086849545,0.07856716099896517,0.2191800394961444
47.988282918930054,0.5196975145862577,0.07850715812690441,0.22013724879071322
48.988282918930054,0.5198778086849545,0.07856716099896517,0.2191800394961444
48.988282918930054,0.5198778086849545,0.07856716099896517,0.2191800394961444
48.988282918930054,0.5198859114966636,0.07854480354500859,0.21922078624912222
48.988282918930054,0.5198859114966636,0.07854480354500859,0.21922078624912222
48.988282918930054,0.5198696947852866,0.0785895908366777,0.21913933058010382
48.988282918930054,0.5198940038151343,0.07852251682906006,0.21926157381900876
48.988282918930054,0.5198940038151343,0.07852251682906006,0.21926157381900876
48.988282918930054,0.5198940038151343,0.07852251682906006,0.21926157381900876
48.988282918930054,0.5198859114966636,0.07854480354500859,0.21922078624912222
48.988282918930054,0.5198859114966636,0.07854480354500859,0.21922078624912222
49.988282918930054,0.5198859114966636,0.07854480354500859,0.21922078624912222
49.988282918930054,0.5196894815166555,0.07852952951670933,0.22009649587800492
49.988282918930054,0.5196894815166555,0.07852952951670933,0.22009649587800492
49.988282918930054,0.5196975145862577,0.07850715812690441,0.22013724879071322
49.988282918930054,0.5196975145862577,0.07850715812690441,0.22013724879071322
49.988282918930054,0.5196975145862577,0.07850715812690441,0.22013724879071322
49.988282918930054,0.5198859114966636,0.07854480354500859,0.21922078624912222
49.988282918930054,0.5198859114966636,0.07854480354500859,0.21922078624912222
49.988282918930054,0.5198859114966636,0.07854480354500859,0.21922078624912222
49.988282918930054,0.5198778086849545,0.07856716099896517,0.2191800394961444
50.988282918930054,0.5198778086849545,0.07856716099896517,0.2191800394961444
50.988282918930054,0.5198859114966636,0.07854480354500859,0.21922078624912222
50.988282918930054,0.5198778086849545,0.07856716099896517,0.2191800394961444
50.988282918930054,0.5198778086849545,0.07856716099896517,0.2191800394961444
50.988282918930054,0.5198859114966636,0.07854480354500859,0.21922078624912222
50.988282918930054,0.5198859114966636,0.07854480354500859,0.21922078624912222
50.988282918930054,0.5198859114966636,0.07854480354500859,0.21922078624912222
50.988282918930054,0.5196894815166555,0.07852952951670933,0.22009649587800492
50.988282918930054,0.5196894815166555,0.07852952951670933,0.22009649587800492
50.988282918930054,0.5198778086849545,0.07856716099896517,0.2191800394961444
51.988282918930054,0.5198778086849545,0.07856716099896517,0.2191800394961444
51.988282918930054,0.5198859114966636,0.07854480354500859,0.21922078624912222
51.988282918930054,0.5197055370927592,0.07848485746114767,0.22017804252650058
51.988282918930054,0.5198859114966636,0.07854480354500859,0.21922078624912222
51.988282918930054,0.5198859114966636,0.07854480354500859,0.21922078624912222
51.988282918930054,0.5196975145862577,0.07850715812690441,0.22013724879071322
51.988282918930054,0.5196975145862577,0.07850715812690441,0.22013724879071322
51.988282918930054,0.5196975145862577,0.07850715812690441,0.22013724879071322
51.988282918930054,0.5212159512033748,0.08664433933197974,0.22340108733727704
51.988282918930054,0.5212159512033748,0.08664433933197974,0.22340108733727704
52.988282918930054,0.5212159512033748,0.08664433933197974,0.22340108733727704
52.988282918930054,0.5196975145862577,0.07850715812690441,0.22013724879071322
52.988282918930054,0.5196975145862577,0.07850715812690441,0.22013724879071322
52.988282918930054,0.5198859114966636,0.07854480354500859,0.21922078624912222
52.988282918930054,0.5198859114966636,0.07854480354500859,0.21922078624912222
52.988282918930054,0.5198859114966636,0.07854480354500859,0.21922078624912222
52.988282918930054,0.5198859114966636,0.07854480354500859,0.21922078624912222
52.988282918930054,0.5198859114966636,0.07854480354500859,0.21922078624912222
52.988282918930054,0.5196894815166555,0.07852952951670933,0.22009649587800492
52.988282918930054,0.5196894815166555,0.07852952951670933,0.22009649587800492
53.988282918930054,0.5198696947852866,0.0785895908366777,0.21913933058010382
53.988282918930054,0.5198696947852866,0.0785895908366777,0.21913933058010382
53.988282918930054,0.5198859114966636,0.07854480354500859,0.21922078624912222
53.988282918930054,0.5196975145862577,0.07850715812690441,0.22013724879071322
53.988282918930054,0.5196894815166555,0.07852952951670933,0.22009649587800492
53.988282918930054,0.5196894815166555,0.07852952951670933,0.22009649587800492
53.988282918930054,0.5196894815166555,0.07852952951670933,0.22009649587800492
53.988282918930054,0.5196894815166555,0.07852952951670933,0.22009649587800492
53.988282918930054,0.5196894815166555,0.07852952951670933,0.22009649587800492
53.988282918930054,0.5196894815166555,0.07852952951670933,0.22009649587800492
54.988282918930054,0.5196894815166555,0.07852952951670933,0.22009649587800492
54.988282918930054,0.5196975145862577,0.07850715812690441,0.22013724879071322
54.988282918930054,0.5196975145862577,0.07850715812690441,0.22013724879071322
54.988282918930054,0.5198859114966636,0.07854480354500859,0.21922078624912222
54.988282918930054,0.5198859114966636,0.07854480354500859,0.21922078624912222
54.988282918930054,0.5198859114966636,0.07854480354500859,0.21922078624912222
54.988282918930054,0.5198778086849545,0.07856716099896517,0.2191800394961444
54.988282918930054,0.5198778086849545,0.07856716099896517,0.2191800394961444
54.988282918930054,0.5196894815166555,0.07852952951670933,0.22009649587800492
54.988282918930054,0.5196975145862577,0.07850715812690441,0.22013724879071322
55.988282918930054,0.5198859114966636,0.07854480354500859,0.21922078624912222
55.988282918930054,0.5198859114966636,0.07854480354500859,0.21922078624912222
55.988282918930054,0.5198859114966636,0.07854480354500859,0.21922078624912222
55.988282918930054,0.5198859114966636,0.07854480354500859,0.21922078624912222
55.988282918930054,0.5198859114966636,0.07854480354500859,0.21922078624912222
55.988282918930054,0.5198859114966636,0.07854480354500859,0.21922078624912222
55.988282918930054,0.5198859114966636,0.07854480354500859,0.21922078624912222
55.988282918930054,0.5198778086849545,0.07856716099896517,0.2191800394961444
55.988282918930054,0.5198778086849545,0.07856716099896517,0.2191800394961444
55.988282918930054,0.5198778086849545,0.07856716099896517,0.2191800394961444
56.988282918930054,0.5198778086849545,0.07856716099896517,0.2191800394961444
56.988282918930054,0.5198778086849545,0.07856716099896517,0.2191800394961444
56.988282918930054,0.5198778086849545,0.07856716099896517,0.2191800394961444
56.988282918930054,0.5196975145862577,0.07850715812690441,0.22013724879071322
56.988282918930054,0.5196975145862577,0.07850715812690441,0.22013724879071322
56.988282918930054,0.5196975145862577,0.07850715812690441,0.22013724879071322
56.988282918930054,0.5197055370927592,0.07848485746114767,0.22017804252650058
56.988282918930054,0.5198859114966636,0.07854480354500859,0.21922078624912222
56.988282918930054,0.5198696947852866,0.0785895908366777,0.21913933058010382
56.988282918930054,0.5198778086849545,0.07856716099896517,0.2191800394961444
57.988282918930054,0.5198778086849545,0.07856716099896517,0.2191800394961444
57.988282918930054,0.5196975145862577,0.07850715812690441,0.22013724879071322
57.988282918930054,0.5196894815166555,0.07852952951670933,0.22009649587800492
57.988282918930054,0.5196894815166555,0.07852952951670933,0.22009649587800492
57.988282918930054,0.5196894815166555,0.07852952951670933,0.22009649587800492
57.988282918930054,0.5196894815166555,0.07852952951670933,0.22009649587800492
57.988282918930054,0.5196894815166555,0.07852952951670933,0.22009649587800492
57.988282918930054,0.5198859114966636,0.07854480354500859,0.21922078624912222
57.988282918930054,0.5196975145862577,0.07850715812690441,0.22013724879071322
57.988282918930054,0.5198859114966636,0.07854480354500859,0.21922078624912222
58.988282918930054,0.5198859114966636,0.07854480354500859,0.21922078624912222
58.988282918930054,0.5196814372943328,0.07855197327732955,0.22005578080795374
58.988282918930054,0.5196975145862577,0.07850715812690441,0.22013724879071322
58.988282918930054,0.5196975145862577,0.07850715812690441,0.22013724879071322
58.988282918930054,0.5198859114966636,0.07854480354500859,0.21922078624912222
58.988282918930054,0.5196975145862577,0.07850715812690441,0.22013724879071322
58.988282918930054,0.5198778086849545,0.07856716099896517,0.2191800394961444
58.988282918930054,0.5198778086849545,0.07856716099896517,0.2191800394961444
58.988282918930054,0.5198778086849545,0.07856716099896517,0.2191800394961444
58.988282918930054,0.5196894815166555,0.07852952951670933,0.22009649587800492
59.988282918930054,0.5198859114966636,0.07854480354500859,0.21922078624912222
59.988282918930054,0.519705453891895,0.07850874455674084,0.21965327225143857
59.988282918930054,0.5198778086849545,0.07856716099896517,0.2191800394961444
59.988282918930054,0.5198859114966636,0.07854480354500859,0.21922078624912222
59.988282918930054,0.5196894815166555,0.07852952951670933,0.22009649587800492
59.988282918930054,0.5196894815166555,0.07852952951670933,0.22009649587800492
59.988282918930054,0.5198778086849545,0.07856716099896517,0.2191800394961444
59.988282918930054,0.5198778086849545,0.07856716099896517,0.2191800394961444
59.988282918930054,0.5196975145862577,0.07850715812690441,0.22013724879071322
59.988282918930054,0.5198778086849545,0.07856716099896517,0.2191800394961444
60.988282918930054,0.5198778086849545,0.07856716099896517,0.2191800394961444
60.988282918930054,0.5196975145862577,0.07850715812690441,0.22013724879071322
60.988282918930054,0.5198859114966636,0.07854480354500859,0.21922078624912222
60.988282918930054,0.5196894815166555,0.07852952951670933,0.22009649587800492
60.988282918930054,0.5196894815166555,0.07852952951670933,0.22009649587800492
60.988282918930054,0.5196894815166555,0.07852952951670933,0.22009649587800492
60.988282918930054,0.5202369176817337,0.07959562605388606,0.22025196284085075
60.988282918930054,0.5202369176817337,0.07959562605388606,0.22025196284085075
60.988282918930054,0.5158619729453904,0.04728080478993324,0.26173932530210225
60.988282918930054,0.5158619729453904,0.04728080478993324,0.26173932530210225
61.988282918930054,0.5029041389443774,0.05085020374254794,0.30580963495285635
61.988282918930054,0.4996615330537395,-0.0016297663232933933,0.3220120430115656
61.988282918930054,0.4996615330537395,-0.0016297663232933933,0.3220120430115656
61.988282918930054,0.4996615330537395,-0.0016297663232933933,0.3220120430115656
61.988282918930054,0.4996615330537395,-0.0016297663232933933,0.3220120430115656
61.988282918930054,0.4999780722080688,0.0043197025647009005,0.3246725187214887
61.988282918930054,0.4665315534065202,-0.0009536686554076357,0.39097156964391605
61.988282918930054,0.4573436575916521,0.00048216993063073324,0.4059047343670304
61.988282918930054,0.4573436575916521,0.00048216993063073324,0.4059047343670304
61.988282918930054,0.4482046779254886,0.0019727716007997744,0.4196050363914392
62.988282918930054,0.4397474315836591,0.0044175400756685905,0.43135527889380204
62.988282918930054,0.42981031828796035,0.006724186391690208,0.4442233495900162
62.988282918930054,0.42981031828796035,0.006724186391690208,0.4442233495900162
62.988282918930054,0.4186570267562043,0.011324839476537158,0.45704514531540774
62.988282918930054,0.3989967522261383,0.014029436207243316,0.4786130517966473
62.988282918930054,0.3883412672565372,0.01628158474150799,0.48895743215730303
62.988282918930054,0.37607192651372684,0.01836461438894781,0.5002243138741623
62.988282918930054,0.3641862618749649,0.020681726612185272,0.5101809842254107
62.988282918930054,0.3641862618749649,0.020681726612185272,0.5101809842254107
62.988282918930054,0.35201837737968766,0.02282225401991711,0.5197622413259092
63.988282918930054,0.35201837737968766,0.02282225401991711,0.5197622413259092
63.988282918930054,0.31729329546465557,0.028777532060224355,0.5432929214586367
63.988282918930054,0.31729329546465557,0.028777532060224355,0.5432929214586367
63.988282918930054,0.30434275016370677,0.03132163125347791,0.5508302938680073
63.988282918930054,0.2921531081025376,0.03247990595599199,0.5575185898871209
63.988282918930054,0.2789675139985627,0.03444498099216227,0.5639966004192318
63.988282918930054,0.2656868025422925,0.03640766662746456,0.5701828184711931
63.988282918930054,0.2523454770821148,0.03760848859821646,0.5757762550559962
63.988282918930054,0.23815226422020216,0.03882666538342734,0.5820916134336622
63.988282918930054,0.22491284677280282,0.03794936662841951,0.5882220566476435
64.98828291893005,0.21228681238981745,0.03745859383217619,0.5936177819685163
64.98828291893005,0.19872168241744503,0.036904011189585195,0.5989968439603264
64.98828291893005,0.19872168241744503,0.036904011189585195,0.5989968439603264
64.98828291893005,0.19872168241744503,0.036904011189585195,0.5989968439603264
64.98828291893005,0.19872168241744503,0.036904011189585195,0.5989968439603264
64.98828291893005,0.19872168241744503,0.036904011189585195,0.5989968439603264
64.98828291893005,0.20105705090032283,0.03530541566255413,0.5971347738943454
64.98828291893005,0.20105705090032283,0.03530541566255413,0.5971347738943454
64.98828291893005,0.12121748927894353,0.03332919449194202,0.6220473875115684
64.98828291893005,0.10866010897058431,0.03257148102698253,0.6245753745475913
65.98828291893005,0.10866010897058431,0.03257148102698253,0.6245753745475913
65.98828291893005,0.09409745357498908,0.030963959891643265,0.6269543322233886
65.98828291893005,0.09409745357498908,0.030963959891643265,0.6269543322233886
65.98828291893005,0.09563313722806668,0.029568053348696485,0.6261836565218263
65.98828291893005,0.038305336974617465,0.028583328548821525,0.6333468011253756
65.98828291893005,0.023585340127523093,0.027688849564857117,0.6339847383736421
65.98828291893005,0.023585340127523093,0.027688849564857117,0.6339847383736421
65.98828291893005,0.023585340127523093,0.027688849564857117,0.6339847383736421
65.98828291893005,-0.0027358446850363413,0.025256816059009674,0.6339494267350049
65.98828291893005,-0.0307444390290688,0.024103548403066923,0.6329396043173031
66.98828291893005,-0.0307444390290688,0.024103548403066923,0.6329396043173031
66.98828291893005,-0.0307444390290688,0.024103548403066923,0.6329396043173031
66.98828291893005,-0.028799840673350313,0.02138093610828319,0.632552539726295
66.98828291893005,-0.08625574301529407,0.020316812426974494,0.6260244835076879
66.98828291893005,-0.08625574301529407,0.020316812426974494,0.6260244835076879
66.98828291893005,-0.10059142976528615,0.01942607981785315,0.6234020133335362
66.98828291893005,-0.1160766133412928,0.01806009356820173,0.6199710680840669
66.98828291893005,-0.1296159702684721,0.01672106127366168,0.6165319213362248
66.98828291893005,-0.1445396618917446,0.015878766039592533,0.6124587964642387
66.98828291893005,-0.1573617094451381,0.01488521964643117,0.6085935483970626
67.98828291893005,-0.1573617094451381,0.01488521964643117,0.6085935483970626
67.98828291893005,-0.16026293741360645,0.01821180733180417,0.5955320364069507
67.98828291893005,-0.16026293741360645,0.01821180733180417,0.5955320364069507
67.98828291893005,-0.20986105235109592,0.010668834395963105,0.588380481466446
67.98828291893005,-0.2249146123481988,0.009577870961607324,0.5817540093131653
67.98828291893005,-0.23739042735693558,0.007727424550728744,0.5752862063382285
67.98828291893005,-0.23739042735693558,0.007727424550728744,0.5752862063382285
67.98828291893005,-0.2517447856832573,0.006536796662059283,0.56839457964836
67.98828291893005,-0.26335902087651486,0.0049124968647655115,0.5609819493177153
67.98828291893005,-0.27822540636185994,0.004670076319930445,0.5525196878904944
68.98828291893005,-0.289439943907757,0.0028477045879211,0.544876528578402
68.98828291893005,-0.30341216701551743,0.0019943018327096065,0.5357081030271444
68.98828291893005,-0.31529863754359827,0.00012435878514615098,0.526469262934886
68.98828291893005,-0.31529863754359827,0.00012435878514615098,0.526469262934886
68.98828291893005,-0.3156472553460923,-0.0018289109075531156,0.526556525058258
68.98828291893005,-0.34874677313779145,-0.0024953686441505883,0.49929056939143385
68.98828291893005,-0.34874677313779145,-0.0024953686441505883,0.49929056939143385
68.98828291893005,-0.36038273401041004,-0.002609652458230468,0.4881377293511292
68.98828291893005,-0.36038273401041004,-0.002609652458230468,0.4881377293511292
68.98828291893005,-0.38138285362417323,-0.0026823086678318987,0.46741190257612397
69.98828291893005,-0.38138285362417323,-0.0026823086678318987,0.46741190257612397
69.98828291893005,-0.38138285362417323,-0.0026823086678318987,0.46741190257612397
69.98828291893005,-0.3815308056202228,-0.002016700774461217,0.4674053673140549
69.98828291893005,-0.3815308056202228,-0.002016700774461217,0.4674053673140549
69.98828291893005,-0.3815308056202228,-0.002016700774461217,0.4674053673140549
69.98828291893005,-0.38191952763308834,-0.0026839654665602834,0.46714819867241764
69.98828291893005,-0.38191952763308834,-0.0026839654665602834,0.46714819867241764
69.98828291893005,-0.38191952763308834,-0.0026839654665602834,0.46714819867241764
69.98828291893005,-0.38191952763308834,-0.0026839654665602834,0.46714819867241764
69.98828291893005,-0.38191952763308834,-0.0026839654665602834,0.46714819867241764
70.98828291893005,-0.38191952763308834,-0.0026839654665602834,0.46714819867241764
70.98828291893005,-0.38191952763308834,-0.0026839654665602834,0.46714819867241764
70.98828291893005,-0.3815308056202228,-0.002016700774461217,0.4674053673140549
70.98828291893005,-0.3815308056202228,-0.002016700774461217,0.4674053673140549
70.98828291893005,-0.3815308056202228,-0.002016700774461217,0.4674053673140549
70.98828291893005,-0.3815308056202228,-0.002016700774461217,0.4674053673140549
70.98828291893005,-0.3815308056202228,-0.002016700774461217,0.4674053673140549
70.98828291893005,-0.38191952763308834,-0.0026839654665602834,0.46714819867241764
70.98828291893005,-0.38191952763308834,-0.0026839654665602834,0.46714819867241764
70.98828291893005,-0.38191952763308834,-0.0026839654665602834,0.46714819867241764
71.98828291893005,-0.38152670471058553,-0.0026825942502866074,0.4674053673140549
71.98828291893005,-0.3815308056202228,-0.002016700774461217,0.4674053673140549
71.98828291893005,-0.38192363033764504,-0.0020173863836467805,0.46714819867241764
71.98828291893005,-0.38192363033764504,-0.0020173863836467805,0.46714819867241764
71.98828291893005,-0.38152670471058553,-0.0026825942502866074,0.4674053673140549
71.98828291893005,-0.38152670471058553,-0.0026825942502866074,0.4674053673140549
71.98828291893005,-0.38191952763308834,-0.0026839654665602834,0.46714819867241764
71.98828291893005,-0.38192363033764504,-0.0020173863836467805,0.46714819867241764
71.98828291893005,-0.38192363033764504,-0.0020173863836467805,0.46714819867241764
71.98828291893005,-0.38192363033764504,-0.0020173863836467805,0.46714819867241764
72.98828291893005,-0.38192363033764504,-0.0020173863836467805,0.46714819867241764
72.98828291893005,-0.38192363033764504,-0.0020173863836467805,0.46714819867241764
72.98828291893005,-0.38192363033764504,-0.0020173863836467805,0.46714819867241764
72.98828291893005,-0.3815308056202228,-0.002016700774461217,0.4674053673140549
72.98828291893005,-0.38192363033764504,-0.0020173863836467805,0.46714819867241764
72.98828291893005,-0.38192363033764504,-0.0020173863836467805,0.46714819867241764
72.98828291893005,-0.38192363033764504,-0.0020173863836467805,0.46714819867241764
72.98828291893005,-0.38192363033764504,-0.0020173863836467805,0.46714819867241764
72.98828291893005,-0.3815308056202228,-0.002016700774461217,0.4674053673140549
72.98828291893005,-0.3815308056202228,-0.002016700774461217,0.4674053673140549
73.98828291893005,-0.38192363033764504,-0.0020173863836467805,0.46714819867241764
73.98828291893005,-0.3815308056202228,-0.002016700774461217,0.4674053673140549
73.98828291893005,-0.3815308056202228,-0.002016700774461217,0.4674053673140549
73.98828291893005,-0.3815308056202228,-0.002016700774461217,0.4674053673140549
73.98828291893005,-0.3815308056202228,-0.002016700774461217,0.4674053673140549
73.98828291893005,-0.38192363033764504,-0.0020173863836467805,0.46714819867241764
73.98828291893005,-0.38192363033764504,-0.0020173863836467805,0.46714819867241764
73.98828291893005,-0.3815308056202228,-0.002016700774461217,0.4674053673140549
73.98828291893005,-0.3815308056202228,-0.002016700774461217,0.4674053673140549
73.98828291893005,-0.38192363033764504,-0.0020173863836467805,0.46714819867241764
74.98828291893005,-0.38192363033764504,-0.0020173863836467805,0.46714819867241764
74.98828291893005,-0.38192363033764504,-0.0020173863836467805,0.46714819867241764
74.98828291893005,-0.38152670471058553,-0.0026825942502866074,0.4674053673140549
74.98828291893005,-0.3815308056202228,-0.002016700774461217,0.4674053673140549
74.98828291893005,-0.38152670471058553,-0.0026825942502866074,0.4674053673140549
74.98828291893005,-0.3815308056202228,-0.002016700774461217,0.4674053673140549
74.98828291893005,-0.38192363033764504,-0.0020173863836467805,0.46714819867241764
74.98828291893005,-0.38192363033764504,-0.0020173863836467805,0.46714819867241764
74.98828291893005,-0.3815308056202228,-0.002016700774461217,0.4674053673140549
74.98828291893005,-0.3815308056202228,-0.002016700774461217,0.4674053673140549
75.98828291893005,-0.3815308056202228,-0.002016700774461217,0.4674053673140549
75.98828291893005,-0.3815308056202228,-0.002016700774461217,0.4674053673140549
75.98828291893005,-0.3815308056202228,-0.002016700774461217,0.4674053673140549
75.98828291893005,-0.38192363033764504,-0.0020173863836467805,0.46714819867241764
75.98828291893005,-0.3815308056202228,-0.002016700774461217,0.4674053673140549
75.98828291893005,-0.3815308056202228,-0.002016700774461217,0.4674053673140549
75.98828291893005,-0.3815308056202228,-0.002016700774461217,0.4674053673140549
75.98828291893005,-0.3815308056202228,-0.002016700774461217,0.4674053673140549
75.98828291893005,-0.38192363033764504,-0.0020173863836467805,0.46714819867241764
75.98828291893005,-0.3815308056202228,-0.002016700774461217,0.4674053673140549
76.98828291893005,-0.38192363033764504,-0.0020173863836467805,0.46714819867241764
76.98828291893005,-0.3815308056202228,-0.002016700774461217,0.4674053673140549
76.98828291893005,-0.3815308056202228,-0.002016700774461217,0.4674053673140549
76.98828291893005,-0.3815308056202228,-0.002016700774461217,0.4674053673140549
76.98828291893005,-0.38152670471058553,-0.0026825942502866074,0.4674053673140549
76.98828291893005,-0.38192363033764504,-0.0020173863836467805,0.46714819867241764
76.98828291893005,-0.3815308056202228,-0.002016700774461217,0.4674053673140549
76.98828291893005,-0.38192363033764504,-0.0020173863836467805,0.46714819867241764
76.98828291893005,-0.38192363033764504,-0.0020173863836467805,0.46714819867241764
76.98828291893005,-0.38192363033764504,-0.0020173863836467805,0.46714819867241764
77.98828291893005,-0.38192363033764504,-0.0020173863836467805,0.46714819867241764
77.98828291893005,-0.38192363033764504,-0.0020173863836467805,0.46714819867241764
77.98828291893005,-0.3815308056202228,-0.002016700774461217,0.4674053673140549
77.98828291893005,-0.3815308056202228,-0.002016700774461217,0.4674053673140549
77.98828291893005,-0.38192363033764504,-0.0020173863836467805,0.46714819867241764
77.98828291893005,-0.38192363033764504,-0.0020173863836467805,0.46714819867241764
77.98828291893005,-0.38192363033764504,-0.0020173863836467805,0.46714819867241764
77.98828291893005,-0.38192363033764504,-0.0020173863836467805,0.46714819867241764
77.98828291893005,-0.38192363033764504,-0.0020173863836467805,0.46714819867241764
77.98828291893005,-0.38192363033764504,-0.0020173863836467805,0.46714819867241764
78.98828291893005,-0.38192363033764504,-0.0020173863836467805,0.46714819867241764
78.98828291893005,-0.3815308056202228,-0.002016700774461217,0.4674053673140549
78.98828291893005,-0.38192363033764504,-0.0020173863836467805,0.46714819867241764
78.98828291893005,-0.38192363033764504,-0.0020173863836467805,0.46714819867241764
78.98828291893005,-0.3815308056202228,-0.002016700774461217,0.4674053673140549
78.98828291893005,-0.38192363033764504,-0.0020173863836467805,0.46714819867241764
78.98828291893005,-0.3815308056202228,-0.002016700774461217,0.4674053673140549
78.98828291893005,-0.38192363033764504,-0.0020173863836467805,0.46714819867241764
78.98828291893005,-0.38192363033764504,-0.0020173863836467805,0.46714819867241764
78.98828291893005,-0.38192363033764504,-0.0020173863836467805,0.46714819867241764
79.98828291893005,-0.38192363033764504,-0.0020173863836467805,0.46714819867241764
79.98828291893005,-0.38191952763308834,-0.0026839654665602834,0.46714819867241764
79.98828291893005,-0.38192363033764504,-0.0020173863836467805,0.46714819867241764
79.98828291893005,-0.38192363033764504,-0.0020173863836467805,0.46714819867241764
79.98828291893005,-0.38192363033764504,-0.0020173863836467805,0.46714819867241764
79.98828291893005,-0.3815308056202228,-0.002016700774461217,0.4674053673140549
79.98828291893005,-0.38192363033764504,-0.0020173863836467805,0.46714819867241764
79.98828291893005,-0.38192363033764504,-0.0020173863836467805,0.46714819867241764
79.98828291893005,-0.38192363033764504,-0.0020173863836467805,0.46714819867241764
79.98828291893005,-0.38192363033764504,-0.0020173863836467805,0.46714819867241764
80.98828291893005,-0.38192363033764504,-0.0020173863836467805,0.46714819867241764
80.98828291893005,-0.38192363033764504,-0.0020173863836467805,0.46714819867241764
80.98828291893005,-0.38192363033764504,-0.0020173863836467805,0.46714819867241764
80.98828291893005,-0.3815308056202228,-0.002016700774461217,0.4674053673140549
80.98828291893005,-0.3815308056202228,-0.002016700774461217,0.4674053673140549
80.98828291893005,-0.38192363033764504,-0.0020173863836467805,0.46714819867241764
80.98828291893005,-0.38192363033764504,-0.0020173863836467805,0.46714819867241764
80.98828291893005,-0.38192363033764504,-0.0020173863836467805,0.46714819867241764
80.98828291893005,-0.38192363033764504,-0.0020173863836467805,0.46714819867241764
80.98828291893005,-0.38192363033764504,-0.0020173863836467805,0.46714819867241764
81.98828291893005,-0.38192363033764504,-0.0020173863836467805,0.46714819867241764
81.98828291893005,-0.38192363033764504,-0.0020173863836467805,0.46714819867241764
81.98828291893005,-0.38192363033764504,-0.0020173863836467805,0.46714819867241764
81.98828291893005,-0.38192363033764504,-0.0020173863836467805,0.46714819867241764
81.98828291893005,-0.3815308056202228,-0.002016700774461217,0.4674053673140549
81.98828291893005,-0.38192363033764504,-0.0020173863836467805,0.46714819867241764
81.98828291893005,-0.38192363033764504,-0.0020173863836467805,0.46714819867241764
81.98828291893005,-0.38192363033764504,-0.0020173863836467805,0.46714819867241764
81.98828291893005,-0.3815308056202228,-0.002016700774461217,0.4674053673140549
81.98828291893005,-0.3815308056202228,-0.002016700774461217,0.4674053673140549
82.98828291893005,-0.38192363033764504,-0.0020173863836467805,0.46714819867241764
82.98828291893005,-0.38192363033764504,-0.0020173863836467805,0.46714819867241764
82.98828291893005,-0.38192363033764504,-0.0020173863836467805,0.46714819867241764
82.98828291893005,-0.38192363033764504,-0.0020173863836467805,0.46714819867241764
82.98828291893005,-0.38192363033764504,-0.0020173863836467805,0.46714819867241764
82.98828291893005,-0.38192363033764504,-0.0020173863836467805,0.46714819867241764
82.98828291893005,-0.38192363033764504,-0.0020173863836467805,0.46714819867241764
82.98828291893005,-0.38192363033764504,-0.0020173863836467805,0.46714819867241764
82.98828291893005,-0.38192363033764504,-0.0020173863836467805,0.46714819867241764
82.98828291893005,-0.38192363033764504,-0.0020173863836467805,0.46714819867241764
83.98828291893005,-0.38192363033764504,-0.0020173863836467805,0.46714819867241764
83.98828291893005,-0.38192363033764504,-0.0020173863836467805,0.46714819867241764
83.98828291893005,-0.38192363033764504,-0.0020173863836467805,0.46714819867241764
83.98828291893005,-0.38192363033764504,-0.0020173863836467805,0.46714819867241764
83.98828291893005,-0.38192363033764504,-0.0020173863836467805,0.46714819867241764
83.98828291893005,-0.38192363033764504,-0.0020173863836467805,0.46714819867241764
83.98828291893005,-0.38192363033764504,-0.0020173863836467805,0.46714819867241764
83.98828291893005,-0.38192363033764504,-0.0020173863836467805,0.46714819867241764
83.98828291893005,-0.38192363033764504,-0.0020173863836467805,0.46714819867241764
83.98828291893005,-0.38192363033764504,-0.0020173863836467805,0.46714819867241764
84.98828291893005,-0.38192363033764504,-0.0020173863836467805,0.46714819867241764
84.98828291893005,-0.38192363033764504,-0.0020173863836467805,0.46714819867241764
84.98828291893005,-0.38192363033764504,-0.0020173863836467805,0.46714819867241764
84.98828291893005,-0.38192363033764504,-0.0020173863836467805,0.46714819867241764
84.98828291893005,-0.38192363033764504,-0.0020173863836467805,0.46714819867241764
84.98828291893005,-0.3815308056202228,-0.002016700774461217,0.4674053673140549
84.98828291893005,-0.38192363033764504,-0.0020173863836467805,0.46714819867241764
84.98828291893005,-0.38192363033764504,-0.0020173863836467805,0.46714819867241764
84.98828291893005,-0.38192363033764504,-0.0020173863836467805,0.46714819867241764
84.98828291893005,-0.38192363033764504,-0.0020173863836467805,0.46714819867241764
85.98828291893005,-0.3815308056202228,-0.002016700774461217,0.4674053673140549
85.98828291893005,-0.38152670471058553,-0.0026825942502866074,0.4674053673140549
85.98828291893005,-0.38113754765818353,-0.00201601440912038,0.46766184016840745
85.98828291893005,-0.38113754765818353,-0.00201601440912038,0.46766184016840745
85.98828291893005,-0.38113754765818353,-0.00201601440912038,0.46766184016840745
85.98828291893005,-0.38113754765818353,-0.00201601440912038,0.46766184016840745
85.98828291893005,-0.3747853521930375,-0.0020049277249940926,0.4716715397215662
85.98828291893005,-0.3555114986198905,-0.001971288469465888,0.4824042386484571
85.98828291893005,-0.3481891852759072,-0.0019587251620906236,0.48587812341762926
85.98828291893005,-0.3481891852759072,-0.0019587251620906236,0.48587812341762926
86.98828291893005,-0.33185178612368416,-0.0019435785826511336,0.48747651470732656
86.98828291893005,-0.33185178612368416,-0.0019435785826511336,0.48747651470732656
86.98828291893005,-0.3207631648079758,-0.0019108576763934987,0.49689494210144713
86.98828291893005,-0.31261009386696753,-0.001897491863216163,0.4992084957951652
86.98828291893005,-0.3055425500353348,-0.0018849409973951958,0.5013309759994441
86.98828291893005,-0.29782408251527825,-0.0018714697162115594,0.5033279351901101
86.98828291893005,-0.290049769988517,-0.0018579009670037436,0.5050950370457082
86.98828291893005,-0.290049769988517,-0.0018579009670037436,0.5050950370457082
86.98828291893005,-0.28222645603116797,-0.0018442466940777995,0.5066307260208428
86.98828291893005,-0.27389719864138407,-0.001829709382360472,0.5080030175243987
87.98828291893005,-0.26646042550475973,-0.001816729751141305,0.5090026607438093
87.98828291893005,-0.2589986224254027,-0.0018037064343864213,0.5097942688458446
87.98828291893005,-0.2515176434600879,-0.001790649649363013,0.510377220785065
87.98828291893005,-0.24308585004671263,-0.0017759333783426735,0.5107830757371739
87.98828291893005,-0.24308585004671263,-0.0017759333783426735,0.5107830757371739
87.98828291893005,-0.2351144731844713,-0.0017620206866353731,0.5109230152937675
87.98828291893005,-0.2351144731844713,-0.0017620206866353731,0.5109230152937675
87.98828291893005,-0.2351144731844713,-0.0017620206866353731,0.5109230152937675
87.98828291893005,-0.21309407590527232,-0.0017235878030991622,0.5100792839628836
87.98828291893005,-0.21309407590527232,-0.0017235878030991622,0.5100792839628836
88.98828291893005,-0.21309407590527232,-0.0017235878030991622,0.5100792839628836
88.98828291893005,-0.19168010454933126,-0.0016125471877290916,0.5075090291340264
88.98828291893005,-0.19168010454933126,-0.0016125471877290916,0.5075090291340264
88.98828291893005,-0.19168010454933126,-0.0016125471877290916,0.5075090291340264
88.98828291893005,-0.1700855016267836,-0.0015748574563302538,0.5031178148707364
88.98828291893005,-0.1700855016267836,-0.0015748574563302538,0.5031178148707364
88.98828291893005,-0.15607001282204552,-0.0015503957882800484,0.4992588183585722
88.98828291893005,-0.14892332198001107,-0.00153792244671851,0.49697193437993054
88.98828291893005,-0.14131306815620015,-0.0014507585980967491,0.4942125252746167
88.98828291893005,-0.13344340329377788,-0.0014370234275185127,0.49116473329294696
89.98828291893005,-0.12696111919359637,-0.0014257096956886567,0.48843709315473244
89.98828291893005,-0.1190481541780228,-0.0014118989520079915,0.485350222186363
89.98828291893005,-0.11254736851863872,-0.0014005529288368714,0.4816327995134597
89.98828291893005,-0.10590979522091712,-0.001388968165949512,0.47813755943544867
89.98828291893005,-0.09833121217780237,-0.001301860190019287,0.4743947368044437
89.98828291893005,-0.09833121217780237,-0.001301860190019287,0.4743947368044437
89.98828291893005,-0.0921439255818452,-0.0013649421660052036,0.4701029151265308
89.98828291893005,-0.0921439255818452,-0.0013649421660052036,0.4701029151265308
89.98828291893005,-0.0921439255818452,-0.0013649421660052036,0.4701029151265308
89.98828291893005,-0.07979609783949795,-0.0013433911186394587,0.46248610601704204
90.98828291893005,-0.06739605469133562,-0.0012478680986131342,0.45323638660348653
90.98828291893005,-0.06193987388778298,-0.001238345256756073,0.4487990274733371
90.98828291893005,-0.05554857402951435,-0.0012271903225641208,0.44328794671822846
90.98828291893005,-0.04963511884277717,-0.0012164385216257428,0.4377624782743773
90.98828291893005,-0.04392715406865713,-0.0012064762333874775,0.4322026375397618
90.98828291893005,-0.03873875180641373,-0.0011978516176405773,0.4269579436624676
90.98828291893005,-0.033667889123283376,-0.001189001283476182,0.42142978634351164
90.98828291893005,-0.028451483870856942,-0.0011798969293460512,0.41540344931996054
90.98828291893005,-0.028451483870856942,-0.0011798969293460512,0.41540344931996054
90.98828291893005,-0.02341614740955368,-0.0011711086002035818,0.4092250064257502
91.98828291893005,-0.01855201430518194,-0.0011621882137023802,0.40275661626312004
91.98828291893005,-0.013628351329172117,-0.0011535947917667572,0.3959054104859674
91.98828291893005,-0.008950622880712036,-0.0012197423103960485,0.3898478313414294
91.98828291893005,-0.005663503207827769,-0.0011401243588315124,0.38389937377503397
91.98828291893005,-0.001342535993159255,-0.0011321519766341916,0.37732325693249663
91.98828291893005,0.0029818176036547628,-0.0010505090943987057,0.36953874146237864
91.98828291893005,0.006642335600109295,-0.0011186465961245916,0.3625981251752492
91.98828291893005,0.009871509412829604,-0.0010384843012907277,0.3556918901366748
91.98828291893005,0.009871509412829604,-0.0010384843012907277,0.3556918901366748
91.98828291893005,0.012941872126241427,-0.0011076518193669643,0.3489831026716573
92.98828291893005,0.01580213602109877,-0.0011302379491613772,0.3420489963324395
92.98828291893005,0.018631777790652185,-0.001097721050297179,0.33459701847999035
92.98828291893005,0.02135179184294822,-0.0011666391325225595,0.3264781704178757
92.98828291893005,0.023715115905454054,-0.0011625143496455694,0.3188684697652331
92.98828291893005,0.02573178369427187,-0.0010108028720277225,0.3116461955948374
92.98828291893005,0.027590535731789392,-0.0010820850518631908,0.30450618857088396
92.98828291893005,0.029251459324012033,-0.0010787553264536807,0.29658525027671195
92.98828291893005,0.0307224793694445,-0.0010557117451575407,0.28875487719114906
92.98828291893005,0.0307224793694445,-0.0010557117451575407,0.28875487719114906
92.98828291893005,0.03195173892123125,-0.00113023794914165,0.2814800502249935
93.98828291893005,0.033261611126776405,-0.0011302379491549795,0.27351783103458127
93.98828291893005,0.033700916398822195,-0.001129807085943551,0.26551500792582705
93.98828291893005,0.03422447507190997,-0.0011298070859699257,0.2580337639686085
93.98828291893005,0.03455164665813511,-0.0011298070860025003,0.2500722427515901
93.98828291893005,0.03495251190738184,-0.0010692359664049925,0.24404249600073907
93.98828291893005,0.03495251190738184,-0.0010692359664049925,0.24404249600073907
93.98828291893005,0.03495251190738184,-0.0010692359664049925,0.24404249600073907
93.98828291893005,0.03495251190738184,-0.0010692359664049925,0.24404249600073907
93.98828291893005,0.034948286403978915,-0.001130237949275456,0.2421670294585388
93.98828291893005,0.03464248664121636,-0.0010557117453091833,0.24210505599957108
94.98828291893005,0.034948286403978915,-0.001130237949275456,0.2421670294585388
94.98828291893005,0.034948286403978915,-0.001130237949275456,0.2421670294585388
94.98828291893005,0.034948286403978915,-0.001130237949275456,0.2421670294585388
94.98828291893005,0.034948286403978915,-0.001130237949275456,0.2421670294585388
94.98828291893005,0.034948286403978915,-0.001130237949275456,0.2421670294585388
94.98828291893005,0.034948286403978915,-0.001130237949275456,0.2421670294585388
94.98828291893005,0.034950090450255336,-0.0011302379492731246,0.24263590281348468
94.98828291893005,0.03464248570528786,-0.0011298070860397413,0.24210451976422542
94.98828291893005,0.034948286403978915,-0.001130237949275456,0.2421670294585388
94.98828291893005,0.034950090450255336,-0.0011302379492731246,0.24263590281348468
95.98828291893005,0.03494828827251725,-0.001056358038541469,0.2421675647514433
95.98828291893005,0.03494828827251725,-0.001056358038541469,0.2421675647514433
95.98828291893005,0.038340003376466536,-0.001135443205163525,0.2405913235926331
95.98828291893005,0.042449740796743865,-0.001142037649461164,0.24151754502577114
95.98828291893005,0.04726753648693406,-0.001084089317984139,0.24210910371099392
95.98828291893005,0.05217836391448827,-0.0010949365874257447,0.24268617015480742
95.98828291893005,0.05702814148581957,-0.0011052360772979518,0.24300311440966205
95.98828291893005,0.06188806175422615,-0.0011156543309257354,0.24318250418116136
95.98828291893005,0.06682995160879004,-0.001126889995167274,0.24334661868111923
95.98828291893005,0.07177448588694399,-0.0011382438864879843,0.24337268560145875
96.98828291893005,0.07656640298816893,-0.001105026160230855,0.24301623957775165
96.98828291893005,0.07656640298816893,-0.001105026160230855,0.24301623957775165
96.98828291893005,0.08150456389575846,-0.0011598202674473757,0.2427657932105693
96.98828291893005,0.08650981614122022,-0.0011721951332050277,0.2425004084256875
96.98828291893005,0.09135070131283622,-0.0011515908236549195,0.24185314463261579
96.98828291893005,0.0959449166339949,-0.0011942546446766303,0.241235830156186
96.98828291893005,0.10171711615027093,-0.0005636075044524284,0.246641690711072
96.98828291893005,0.10905081598957049,-0.0005656868790832568,0.2536785456560356
96.98828291893005,0.11566843412753929,-0.0005983758458060623,0.2596521708768816
96.98828291893005,0.12280219146890135,-0.0006334318239913685,0.265892691098739
97.98828291893005,0.12280219146890135,-0.0006334318239913685,0.265892691098739
97.98828291893005,0.13039936854756035,-0.0006670200686468009,0.272237233963762
97.98828291893005,0.1376124771139835,-0.0006980407405526787,0.27803189892190516
97.98828291893005,0.1376124771139835,-0.0006980407405526787,0.27803189892190516
97.98828291893005,0.14431829495401194,-0.0007349134103339615,0.2826035211521408
97.98828291893005,0.14431829495401194,-0.0007349134103339615,0.2826035211521408
97.98828291893005,0.14637108293733897,-0.0008885247915814895,0.28850432479224825
97.98828291893005,0.14637108293733897,-0.0008885247915814895,0.28850432479224825
97.98828291893005,0.14637108293733897,-0.0008885247915814895,0.28850432479224825
97.98828291893005,0.16455333653833548,-0.0008250564944258659,0.2719377945575267
98.98828291893005,0.16455333653833548,-0.0008250564944258659,0.2719377945575267
98.98828291893005,0.16455333653833548,-0.0008250564944258659,0.2719377945575267
98.98828291893005,0.16600208401402494,-0.0009362461864315455,0.2753211556451015
98.98828291893005,0.16600208401402494,-0.0009362461864315455,0.2753211556451015
98.98828291893005,0.19318299336512446,-0.0008413665269087559,0.2434124985803607
98.98828291893005,0.19318299336512446,-0.0008413665269087559,0.2434124985803607
98.98828291893005,0.19318299336512446,-0.0008413665269087559,0.2434124985803607
98.98828291893005,0.19746195516225284,-0.0004626493758613792,0.23964316036256958
98.98828291893005,0.19746195516225284,-0.0004626493758613792,0.23964316036256958
98.98828291893005,0.19746195516225284,-0.0004626493758613792,0.23964316036256958
99.98828291893005,0.19746195516225284,-0.0004626493758613792,0.23964316036256958
99.98828291893005,0.19746195516225284,-0.0004626493758613792,0.23964316036256958
99.98828291893005,0.19746195516225284,-0.0004626493758613792,0.23964316036256958
99.98828291893005,0.21944604504082388,0.004625214603906885,0.1977558766718948
99.98828291893005,0.22182033862257278,0.004712275993332866,0.19159359556887362
99.98828291893005,0.22182033862257278,0.004712275993332866,0.19159359556887362
99.98828291893005,0.22182033862257278,0.004712275993332866,0.19159359556887362
99.98828291893005,0.2259248238028106,0.004845015644322451,0.17947451012013615
99.98828291893005,0.2259248238028106,0.004845015644322451,0.17947451012013615
99.98828291893005,0.2259248238028106,0.004845015644322451,0.17947451012013615
100.98828291893005,0.2293795143130345,0.004941969932167462,0.16764314834282842
100.98828291893005,0.2293795143130345,0.004941969932167462,0.16764314834282842
100.98828291893005,0.22939536754370543,0.004141256184102576,0.16764314834282842
100.98828291893005,0.22939536754370543,0.004141256184102576,0.16764314834282842
100.98828291893005,0.22929273533617697,0.0037671561861094723,0.16755340721457648
100.98828291893005,0.23209293937489495,0.003825437982521048,0.15790285118289654
100.98828291893005,0.2317145668188187,0.0038135471462165116,0.15758133079619563
100.98828291893005,0.23160124696726755,0.003839704084865163,0.15749641351086824
100.98828291893005,0.2317145668188187,0.0038135471462165116,0.15758133079619563
100.98828291893005,0.2317145668188187,0.0038135471462165116,0.15758133079619563
101.98828291893005,0.2317145668188187,0.0038135471462165116,0.15758133079619563
101.98828291893005,0.23160124696726755,0.003839704084865163,0.15749641351086824
101.98828291893005,0.23160124696726755,0.003839704084865163,0.15749641351086824
101.98828291893005,0.23160124696726755,0.003839704084865163,0.15749641351086824
101.98828291893005,0.2317145668188187,0.0038135471462165116,0.15758133079619563
101.98828291893005,0.2317145668188187,0.0038135471462165116,0.15758133079619563
101.98828291893005,0.23160124696726755,0.003839704084865163,0.15749641351086824
101.98828291893005,0.23160124696726755,0.003839704084865163,0.15749641351086824
101.98828291893005,0.23197976782766797,0.0038515995818207277,0.15781773778111544
101.98828291893005,0.23160124696726755,0.003839704084865163,0.15749641351086824
102.98828291893005,0.2317145668188187,0.0038135471462165116,0.15758133079619563
102.98828291893005,0.2317145668188187,0.0038135471462165116,0.15758133079619563
102.98828291893005,0.2317145668188187,0.0038135471462165116,0.15758133079619563
102.98828291893005,0.23160124696726755,0.003839704084865163,0.15749641351086824
102.98828291893005,0.2317145668188187,0.0038135471462165116,0.15758133079619563
102.98828291893005,0.2317145668188187,0.0038135471462165116,0.15758133079619563
102.98828291893005,0.23160124696726755,0.003839704084865163,0.15749641351086824
102.98828291893005,0.23160124696726755,0.003839704084865163,0.15749641351086824
102.98828291893005,0.23160124696726755,0.003839704084865163,0.15749641351086824
102.98828291893005,0.23209293937489495,0.003825437982521048,0.15790285118289654
103.98828291893005,0.23209293937489495,0.003825437982521048,0.15790285118289654
103.98828291893005,0.2317145668188187,0.0038135471462165116,0.15758133079619563
103.98828291893005,0.2317145668188187,0.0038135471462165116,0.15758133079619563
103.98828291893005,0.23197976782766797,0.0038515995818207277,0.15781773778111544
103.98828291893005,0.23160124696726755,0.003839704084865163,0.15749641351086824
103.98828291893005,0.23160124696726755,0.003839704084865163,0.15749641351086824
103.98828291893005,0.23160124696726755,0.003839704084865163,0.15749641351086824
103.98828291893005,0.2317145668188187,0.0038135471462165116,0.15758133079619563
103.98828291893005,0.2317145668188187,0.0038135471462165116,0.15758133079619563
103.98828291893005,0.2317145668188187,0.0038135471462165116,0.15758133079619563
104.98828291893005,0.23160124696726755,0.003839704084865163,0.15749641351086824
104.98828291893005,0.2317145668188187,0.0038135471462165116,0.15758133079619563
104.98828291893005,0.23160124696726755,0.003839704084865163,0.15749641351086824
104.98828291893005,0.2317145668188187,0.0038135471462165116,0.15758133079619563
104.98828291893005,0.2317145668188187,0.0038135471462165116,0.15758133079619563
104.98828291893005,0.2317145668188187,0.0038135471462165116,0.15758133079619563
104.98828291893005,0.2317145668188187,0.0038135471462165116,0.15758133079619563
104.98828291893005,0.2317145668188187,0.0038135471462165116,0.15758133079619563
104.98828291893005,0.23160124696726755,0.003839704084865163,0.15749641351086824
104.98828291893005,0.23160124696726755,0.003839704084865163,0.15749641351086824
105.98828291893005,0.23160124696726755,0.003839704084865163,0.15749641351086824
105.98828291893005,0.2317145668188187,0.0038135471462165116,0.15758133079619563
105.98828291893005,0.23160124696726755,0.003839704084865163,0.15749641351086824
105.98828291893005,0.23160124696726755,0.003839704084865163,0.15749641351086824
105.98828291893005,0.23151734114499045,0.0038370672382419292,0.15790056951651718
105.98828291893005,0.23151734114499045,0.0038370672382419292,0.15790056951651718
105.98828291893005,0.2317145668188187,0.0038135471462165116,0.15758133079619563
105.98828291893005,0.2317145668188187,0.0038135471462165116,0.15758133079619563
105.98828291893005,0.2317145668188187,0.0038135471462165116,0.15758133079619563
105.98828291893005,0.23160124696726755,0.003839704084865163,0.15749641351086824
106.98828291893005,0.23160124696726755,0.003839704084865163,0.15749641351086824
106.98828291893005,0.23160124696726755,0.003839704084865163,0.15749641351086824
106.98828291893005,0.23160124696726755,0.003839704084865163,0.15749641351086824
106.98828291893005,0.23160124696726755,0.003839704084865163,0.15749641351086824
106.98828291893005,0.23160124696726755,0.003839704084865163,0.15749641351086824
106.98828291893005,0.23209293937489495,0.003825437982521048,0.15790285118289654
106.98828291893005,0.23160124696726755,0.003839704084865163,0.15749641351086824
106.98828291893005,0.2317145668188187,0.0038135471462165116,0.15758133079619563
106.98828291893005,0.2317145668188187,0.0038135471462165116,0.15758133079619563
106.98828291893005,0.23209293937489495,0.003825437982521048,0.15790285118289654
107.98828291893005,0.2317145668188187,0.0038135471462165116,0.15758133079619563
107.98828291893005,0.23160124696726755,0.003839704084865163,0.15749641351086824
107.98828291893005,0.23160124696726755,0.003839704084865163,0.15749641351086824
107.98828291893005,0.2317145668188187,0.0038135471462165116,0.15758133079619563
107.98828291893005,0.2317145668188187,0.0038135471462165116,0.15758133079619563
107.98828291893005,0.23197976782766797,0.0038515995818207277,0.15781773778111544
107.98828291893005,0.23197976782766797,0.0038515995818207277,0.15781773778111544
107.98828291893005,0.23209293937489495,0.003825437982521048,0.15790285118289654
107.98828291893005,0.23160124696726755,0.003839704084865163,0.15749641351086824
107.98828291893005,0.23209293937489495,0.003825437982521048,0.15790285118289654
108.98828291893005,0.23160124696726755,0.003839704084865163,0.15749641351086824
108.98828291893005,0.23160124696726755,0.003839704084865163,0.15749641351086824
108.98828291893005,0.23160124696726755,0.003839704084865163,0.15749641351086824
108.98828291893005,0.23160124696726755,0.003839704084865163,0.15749641351086824
108.98828291893005,0.2317145668188187,0.0038135471462165116,0.15758133079619563
108.98828291893005,0.23160124696726755,0.003839704084865163,0.15749641351086824
108.98828291893005,0.2317145668188187,0.0038135471462165116,0.15758133079619563
108.98828291893005,0.2317145668188187,0.0038135471462165116,0.15758133079619563
108.98828291893005,0.2317145668188187,0.0038135471462165116,0.15758133079619563
108.98828291893005,0.23160124696726755,0.003839704084865163,0.15749641351086824
109.98828291893005,0.23160124696726755,0.003839704084865163,0.15749641351086824
109.98828291893005,0.23160124696726755,0.003839704084865163,0.15749641351086824
109.98828291893005,0.23197976782766797,0.0038515995818207277,0.15781773778111544
109.98828291893005,0.23197976782766797,0.0038515995818207277,0.15781773778111544
109.98828291893005,0.2317145668188187,0.0038135471462165116,0.15758133079619563
109.98828291893005,0.2317145668188187,0.0038135471462165116,0.15758133079619563
109.98828291893005,0.23236023697552743,0.0038813181208642612,0.15814148701331981
109.98828291893005,0.23236023697552743,0.0038813181208642612,0.15814148701331981
109.98828291893005,0.23236023697552743,0.0038813181208642612,0.15814148701331981
109.98828291893005,0.2390896616863539,0.009409370535235613,0.15724758892961496
110.98828291893005,0.2522963896408613,0.023711099044033176,0.1469118599280481
110.98828291893005,0.2522963896408613,0.023711099044033176,0.1469118599280481
110.98828291893005,0.2578163033323127,0.024032025976828974,0.14332406933900915
110.98828291893005,0.2578163033323127,0.024032025976828974,0.14332406933900915
110.98828291893005,0.27273178820951405,0.025371304021811782,0.13219938308009008
110.98828291893005,0.27273178820951405,0.025371304021811782,0.13219938308009008
110.98828291893005,0.27836315995486305,0.026146255485421998,0.1293825782506932
110.98828291893005,0.27836315995486305,0.026146255485421998,0.1293825782506932
110.98828291893005,0.27836315995486305,0.026146255485421998,0.1293825782506932
110.98828291893005,0.28599995708077935,0.026163768160281764,0.12678767050967435
111.98828291893005,0.29926384102662407,0.02743842977069657,0.11777873086002835
111.98828291893005,0.29926384102662407,0.02743842977069657,0.11777873086002835
111.98828291893005,0.29926384102662407,0.02743842977069657,0.11777873086002835
111.98828291893005,0.3130419662247444,0.028247968101789138,0.1306028267200241
111.98828291893005,0.3130419662247444,0.028247968101789138,0.1306028267200241
111.98828291893005,0.3130419662247444,0.028247968101789138,0.1306028267200241
111.98828291893005,0.3130419662247444,0.028247968101789138,0.1306028267200241
111.98828291893005,0.3130419662247444,0.028247968101789138,0.1306028267200241
111.98828291893005,0.32625390730969267,0.03018814849903858,0.14266435878630018
111.98828291893005,0.3479035348316189,0.031992581984794356,0.10293355384251633
112.98828291893005,0.3533152981556726,0.03256138123050769,0.10144595153832614
112.98828291893005,0.35904094236192974,0.03316317068632019,0.10085726996719283
112.98828291893005,0.36506221162502916,0.03383795079723131,0.1012081354578804
112.98828291893005,0.37158880336794803,0.03448200402180733,0.09702387935591186
112.98828291893005,0.37158880336794803,0.03448200402180733,0.09702387935591186
112.98828291893005,0.3764547837882501,0.03499343917280371,0.0983240981775003
112.98828291893005,0.3817343560804747,0.03554834458118933,0.09363870354920314
112.98828291893005,0.3870779905663132,0.03609120075401382,0.09623226133082656
112.98828291893005,0.39313454007745924,0.03674655220231565,0.09557248273320926
112.98828291893005,0.3982279632570034,0.03732381176013643,0.09274586217376202
113.98828291893005,0.4033376545858688,0.037818942750234535,0.09197879701695984
113.98828291893005,0.40825748333655226,0.03833603758879619,0.08904652121029943
113.98828291893005,0.41348288863716376,0.03888524981696777,0.0878523663189837
113.98828291893005,0.4186139500000979,0.03942454609771584,0.08663558438596228
113.98828291893005,0.4186139500000979,0.03942454609771584,0.08663558438596228
113.98828291893005,0.4236068026660634,0.039949316059055454,0.08465431039203623
113.98828291893005,0.42831844933136776,0.040444530078746994,0.08452101887635403
113.98828291893005,0.4330718985438743,0.040944137723182096,0.08172709939458611
113.98828291893005,0.43786598760151796,0.04144801678747355,0.0811829850508841
113.98828291893005,0.4424599592097146,0.04193086266026591,0.07908524162676796
114.98828291893005,0.4466976390216751,0.04241817996584157,0.07735242094670311
114.98828291893005,0.4511507480878267,0.042844301379312194,0.07598816228139127
114.98828291893005,0.4553683441092725,0.04328758858387466,0.07300705165364528
114.98828291893005,0.45930815516873547,0.043743598622003235,0.07119849745678987
114.98828291893005,0.45930815516873547,0.043743598622003235,0.07119849745678987
114.98828291893005,0.4631672152432224,0.044107282970480596,0.06937793896706895
114.98828291893005,0.46719796763003085,0.044530932117714084,0.06792987805919283
114.98828291893005,0.4711957807956879,0.04495111921330157,0.06729578049428121
114.98828291893005,0.4748980112453656,0.045340239313564554,0.06709290237420959
114.98828291893005,0.47809459415105515,0.04565743127193326,0.06851389524685847
115.98828291893005,0.4809219077842663,0.04591705941787906,0.070305748961887
115.98828291893005,0.48327148432469746,0.045809538343395656,0.07314062685433724
115.98828291893005,0.4844092775706175,0.045560413824316304,0.07427828932921843
115.98828291893005,0.4848586500121485,0.045954559609410826,0.07777078331013546
115.98828291893005,0.4848586500121485,0.045954559609410826,0.07777078331013546
115.98828291893005,0.4840910983133404,0.04516635169023474,0.08168309165150105
115.98828291893005,0.48358806302425383,0.043537854110662,0.08547803787951282
115.98828291893005,0.4817374338816765,0.04271851433979155,0.08909219643422618
115.98828291893005,0.4837027121732583,0.043533131998854196,0.0933196699012726
115.98828291893005,0.4864751144898931,0.042940646342051914,0.09769601521504064
116.98828291893005,0.4888226884216535,0.04303662499351506,0.10198723386940745
116.98828291893005,0.4888226884216535,0.04303662499351506,0.10198723386940745
116.98828291893005,0.4907720149507088,0.04332397457634622,0.10613482398752629
116.98828291893005,0.4959378036169483,0.042031443322919027,0.11808564037963834
116.98828291893005,0.498479357839838,0.04228960499513358,0.12545014384060402
116.98828291893005,0.498479357839838,0.04228960499513358,0.12545014384060402
116.98828291893005,0.5009322356846544,0.042538759249039514,0.1333267783651352
116.98828291893005,0.50276422087966,0.042902504931019256,0.1399240014383873
116.98828291893005,0.50276422087966,0.042902504931019256,0.1399240014383873
116.98828291893005,0.5045755651477298,0.042908835172734125,0.14706009391052444
117.98828291893005,0.5045755651477298,0.042908835172734125,0.14706009391052444
117.98828291893005,0.5085666298560132,0.04338765642865996,0.16809533201003596
117.98828291893005,0.5085666298560132,0.04338765642865996,0.16809533201003596
117.98828291893005,0.5104762632451495,0.0435082062483447,0.1827673275170621
117.98828291893005,0.5104762632451495,0.0435082062483447,0.1827673275170621
117.98828291893005,0.5114365954577312,0.043694572301390025,0.1969351129694174
117.98828291893005,0.5116578337531957,0.04362822580790679,0.2051978291412746
117.98828291893005,0.5116376343215443,0.04362617402442753,0.2120757949207338
117.98828291893005,0.5114266684950359,0.04351594696662831,0.2194210722009225
117.98828291893005,0.5112842113300058,0.045721470395467034,0.22351882142336227
118.98828291893005,0.5112842113300058,0.045721470395467034,0.22351882142336227
118.98828291893005,0.5112842113300058,0.045721470395467034,0.22351882142336227
118.98828291893005,0.5100381217990981,0.049925493510351485,0.229151736957441
118.98828291893005,0.5100381217990981,0.049925493510351485,0.229151736957441
118.98828291893005,0.5043545848154113,0.046901777494300315,0.25394953653226493
118.98828291893005,0.5013334781260018,0.048643734162407484,0.2639548119898165
118.98828291893005,0.49840244715438226,0.04750377357546884,0.2730240316194976
118.98828291893005,0.49528617752085535,0.04866123330233087,0.2809680881063117
118.98828291893005,0.49208332449625214,0.04884901328435784,0.2889858677014546
118.98828291893005,0.4883715245825021,0.04805046096445535,0.29702743826265476
119.98828291893005,0.48460882360311186,0.0491154012334578,0.3048169061152824
119.98828291893005,0.4797837922092287,0.0486531917909217,0.3113473819677699
119.98828291893005,0.4797837922092287,0.0486531917909217,0.3113473819677699
119.98828291893005,0.4749299674959465,0.0473086593512579,0.31664498687624665
119.98828291893005,0.47467177375320935,0.04800170374466011,0.31120795052949596
119.98828291893005,0.47529007446615423,0.0480892749516972,0.30197450468201
119.98828291893005,0.4757525851305363,0.04734497026981263,0.2944346844603345
119.98828291893005,0.4757284893049091,0.048194423559905886,0.28613965985820006
119.98828291893005,0.47576005037729313,0.047294818413619,0.27814108174272323
119.98828291893005,0.47522712721239907,0.04803025495053069,0.2693935187996959
120.98828291893005,0.4746101714778109,0.04795450231151038,0.2612636442294639
120.98828291893005,0.4737541042685687,0.04784939047506316,0.2531558063261644
120.98828291893005,0.4737541042685687,0.04784939047506316,0.2531558063261644
120.98828291893005,0.4725694591943761,0.04780654343463716,0.24457285157936404
120.98828291893005,0.4725694591943761,0.04780654343463716,0.24457285157936404
120.98828291893005,0.4725694591943761,0.04780654343463716,0.24457285157936404
120.98828291893005,0.4704103126103588,0.04947319252599035,0.23917944294426435
120.98828291893005,0.45729515865872455,0.06375911713894528,0.26331584487199755
120.98828291893005,0.4530303007694715,0.06093069880497533,0.27183643745573294
120.98828291893005,0.4481171782365233,0.05969100919236617,0.2794505954854938
121.98828291893005,0.44274251442657175,0.060218857881063,0.2861354674048613
121.98828291893005,0.4377212329394719,0.060154296977549135,0.29295363982821676
121.98828291893005,0.4321663962356441,0.05891134092041339,0.2968603795802033
121.98828291893005,0.42583282672960543,0.05759569221163738,0.30210267718412737
121.98828291893005,0.42583282672960543,0.05759569221163738,0.30210267718412737
121.98828291893005,0.4193277590817796,0.05621637621435585,0.3066966656415446
121.98828291893005,0.4193277590817796,0.05621637621435585,0.3066966656415446
121.98828291893005,0.4193277590817796,0.05621637621435585,0.3066966656415446
121.98828291893005,0.4193277590817796,0.05621637621435585,0.3066966656415446
121.98828291893005,0.4164066410104655,0.0547294822802628,0.2854419624877725
122.98828291893005,0.4164066410104655,0.0547294822802628,0.2854419624877725
122.98828291893005,0.3836814316511719,0.048794535007125245,0.32597454525724273
122.98828291893005,0.3820876780867364,0.04835503129719321,0.3194078826427956
122.98828291893005,0.3820876780867364,0.04835503129719321,0.3194078826427956
122.98828291893005,0.3822965944049816,0.04786768173587158,0.31992560111516444
122.98828291893005,0.3786291033927287,0.046995161797915255,0.29801839484399345
122.98828291893005,0.37669507289677573,0.04643623390453243,0.2892231622350696
122.98828291893005,0.37669507289677573,0.04643623390453243,0.2892231622350696
122.98828291893005,0.37669507289677573,0.04643623390453243,0.2892231622350696
122.98828291893005,0.37705914786131706,0.04535149411117416,0.28979189497848135
123.98828291893005,0.37705914786131706,0.04535149411117416,0.28979189497848135
123.98828291893005,0.36676462229930756,0.04357028094677312,0.25633239497048554
123.98828291893005,0.36446080559104505,0.04408549782621496,0.25053300853337995
123.98828291893005,0.36446080559104505,0.04408549782621496,0.25053300853337995
123.98828291893005,0.36176079864760546,0.04355765145176163,0.2441301342224255
123.98828291893005,0.36176079864760546,0.04355765145176163,0.2441301342224255
123.98828291893005,0.35645615917801704,0.04271292815951113,0.23257654502511388
123.98828291893005,0.3536045624188845,0.04226638004320733,0.22688562575737145
123.98828291893005,0.3504392041232369,0.04188977372778367,0.2208818030090753
123.98828291893005,0.3504392041232369,0.04188977372778367,0.2208818030090753
124.98828291893005,0.3504392041232369,0.04188977372778367,0.2208818030090753
124.98828291893005,0.344140612056329,0.041022551830752436,0.20990141035907342
124.98828291893005,0.344140612056329,0.041022551830752436,0.20990141035907342
124.98828291893005,0.33371163304262413,0.03938941737071398,0.1939302496005993
124.98828291893005,0.3298928927974215,0.03855323183252751,0.18868968633878871
124.98828291893005,0.3254654057334093,0.03785990589083539,0.18284796952521443
124.98828291893005,0.32150715760319876,0.03724006080204211,0.17788151254338835
124.98828291893005,0.32150715760319876,0.03724006080204211,0.17788151254338835
124.98828291893005,0.3167860900283502,0.03651480033662099,0.17225220854000123
124.98828291893005,0.3167860900283502,0.03651480033662099,0.17225220854000123
125.98828291893005,0.3167860900283502,0.03651480033662099,0.17225220854000123
125.98828291893005,0.3045924030249381,0.03459128103671816,0.15896230056649857
125.98828291893005,0.30010414938393504,0.03388843930343255,0.15448131586459193
125.98828291893005,0.29480218101975697,0.03305817325053943,0.14944060285549468
125.98828291893005,0.29480218101975697,0.03305817325053943,0.14944060285549468
125.98828291893005,0.29161914877324524,0.03267879926840524,0.1465091109306666
125.98828291893005,0.29192167202919184,0.03260709759982919,0.14681015654469093
125.98828291893005,0.29161914877324524,0.03267879926840524,0.1465091109306666
125.98828291893005,0.291981707284101,0.032735574413610614,0.1468351804091098
125.98828291893005,0.29161914877324524,0.03267879926840524,0.1465091109306666
126.98828291893005,0.29161914877324524,0.03267879926840524,0.1465091109306666
126.98828291893005,0.29161914877324524,0.03267879926840524,0.1465091109306666
126.98828291893005,0.291981707284101,0.032735574413610614,0.1468351804091098
126.98828291893005,0.291981707284101,0.032735574413610614,0.1468351804091098
126.98828291893005,0.291981707284101,0.032735574413610614,0.1468351804091098
126.98828291893005,0.291981707284101,0.032735574413610614,0.1468351804091098
126.98828291893005,0.291981707284101,0.032735574413610614,0.1468351804091098
126.98828291893005,0.291981707284101,0.032735574413610614,0.1468351804091098
126.98828291893005,0.291981707284101,0.032735574413610614,0.1468351804091098
126.98828291893005,0.29161914877324524,0.03267879926840524,0.1465091109306666
127.98828291893005,0.29161914877324524,0.03267879926840524,0.1465091109306666
127.98828291893005,0.29161914877324524,0.03267879926840524,0.1465091109306666
127.98828291893005,0.29161914877324524,0.03267879926840524,0.1465091109306666
127.98828291893005,0.29161914877324524,0.03267879926840524,0.1465091109306666
127.98828291893005,0.291981707284101,0.032735574413610614,0.1468351804091098
127.98828291893005,0.29161914877324524,0.03267879926840524,0.1465091109306666
127.98828291893005,0.29161914877324524,0.03267879926840524,0.1465091109306666
127.98828291893005,0.291981707284101,0.032735574413610614,0.1468351804091098
127.98828291893005,0.291981707284101,0.032735574413610614,0.1468351804091098
127.98828291893005,0.291981707284101,0.032735574413610614,0.1468351804091098
128.98828291893005,0.291981707284101,0.032735574413610614,0.1468351804091098
128.98828291893005,0.291981707284101,0.032735574413610614,0.1468351804091098
128.98828291893005,0.291981707284101,0.032735574413610614,0.1468351804091098
128.98828291893005,0.291981707284101,0.032735574413610614,0.1468351804091098
128.98828291893005,0.291981707284101,0.032735574413610614,0.1468351804091098
128.98828291893005,0.291981707284101,0.032735574413610614,0.1468351804091098
128.98828291893005,0.291981707284101,0.032735574413610614,0.1468351804091098
128.98828291893005,0.29161914877324524,0.03267879926840524,0.1465091109306666
128.98828291893005,0.29155506570934453,0.03266876412883961,0.1470207139437915
128.98828291893005,0.29161914877324524,0.03267879926840524,0.1465091109306666
129.98828291893005,0.29161914877324524,0.03267879926840524,0.1465091109306666
129.98828291893005,0.29161914877324524,0.03267879926840524,0.1465091109306666
129.98828291893005,0.29161914877324524,0.03267879926840524,0.1465091109306666
129.98828291893005,0.29161914877324524,0.03267879926840524,0.1465091109306666
129.98828291893005,0.29161914877324524,0.03267879926840524,0.1465091109306666
129.98828291893005,0.29155506570934453,0.03266876412883961,0.1470207139437915
129.98828291893005,0.291981707284101,0.032735574413610614,0.1468351804091098
129.98828291893005,0.29161914877324524,0.03267879926840524,0.1465091109306666
129.98828291893005,0.291981707284101,0.032735574413610614,0.1468351804091098
129.98828291893005,0.29161914877324524,0.03267879926840524,0.1465091109306666
130.98828291893005,0.291981707284101,0.032735574413610614,0.1468351804091098
130.98828291893005,0.2919170614302977,0.03272545114350198,0.14734742341114654
130.98828291893005,0.2919170614302977,0.03272545114350198,0.14734742341114654
130.98828291893005,0.29161914877324524,0.03267879926840524,0.1465091109306666
130.98828291893005,0.291981707284101,0.032735574413610614,0.1468351804091098
130.98828291893005,0.291981707284101,0.032735574413610614,0.1468351804091098
130.98828291893005,0.291981707284101,0.032735574413610614,0.1468351804091098
130.98828291893005,0.29157965476338843,0.03462229408306537,0.14949932813453415
130.98828291893005,0.29157965476338843,0.03462229408306537,0.14949932813453415
130.98828291893005,0.29157965476338843,0.03462229408306537,0.14949932813453415
131.98828291893005,0.29157965476338843,0.03462229408306537,0.14949932813453415
131.98828291893005,0.2831994050281755,0.057259819744937115,0.17354681486321086
131.98828291893005,0.2726369265817651,0.06027870161873234,0.20454405907357615
131.98828291893005,0.27022902841541385,0.05932317944536549,0.21315379788720026
131.98828291893005,0.26806280879901767,0.058428892607166674,0.22168244460431263
131.98828291893005,0.2651510556771037,0.05732706786894902,0.22933762110401268
131.98828291893005,0.2622435616398343,0.05625681318455317,0.23730343878679366
131.98828291893005,0.2622435616398343,0.05625681318455317,0.23730343878679366
131.98828291893005,0.25885949971178723,0.055068992797787854,0.24562390563253422
131.98828291893005,0.25885949971178723,0.055068992797787854,0.24562390563253422
132.98828291893005,0.25538638573272227,0.053716010024754325,0.25485692546165295
132.98828291893005,0.25538638573272227,0.053716010024754325,0.25485692546165295
132.98828291893005,0.2541139752649607,0.05339916565060288,0.25947009147490924
132.98828291893005,0.25417766977503153,0.053341645324762696,0.26039100817948446
132.98828291893005,0.25455042266167854,0.05338293620726259,0.2609565290192849
132.98828291893005,0.25489126900223624,0.053583963678462215,0.2614773198137039
132.98828291893005,0.25521150717580277,0.05365474987284975,0.2619789152570385
132.98828291893005,0.25521150717580277,0.05365474987284975,0.2619789152570385
132.98828291893005,0.2554879389395314,0.05372988181945085,0.2624181518075965
132.98828291893005,0.2554879389395314,0.05372988181945085,0.2624181518075965
133.98828291893005,0.25579932217931867,0.053830765282920676,0.2629201718935263
133.98828291893005,0.2558186188783371,0.0538376011991235,0.2629515429903983
133.98828291893005,0.2558186188783371,0.0538376011991235,0.2629515429903983
133.98828291893005,0.2558186188783371,0.0538376011991235,0.2629515429903983
133.98828291893005,0.2558186188783371,0.0538376011991235,0.2629515429903983
133.98828291893005,0.25579932217931867,0.053830765282920676,0.2629201718935263
133.98828291893005,0.25579932217931867,0.053830765282920676,0.2629201718935263
133.98828291893005,0.2558186188783371,0.0538376011991235,0.2629515429903983
133.98828291893005,0.2558186188783371,0.0538376011991235,0.2629515429903983
133.98828291893005,0.2558186188783371,0.0538376011991235,0.2629515429903983
134.98828291893005,0.2558186188783371,0.0538376011991235,0.2629515429903983
134.98828291893005,0.2558186188783371,0.0538376011991235,0.2629515429903983
134.98828291893005,0.2558186188783371,0.0538376011991235,0.2629515429903983
134.98828291893005,0.2558186188783371,0.0538376011991235,0.2629515429903983
134.98828291893005,0.2558186188783371,0.0538376011991235,0.2629515429903983
134.98828291893005,0.2558186188783371,0.0538376011991235,0.2629515429903983
134.98828291893005,0.2558186188783371,0.0538376011991235,0.2629515429903983
134.98828291893005,0.24809570306887,0.051483793715210856,0.2629791921337736
134.98828291893005,0.22611788893286272,0.035767553300833275,0.26179856209584523
134.98828291893005,0.21781227504421374,0.03097950113335056,0.26048763684835213
135.98828291893005,0.21781227504421374,0.03097950113335056,0.26048763684835213
135.98828291893005,0.2100875362036638,0.02656865695655668,0.25941009780557245
135.98828291893005,0.2100875362036638,0.02656865695655668,0.25941009780557245
135.98828291893005,0.2015621058229917,0.02200863739471913,0.25743718864114884
135.98828291893005,0.2015621058229917,0.02200863739471913,0.25743718864114884
135.98828291893005,0.2015621058229917,0.02200863739471913,0.25743718864114884
135.98828291893005,0.2015621058229917,0.02200863739471913,0.25743718864114884
135.98828291893005,0.1896036485057087,0.0183753803537813,0.2729410506861944
135.98828291893005,0.1565221630839131,0.006595878956709052,0.24083068480130576
135.98828291893005,0.1490410823623221,0.00462003211685694,0.23726165032525723
136.98828291893005,0.14058387506708053,0.0022355032802433283,0.2327670629592294
136.98828291893005,0.13366969859872715,0.000506071243849996,0.23027600373144896
136.98828291893005,0.12940365570643725,-0.0001767670834804582,0.2327251105216962
136.98828291893005,0.12537107004477527,-0.0008115557586864715,0.23514453098234536
136.98828291893005,0.12537107004477527,-0.0008115557586864715,0.23514453098234536
136.98828291893005,0.12098422672241095,-0.0015885401374492302,0.23732678662531012
136.98828291893005,0.11667995226666802,-0.0024247701916017446,0.23978705908127368
136.98828291893005,0.1123509682612465,-0.0030858574848445005,0.24208783335092904
136.98828291893005,0.10795032811427062,-0.0036959375382800298,0.24421041330090754
136.98828291893005,0.10358068551927592,-0.004348326685634835,0.24631800669655612
137.98828291893005,0.10358068551927592,-0.004348326685634835,0.24631800669655612
137.98828291893005,0.10256629584081887,-0.0032262802977321633,0.244639286035379
137.98828291893005,0.0909864568887852,-0.005990589468096368,0.25146390084584846
137.98828291893005,0.08647727231532532,-0.006532075642348489,0.25305954703259337
137.98828291893005,0.08267205412993367,-0.006832090120084946,0.2541370474841053
137.98828291893005,0.07788618176691864,-0.007403213358100024,0.25565150226676314
137.98828291893005,0.07788618176691864,-0.007403213358100024,0.25565150226676314
137.98828291893005,0.07332513210937906,-0.007879972784545525,0.25691818685408635
137.98828291893005,0.07332513210937906,-0.007879972784545525,0.25691818685408635
137.98828291893005,0.06867137833655981,-0.007514973526251301,0.25728393472314226
138.98828291893005,0.06057356881826828,-0.009134808192957089,0.25970643576686914
138.98828291893005,0.05673868780666992,-0.00929577688916338,0.2607588255801364
138.98828291893005,0.05616952693506627,-0.008503432413403195,0.259721987397586
138.98828291893005,0.05561029077198461,-0.00768927787886127,0.25918130529951644
138.98828291893005,0.05561029077198461,-0.00768927787886127,0.25918130529951644
138.98828291893005,0.05471527902291473,-0.005875502567412455,0.25805486846707937
138.98828291893005,0.054377662517241104,-0.004875955538309839,0.25747417897465624
138.98828291893005,0.05428280724689094,-0.0037851033026889865,0.2568364723939439
138.98828291893005,0.05428280724689094,-0.0037851033026889865,0.2568364723939439
138.98828291893005,0.05371343311286071,-0.0028891371548874015,0.25643728588014225
139.98828291893005,0.05371343311286071,-0.0028891371548874015,0.25643728588014225
139.98828291893005,0.05308045689766168,-0.0009717234102315925,0.25557438017095335
139.98828291893005,0.05270966854268215,0.00016202535074291355,0.2551237861820356
139.98828291893005,0.052599991294707216,0.0013189222086382457,0.2546444742944862
139.98828291893005,0.05202512383210117,0.0022751016081314565,0.25439570910146714
139.98828291893005,0.051670680948412345,0.0033792208663737666,0.25407078816525747
139.98828291893005,0.05131542494134206,0.0044926490179366466,0.2537803540028361
139.98828291893005,0.05122090644357014,0.005621217936006097,0.2534505652971651
139.98828291893005,0.05086459272466075,0.006749799937291655,0.25322780021452207
139.98828291893005,0.05086459272466075,0.006749799937291655,0.25322780021452207
140.98828291893005,0.05086459272466075,0.006749799937291655,0.25322780021452207
140.98828291893005,0.05035104208533783,0.007470735793903324,0.2527097643512927
140.98828291893005,0.05035104208533783,0.007470735793903324,0.2527097643512927
140.98828291893005,0.047798374365108254,0.004003136960453103,0.2516219765937692
140.98828291893005,0.04791438768462623,0.0025868004297066663,0.2520918713677295
140.98828291893005,0.04792893128050352,0.001301523940008372,0.2516052377930512
140.98828291893005,0.047946585192680205,-3.7237329385889084e-05,0.2516052377930512
140.98828291893005,0.04793428007084198,-0.0014465937509265704,0.2516135452939845
140.98828291893005,0.04793428007084198,-0.0014465937509265704,0.2516135452939845
140.98828291893005,0.04793428007084198,-0.0014465937509265704,0.2516135452939845
141.98828291893005,0.04793428007084198,-0.0014465937509265704,0.2516135452939845
141.98828291893005,0.04769163774594186,-0.005202624391113103,0.2520834394125747
141.98828291893005,0.047671151945657825,-0.005132025957811537,0.2516052377930512
141.98828291893005,0.04768003640043478,-0.005048816406927455,0.2516052377930512
141.98828291893005,0.04768003640043478,-0.005048816406927455,0.2516052377930512
141.98828291893005,0.047702624179701336,-0.005190349701703192,0.2520918713677295
141.98828291893005,0.047702624179701336,-0.005190349701703192,0.2520918713677295
141.98828291893005,0.04770064538684793,-0.005119378978287452,0.2520834394125747
141.98828291893005,0.04770064538684793,-0.005119378978287452,0.2520834394125747
141.98828291893005,0.04770064538684793,-0.005119378978287452,0.2520834394125747
142.98828291893005,0.04770064538684793,-0.005119378978287452,0.2520834394125747
142.98828291893005,0.047702624179701336,-0.005190349701703192,0.2520918713677295
142.98828291893005,0.047702624179701336,-0.005190349701703192,0.2520918713677295
142.98828291893005,0.04203972447062705,-0.006022181170165959,0.24255214594246274
142.98828291893005,0.04203972447062705,-0.006022181170165959,0.24255214594246274
142.98828291893005,0.04203972447062705,-0.006022181170165959,0.24255214594246274
142.98828291893005,0.04518918044392359,-0.0042117041778193705,0.24963824857466635
142.98828291893005,0.04518918044392359,-0.0042117041778193705,0.24963824857466635
142.98828291893005,0.04518918044392359,-0.0042117041778193705,0.24963824857466635
142.98828291893005,0.04494474706151377,-0.004216824327488617,0.24971673579306206
143.98828291893005,0.04494474706151377,-0.004216824327488617,0.24971673579306206
143.98828291893005,0.04494474706151377,-0.004216824327488617,0.24971673579306206
143.98828291893005,0.039633113566215475,-0.005053202368505108,0.2422377150011833
143.98828291893005,0.039633113566215475,-0.005053202368505108,0.2422377150011833
143.98828291893005,0.039633113566215475,-0.005053202368505108,0.2422377150011833
143.98828291893005,0.039633113566215475,-0.005053202368505108,0.2422377150011833
143.98828291893005,0.039633113566215475,-0.005053202368505108,0.2422377150011833
143.98828291893005,0.039633113566215475,-0.005053202368505108,0.2422377150011833
143.98828291893005,0.039633113566215475,-0.005053202368505108,0.2422377150011833
143.98828291893005,0.03937412528612627,-0.005083702877952106,0.24102175962081213
144.98828291893005,0.03937412528612627,-0.005083702877952106,0.24102175962081213
144.98828291893005,0.03937412528612627,-0.005083702877952106,0.24102175962081213
144.98828291893005,0.044167115125724465,-0.0020730187235394534,0.24761568379794444
144.98828291893005,0.03753825856370237,-0.0018947509983896667,0.24425517343818853
144.98828291893005,0.037537732016613895,-0.001821529472725944,0.24425391661946733
144.98828291893005,0.03658888669513549,-0.0015896926285756674,0.2445082318250104
144.98828291893005,0.0363533678551744,-0.0015905147477728657,0.2445718773479022
144.98828291893005,0.03611749079549827,-0.0015181051067378257,0.24463461923691426
144.98828291893005,0.036195068065123986,-0.0014463285643525857,0.24291708363739645
144.98828291893005,0.03618968658422479,-0.0012990145458776324,0.2424477755193316
145.98828291893005,0.035957516465206896,-0.001226158346102145,0.2425107468829285
145.98828291893005,0.035957516465206896,-0.001226158346102145,0.2425107468829285
145.98828291893005,0.035493353396799765,-0.0012277785874774683,0.24263543706848728
145.98828291893005,0.0354930970326406,-0.0011541129999116592,0.242635585710916
145.98828291893005,0.0354930970326406,-0.0011541129999116592,0.242635585710916
145.98828291893005,0.035495505402657196,-0.0011541045930777635,0.24310456731464714
145.98828291893005,0.035495505402657196,-0.0011541045930777635,0.24310456731464714
145.98828291893005,0.035495505402657196,-0.0011541045930777635,0.24310456731464714
145.98828291893005,0.0354930970326406,-0.0011541129999116592,0.242635585710916
145.98828291893005,0.0354930970326406,-0.0011541129999116592,0.242635585710916
146.98828291893005,0.0354930970326406,-0.0011541129999116592,0.242635585710916
146.98828291893005,0.0354930970326406,-0.0011541129999116592,0.242635585710916
146.98828291893005,0.0354930970326406,-0.0011541129999116592,0.242635585710916
146.98828291893005,0.0354930970326406,-0.0011541129999116592,0.242635585710916
146.98828291893005,0.03549284134296697,-0.0010804477816268726,0.2426358629227759
146.98828291893005,0.03549524922916594,-0.0010804393764818274,0.24310484452861816
146.98828291893005,0.03549284134296697,-0.0010804477816268726,0.2426358629227759
146.98828291893005,0.03549524922916594,-0.0010804393764818274,0.24310484452861816
146.98828291893005,0.03549284134296697,-0.0010804477816268726,0.2426358629227759
146.98828291893005,0.03549284134296697,-0.0010804477816268726,0.2426358629227759
147.98828291893005,0.035492586328557715,-0.001006783157020151,0.2426362687032227
147.98828291893005,0.035724973600064436,-0.0010796374838821857,0.24257372154599371
147.98828291893005,0.03549284134296697,-0.0010804477816268726,0.2426358629227759
147.98828291893005,0.03549284134296697,-0.0010804477816268726,0.2426358629227759
147.98828291893005,0.03549284134296697,-0.0010804477816268726,0.2426358629227759
147.98828291893005,0.03549524922916594,-0.0010804393764818274,0.24310484452861816
147.98828291893005,0.03549284134296697,-0.0010804477816268726,0.2426358629227759
147.98828291893005,0.03549284134296697,-0.0010804477816268726,0.2426358629227759
147.98828291893005,0.03549284134296697,-0.0010804477816268726,0.2426358629227759
147.98828291893005,0.03570844446719225,-0.001142013115307941,0.24116681737566545
148.98828291893005,0.04885209457330661,-0.00030251001976444244,0.24070694632973116
148.98828291893005,0.05236452172788057,8.913814924502161e-05,0.24132956260909505
148.98828291893005,0.056266466310099614,1.64555969987476e-05,0.24156448689650234
148.98828291893005,0.06017505645073658,-0.00016187722408763858,0.24170919727808615
148.98828291893005,0.06385772293011659,-0.0002418012191931218,0.24187520743757873
148.98828291893005,0.06385772293011659,-0.0002418012191931218,0.24187520743757873
148.98828291893005,0.06785020017700097,-0.00032902032035277487,0.2419679692592471
148.98828291893005,0.07169099170587286,-0.00040491568972289213,0.24172623321403108
148.98828291893005,0.07560681036070552,-0.0004872268429023975,0.241516027620735
148.98828291893005,0.07967292080931088,-0.0005820880733126525,0.24145873679153085
149.98828291893005,0.08327429166762813,-0.0006584532165028988,0.24109143517764592
149.98828291893005,0.08327429166762813,-0.0006584532165028988,0.24109143517764592
149.98828291893005,0.08327429166762813,-0.0006584532165028988,0.24109143517764592
149.98828291893005,0.08505532300872078,-0.0008049947718331632,0.24404930152933543
149.98828291893005,0.09963025292676814,0.0006720659766376175,0.2477156904655121
149.98828291893005,0.10659856052875531,0.00028805131536054074,0.2546637569554405
149.98828291893005,0.11286992742709584,0.00025930337492060737,0.2611359797315955
149.98828291893005,0.11993173731360876,0.00021624466953959476,0.2674727866109933
149.98828291893005,0.11993173731360876,0.00021624466953959476,0.2674727866109933
149.98828291893005,0.11993173731360876,0.00021624466953959476,0.2674727866109933
150.98828291893005,0.12671742265370267,0.0001774740068400532,0.27375304168211323
150.98828291893005,0.12671742265370267,0.0001774740068400532,0.27375304168211323
150.98828291893005,0.12671742265370267,0.0001774740068400532,0.27375304168211323
150.98828291893005,0.144072764079271,6.206450569599259e-05,0.280160809226196
150.98828291893005,0.144072764079271,6.206450569599259e-05,0.280160809226196
150.98828291893005,0.15884502075235524,-6.924543553818094e-05,0.2741767663678772
150.98828291893005,0.16391338998344224,-0.0001233492951702303,0.27180416972842775
150.98828291893005,0.16858540264375294,-0.000173744740573991,0.2694606956656389
150.98828291893005,0.17310359928121127,-0.00014832542571013851,0.2649526625925039
150.98828291893005,0.17711078973413558,-0.00011335520435903565,0.2603683095662677
151.98828291893005,0.18099660722017935,-7.944418884615195e-05,0.25568062747170006
151.98828291893005,0.18500470114418083,-4.4466083024961855e-05,0.2505701615110079
151.98828291893005,0.18863133773497018,-1.2816904924932426e-05,0.24567919061767582
151.98828291893005,0.18863133773497018,-1.2816904924932426e-05,0.24567919061767582
151.98828291893005,0.1921287057507436,1.7704163408457235e-05,0.24069495784440162
151.98828291893005,0.1995422404477909,0.0011803085008154218,0.24295206703351552
151.98828291893005,0.2071531109868353,0.0011338830049197751,0.24469678495877523
151.98828291893005,0.21411454525820434,0.0012432419505519383,0.24580573291662194
151.98828291893005,0.22202246251522922,0.0013674694386935776,0.2476711573981489
151.98828291893005,0.22925909195352992,0.0014811514953580705,0.24884450621113002
152.98828291893005,0.2365116651338908,0.0015950840163301838,0.24983442674496964
152.98828291893005,0.24379649771695883,0.00170952330847806,0.24977196771041665
152.98828291893005,0.24379649771695883,0.00170952330847806,0.24977196771041665
152.98828291893005,0.25200824872825156,0.001838523798514808,0.2503891845419223
152.98828291893005,0.2587868147686189,0.0019450100204890693,0.2516936344637351
152.98828291893005,0.26630260458764016,0.0020630774787329907,0.2514705365215108
152.98828291893005,0.2742779672572664,0.002188364484043418,0.2510036434687337
152.98828291893005,0.2813475721312117,0.0022869563311213176,0.25145507462863154
152.98828291893005,0.28763564007765163,0.0023813945671936274,0.24827122748467573
152.98828291893005,0.291622401467719,0.0024440236181613693,0.23967706764001961
153.98828291893005,0.29633562225115506,0.002571276125238515,0.23851573116818336
153.98828291893005,0.30291696223417086,0.0027110738054852007,0.23583560409922313
153.98828291893005,0.30291696223417086,0.0027110738054852007,0.23583560409922313
153.98828291893005,0.30291696223417086,0.0027110738054852007,0.23583560409922313
153.98828291893005,0.3093831988986023,0.002812653565667976,0.23638380680857848
153.98828291893005,0.3093831988986023,0.002812653565667976,0.23638380680857848
153.98828291893005,0.32827980870545914,0.0031095052263684364,0.23390209484698066
153.98828291893005,0.3345961614529755,0.0037928124945071882,0.23500367335570627
153.98828291893005,0.3364060611151892,0.003226369736817735,0.23853800861945704
153.98828291893005,0.3363932181606152,0.004411429171009888,0.2385389254914906
154.98828291893005,0.3364004051986322,0.003824305686286625,0.2385389254914906
154.98828291893005,0.3364004051986322,0.003824305686286625,0.2385389254914906
154.98828291893005,0.3366219754512577,0.0038173800367954334,0.23898167755482821
154.98828291893005,0.3366286301157214,0.0032406589902674136,0.23898259560527052
154.98828291893005,0.3364004051986322,0.003824305686286625,0.2385389254914906
154.98828291893005,0.3364004051986322,0.003824305686286625,0.2385389254914906
154.98828291893005,0.3363999176633802,0.0038135040036836945,0.23853800861945704
154.98828291893005,0.3364004051986322,0.003824305686286625,0.2385389254914906
154.98828291893005,0.3364004051986322,0.003824305686286625,0.2385389254914906
154.98828291893005,0.3364065675021861,0.0032371705520594513,0.2385389254914906
155.98828291893005,0.3364065675021861,0.0032371705520594513,0.2385389254914906
155.98828291893005,0.3364004051986322,0.003824305686286625,0.2385389254914906
155.98828291893005,0.3366286301157214,0.0032406589902674136,0.23898259560527052
155.98828291893005,0.3364004051986322,0.003824305686286625,0.2385389254914906
155.98828291893005,0.3364060611151892,0.003226369736817735,0.23853800861945704
155.98828291893005,0.3364060611151892,0.003226369736817735,0.23853800861945704
155.98828291893005,0.3364065675021861,0.0032371705520594513,0.2385389254914906
155.98828291893005,0.3364004051986322,0.003824305686286625,0.2385389254914906
155.98828291893005,0.3364060611151892,0.003226369736817735,0.23853800861945704
155.98828291893005,0.3364004051986322,0.003824305686286625,0.2385389254914906
156.98828291893005,0.3364060611151892,0.003226369736817735,0.23853800861945704
156.98828291893005,0.3364060611151892,0.003226369736817735,0.23853800861945704
156.98828291893005,0.3364060611151892,0.003226369736817735,0.23853800861945704
156.98828291893005,0.3364060611151892,0.003226369736817735,0.23853800861945704
156.98828291893005,0.3362531809541396,0.003259974253219361,0.23829625583697545
156.98828291893005,0.33099252534951085,0.0038897707932829886,0.23943067486897535
156.98828291893005,0.3273489990406185,0.0033080580247064548,0.24361477358169825
156.98828291893005,0.3252468367975737,0.003949486496628768,0.24586393506561552
156.98828291893005,0.3217211121127961,0.0039057307012261427,0.24814579267475234
156.98828291893005,0.3217211121127961,0.0039057307012261427,0.24814579267475234
157.98828291893005,0.318894253228135,0.0033708622497360015,0.2487838000811451
157.98828291893005,0.3158306199326342,0.0034437781600251266,0.2511529552637787
157.98828291893005,0.3158306199326342,0.0034437781600251266,0.2511529552637787
157.98828291893005,0.3127107753850639,0.003411566262618782,0.2531788976890727
157.98828291893005,0.3127107753850639,0.003411566262618782,0.2531788976890727
157.98828291893005,0.3114943655373522,0.0033924573702337965,0.25490845488076985
157.98828291893005,0.3114943655373522,0.0033924573702337965,0.25490845488076985
157.98828291893005,0.3114943655373522,0.0033924573702337965,0.25490845488076985
157.98828291893005,0.3114943655373522,0.0033924573702337965,0.25490845488076985
157.98828291893005,0.31097905872141934,0.0039405183920064625,0.25599548689416585
158.98828291893005,0.31097905872141934,0.0039405183920064625,0.25599548689416585
158.98828291893005,0.2913564919528605,0.003914073396343091,0.26657406162336517
158.98828291893005,0.2913564919528605,0.003914073396343091,0.26657406162336517
158.98828291893005,0.28781084014574676,0.0038521838137717916,0.2674291389048839
158.98828291893005,0.2869868951202972,0.0033368111088966056,0.26893406363307226
158.98828291893005,0.2869868951202972,0.0033368111088966056,0.26893406363307226
158.98828291893005,0.2812852906168294,0.0033811986643702448,0.2698922089603505
158.98828291893005,0.2719716267448747,0.0034650326595915514,0.2683200716318413
158.98828291893005,0.2624580258255863,0.003100636360738339,0.26416688230016916
158.98828291893005,0.25702782790426243,0.003105734916550959,0.26621459109844514
159.98828291893005,0.2525551095774996,0.0030432799278211457,0.2733306786313023
159.98828291893005,0.24741639487646694,0.0029715252709618008,0.2802899975484612
159.98828291893005,0.24255745701529718,0.0028635613080135007,0.2862128562535966
159.98828291893005,0.23363181448994153,0.002733545044535643,0.2817011202404289
159.98828291893005,0.22434860194872827,0.0027736677825047178,0.2776952632646789
159.98828291893005,0.21573995407131508,0.0028129430254085278,0.27418968814065153
159.98828291893005,0.21573995407131508,0.0028129430254085278,0.27418968814065153
159.98828291893005,0.2071053598677986,0.0024707765811772357,0.2703208322607234
159.98828291893005,0.20011684567683363,0.0023946912715050728,0.2687503796509793
159.98828291893005,0.19559541450631007,0.0023394488212347443,0.27427632075165176
160.98828291893005,0.1913735764075974,0.002287866772893523,0.27980221482615225
160.98828291893005,0.18640436124692636,0.0022271533370209484,0.2846136672066622
160.98828291893005,0.1817595035246121,0.002170402871940442,0.289433539816261
160.98828291893005,0.1817595035246121,0.002170402871940442,0.289433539816261
160.98828291893005,0.1817595035246121,0.002170402871940442,0.289433539816261
160.98828291893005,0.1817595035246121,0.002170402871940442,0.289433539816261
160.98828291893005,0.1817595035246121,0.002170402871940442,0.289433539816261
160.98828291893005,0.17602152635269136,0.00210029676910526,0.2950544171135829
160.98828291893005,0.17602152635269136,0.00210029676910526,0.2950544171135829
160.98828291893005,0.17602152635269136,0.00210029676910526,0.2950544171135829
161.98828291893005,0.17602152635269136,0.00210029676910526,0.2950544171135829
161.98828291893005,0.17602152635269136,0.00210029676910526,0.2950544171135829
161.98828291893005,0.1761370985441601,0.0021017088200273384,0.2955278874983992
161.98828291893005,0.17602152635269136,0.00210029676910526,0.2950544171135829
161.98828291893005,0.17602152635269136,0.00210029676910526,0.2950544171135829
161.98828291893005,0.17602152635269136,0.00210029676910526,0.2950544171135829
161.98828291893005,0.17602152635269136,0.00210029676910526,0.2950544171135829
161.98828291893005,0.17602152635269136,0.00210029676910526,0.2950544171135829
161.98828291893005,0.17602152635269136,0.00210029676910526,0.2950544171135829
161.98828291893005,0.17602152635269136,0.00210029676910526,0.2950544171135829
162.98828291893005,0.17602152635269136,0.00210029676910526,0.2950544171135829
162.98828291893005,0.17602152635269136,0.00210029676910526,0.2950544171135829
162.98828291893005,0.17602152635269136,0.00210029676910526,0.2950544171135829
162.98828291893005,0.17602152635269136,0.00210029676910526,0.2950544171135829
162.98828291893005,0.17602152635269136,0.00210029676910526,0.2950544171135829
162.98828291893005,0.17602152635269136,0.00210029676910526,0.2950544171135829
162.98828291893005,0.17602152635269136,0.00210029676910526,0.2950544171135829
162.98828291893005,0.17602152635269136,0.00210029676910526,0.2950544171135829
162.98828291893005,0.17602152635269136,0.00210029676910526,0.2950544171135829
162.98828291893005,0.17602152635269136,0.00210029676910526,0.2950544171135829
163.98828291893005,0.17602152635269136,0.00210029676910526,0.2950544171135829
163.98828291893005,0.17602152635269136,0.00210029676910526,0.2950544171135829
163.98828291893005,0.17602152635269136,0.00210029676910526,0.2950544171135829
163.98828291893005,0.17602152635269136,0.00210029676910526,0.2950544171135829
163.98828291893005,0.17602152635269136,0.00210029676910526,0.2950544171135829
163.98828291893005,0.17602152635269136,0.00210029676910526,0.2950544171135829
163.98828291893005,0.17602152635269136,0.00210029676910526,0.2950544171135829
163.98828291893005,0.17602152635269136,0.00210029676910526,0.2950544171135829
163.98828291893005,0.17602152635269136,0.00210029676910526,0.2950544171135829
163.98828291893005,0.17602152635269136,0.00210029676910526,0.2950544171135829
164.98828291893005,0.17602152635269136,0.00210029676910526,0.2950544171135829
164.98828291893005,0.17602152635269136,0.00210029676910526,0.2950544171135829
164.98828291893005,0.17602152635269136,0.00210029676910526,0.2950544171135829
164.98828291893005,0.17562214650837388,0.002104713076475747,0.29523900834754047
164.98828291893005,0.1685030556818593,3.9675893340411494e-05,0.29179563897773536
164.98828291893005,0.15962220025754564,-0.00043831589136809207,0.28580228029457666
164.98828291893005,0.15076369200111112,-0.0004406686401433636,0.28119941916644736
164.98828291893005,0.1428042096577551,-0.00044181439776093054,0.2752943338420238
164.98828291893005,0.1339871141262829,-0.0004429409603200936,0.26906324038301843
164.98828291893005,0.1256790910665473,-0.00044588959191461594,0.2638143176618757
165.98828291893005,0.11738939442499038,-0.00044588654909359995,0.2586447172686532
165.98828291893005,0.10910723891512461,-0.0004478483325002919,0.25187158099101803
165.98828291893005,0.10910723891512461,-0.0004478483325002919,0.25187158099101803
165.98828291893005,0.10041339932758021,-0.0005209480063293748,0.24606302991157275
165.98828291893005,0.0940017666264405,-0.00053934566938698,0.24021993066772523
165.98828291893005,0.08843825267597627,-0.0005587660759590711,0.23753192294885994
165.98828291893005,0.08421480738379464,-0.000573508741359214,0.2387377100903123
165.98828291893005,0.08024761033084298,-0.0005860317059156739,0.24107468576059768
165.98828291893005,0.07664977597490996,-0.0005985905682594772,0.24372419325970668
165.98828291893005,0.07254638565179046,-0.0006129141610475494,0.24547590536189617
166.98828291893005,0.06848355137188372,-0.0006270961859589398,0.24756820407141586
166.98828291893005,0.06460458068788016,-0.0006406364032269414,0.2494265108338451
166.98828291893005,0.06460458068788016,-0.0006406364032269414,0.2494265108338451
166.98828291893005,0.060180675520448854,-0.0006560788084480282,0.25138671040449034
166.98828291893005,0.056198477856196735,-0.000738619514084226,0.2530108325049939
166.98828291893005,0.05217214309658885,-0.0006840339743577374,0.25452485975519085
166.98828291893005,0.048688914537355674,-0.0008443014042101848,0.2530836665658603
166.98828291893005,0.04580454522423204,-0.0009155694269460841,0.25059270843494963
166.98828291893005,0.04292758500608479,-0.0009162243861715359,0.2488726616266902
166.98828291893005,0.040065516675842947,-0.001061552668192918,0.2466032417035598
167.98828291893005,0.03880025520783838,-0.0009912323313249864,0.24544747639101586
167.98828291893005,0.03880025520783838,-0.0009912323313249864,0.24544747639101586
167.98828291893005,0.03619948247591179,-0.0010570050208308368,0.2443250706613609
167.98828291893005,0.03549362179911375,-0.000983341825601721,0.24404443773091666
167.98828291893005,0.03549285167868704,-0.001130669271891635,0.2435742532987701
167.98828291893005,0.03525892372017006,-0.001130669271893616,0.24410498277040676
167.98828291893005,0.03502410928041111,-0.0011306692718979112,0.2441663177064979
167.98828291893005,0.035258922787558,-0.001057005020850335,0.24410551712475975
167.98828291893005,0.035258922787558,-0.001057005020850335,0.24410551712475975
167.98828291893005,0.03525892372017006,-0.001130669271893616,0.24410498277040676
168.98828291893005,0.03525892163055701,-0.0009833418256060163,0.2441061800463131
168.98828291893005,0.03525892163055701,-0.0009833418256060163,0.2441061800463131
168.98828291893005,0.03525892372017006,-0.001130669271893616,0.24410498277040676
168.98828291893005,0.035024976241593314,-0.0011306692719001976,0.24369733072110097
168.98828291893005,0.03525892372017006,-0.001130669271893616,0.24410498277040676
168.98828291893005,0.035024107415155284,-0.0010570050208546337,0.24416685205840924
168.98828291893005,0.035258922787558,-0.001057005020850335,0.24410551712475975
168.98828291893005,0.035024107415155284,-0.0010570050208546337,0.24416685205840924
168.98828291893005,0.03525892163055701,-0.0009833418256060163,0.2441061800463131
168.98828291893005,0.035258922787558,-0.001057005020850335,0.24410551712475975
169.98828291893005,0.035258922787558,-0.001057005020850335,0.24410551712475975
169.98828291893005,0.035258922787558,-0.001057005020850335,0.24410551712475975
169.98828291893005,0.035258922787558,-0.001057005020850335,0.24410551712475975
169.98828291893005,0.035258922787558,-0.001057005020850335,0.24410551712475975
169.98828291893005,0.03525892372017006,-0.001130669271893616,0.24410498277040676
169.98828291893005,0.03525892372017006,-0.001130669271893616,0.24410498277040676
169.98828291893005,0.03525892372017006,-0.001130669271893616,0.24410498277040676
169.98828291893005,0.035258922787558,-0.001057005020850335,0.24410551712475975
169.98828291893005,0.03473873402871115,0.0007599473085069357,0.2419838193361369
169.98828291893005,0.034394426918836415,0.0030141333138635137,0.2412479923479005
170.98828291893005,0.03429748983096534,0.003991418815903255,0.2412525106483289
170.98828291893005,0.03394443342401125,0.0049412104091389394,0.2413171903226976
170.98828291893005,0.03417296612589241,0.004965633509052124,0.24125716546129403
170.98828291893005,0.033953005750258766,0.004881958757241706,0.2413171903226976
170.98828291893005,0.033953005750258766,0.004881958757241706,0.2413171903226976
170.98828291893005,0.033953005750258766,0.004881958757241706,0.2413171903226976
170.98828291893005,0.03377288670218849,0.0049381679338866245,0.24110575942100798
170.98828291893005,0.03377288670218849,0.0049381679338866245,0.24110575942100798
170.98828291893005,0.03377288670218849,0.0049381679338866245,0.24110575942100798
170.98828291893005,0.03359059305863954,0.006055199147096912,0.24110575942100798
171.98828291893005,0.033378164284259285,0.0071864903818376034,0.2411237868258561
171.98828291893005,0.033206473513482535,0.006834613116583885,0.24116510297181115
171.98828291893005,0.033206473513482535,0.006834613116583885,0.24116510297181115
171.98828291893005,0.0331928484130498,0.0069127250702881345,0.2411694022805211
171.98828291893005,0.03343262426481072,0.006874082739545338,0.24110575942100798
171.98828291893005,0.03341900655622415,0.006952195983333201,0.24111005871007335
171.98828291893005,0.03341900655622415,0.006952195983333201,0.24111005871007335
171.98828291893005,0.033114756644809326,0.006884661311727904,0.2410454491059069
171.98828291893005,0.033114756644809326,0.006884661311727904,0.2410454491059069
171.98828291893005,0.033114756644809326,0.006884661311727904,0.2410454491059069
172.98828291893005,0.03322863407392286,0.005777071067745929,0.2408800607571947
172.98828291893005,0.032672937512638056,0.008366350867355522,0.2408800607571947
172.98828291893005,0.032909365067715114,0.008366280778372592,0.24082099703069765
172.98828291893005,0.03291468454231089,0.008346450475303982,0.24081876421721637
172.98828291893005,0.03266765059938874,0.008386598268687581,0.24088243284601962
172.98828291893005,0.03266765059938874,0.008386598268687581,0.24088243284601962
172.98828291893005,0.03266765059938874,0.008386598268687581,0.24088243284601962
172.98828291893005,0.03266765059938874,0.008386598268687581,0.24088243284601962
172.98828291893005,0.03288952984331086,0.008443567174227853,0.2408233691086839
172.98828291893005,0.03288952984331086,0.008443567174227853,0.2408233691086839
173.98828291893005,0.03288952984331086,0.008443567174227853,0.2408233691086839
173.98828291893005,0.03288952984331086,0.008443567174227853,0.2408233691086839
173.98828291893005,0.03288952984331086,0.008443567174227853,0.2408233691086839
173.98828291893005,0.03288952984331086,0.008443567174227853,0.2408233691086839
173.98828291893005,0.03266765059938874,0.008386598268687581,0.24088243284601962
173.98828291893005,0.03266765059938874,0.008386598268687581,0.24088243284601962
173.98828291893005,0.032652963419655755,0.008443601489809827,0.24088243284601962
173.98828291893005,0.03266765059938874,0.008386598268687581,0.24088243284601962
173.98828291893005,0.03288952984331086,0.008443567174227853,0.2408233691086839
173.98828291893005,0.03288952984331086,0.008443567174227853,0.2408233691086839
174.98828291893005,0.03288952984331086,0.008443567174227853,0.2408233691086839
174.98828291893005,0.03288952984331086,0.008443567174227853,0.2408233691086839
174.98828291893005,0.03288952984331086,0.008443567174227853,0.2408233691086839
174.98828291893005,0.03266765059938874,0.008386598268687581,0.24088243284601962
174.98828291893005,0.03266765059938874,0.008386598268687581,0.24088243284601962
174.98828291893005,0.03266765059938874,0.008386598268687581,0.24088243284601962
174.98828291893005,0.03266765059938874,0.008386598268687581,0.24088243284601962
174.98828291893005,0.03266765059938874,0.008386598268687581,0.24088243284601962
174.98828291893005,0.03288952984331086,0.008443567174227853,0.2408233691086839
174.98828291893005,0.03288952984331086,0.008443567174227853,0.2408233691086839
175.98828291893005,0.03266765059938874,0.008386598268687581,0.24088243284601962
175.98828291893005,0.03288952984331086,0.008443567174227853,0.2408233691086839
175.98828291893005,0.03266765059938874,0.008386598268687581,0.24088243284601962
175.98828291893005,0.03266765059938874,0.008386598268687581,0.24088243284601962
175.98828291893005,0.03266765059938874,0.008386598268687581,0.24088243284601962
175.98828291893005,0.03288952984331086,0.008443567174227853,0.2408233691086839
175.98828291893005,0.03266765059938874,0.008386598268687581,0.24088243284601962
175.98828291893005,0.03288952984331086,0.008443567174227853,0.2408233691086839
175.98828291893005,0.03266765059938874,0.008386598268687581,0.24088243284601962
175.98828291893005,0.03266765059938874,0.008386598268687581,0.24088243284601962
176.98828291893005,0.03266765059938874,0.008386598268687581,0.24088243284601962
176.98828291893005,0.03288952984331086,0.008443567174227853,0.2408233691086839
176.98828291893005,0.03288952984331086,0.008443567174227853,0.2408233691086839
176.98828291893005,0.03288952984331086,0.008443567174227853,0.2408233691086839
176.98828291893005,0.03288952984331086,0.008443567174227853,0.2408233691086839
176.98828291893005,0.03287474289580785,0.008500957562196307,0.2408233691086839
176.98828291893005,0.03287474289580785,0.008500957562196307,0.2408233691086839
176.98828291893005,0.03288952984331086,0.008443567174227853,0.2408233691086839
176.98828291893005,0.03266765059938874,0.008386598268687581,0.24088243284601962
176.98828291893005,0.03266765059938874,0.008386598268687581,0.24088243284601962
177.98828291893005,0.03266765059938874,0.008386598268687581,0.24088243284601962
177.98828291893005,0.03266765059938874,0.008386598268687581,0.24088243284601962
177.98828291893005,0.03298798085205898,0.008096917259806553,0.24127631843402686
177.98828291893005,0.03288621330514014,0.005866221195494285,0.2428697500942105
177.98828291893005,0.03288621330514014,0.005866221195494285,0.2428697500942105
177.98828291893005,0.03292820821152343,0.005709336931085746,0.24241394345675657
177.98828291893005,0.032117218750285156,0.004915841090183823,0.2413916338954701
177.98828291893005,0.032520916318673,0.003997265530999078,0.2412073605225404
177.98828291893005,0.032520916318673,0.003997265530999078,0.2412073605225404
177.98828291893005,0.03257522813440476,0.0030460240576347317,0.2409000277015131
178.98828291893005,0.03257522813440476,0.0030460240576347317,0.2409000277015131
178.98828291893005,0.03257522813440476,0.0030460240576347317,0.2409000277015131
178.98828291893005,0.031867887144090314,0.00031114179903661554,0.24233404286176713
178.98828291893005,0.031867887144090314,0.00031114179903661554,0.24233404286176713
178.98828291893005,0.03192401473544965,0.00014669274936971594,0.24282147240304822
178.98828291893005,0.03189803546338405,0.00022956526465546523,0.24280739144156488
178.98828291893005,0.031945895656495485,6.254521902423343e-05,0.2423762874519752
178.98828291893005,0.03194998375712408,6.384204096455959e-05,0.24283570502485502
178.98828291893005,0.03216673876100981,0.0001326007799818743,0.24232290685953062
178.98828291893005,0.03191990295601959,0.0001453884160709379,0.24236205433149832
179.98828291893005,0.032140722381842186,0.0002154364657049393,0.24230867328375874
179.98828291893005,0.031869518363696475,1.8614894018768868e-05,0.2422623902967901
179.98828291893005,0.031869518363696475,1.8614894018768868e-05,0.2422623902967901
179.98828291893005,0.03194998375712408,6.384204096455959e-05,0.24283570502485502
179.98828291893005,0.031945895656495485,6.254521902423343e-05,0.2423762874519752
179.98828291893005,0.03189803546338405,0.00022956526465546523,0.24280739144156488
179.98828291893005,0.032394820376042965,-3.196575167076915e-05,0.2426584822146466
179.98828291893005,0.033786634047897626,0.0005527008165967656,0.2418482534519773
179.98828291893005,0.033786634047897626,0.0005527008165967656,0.2418482534519773
179.98828291893005,0.033786634047897626,0.0005527008165967656,0.2418482534519773
180.98828291893005,0.03379782754880832,0.0004972306829663722,0.2423072588821298
180.98828291893005,0.03378754723562454,0.0004937309790392919,0.2418482534519773
180.98828291893005,0.03381549092683895,0.0004113898752475531,0.24186407410460942
180.98828291893005,0.03387421471399199,0.0005449042018293854,0.24241964102013946
180.98828291893005,0.03387421471399199,0.0005449042018293854,0.24241964102013946
180.98828291893005,0.033975585383445375,0.0002129995146303229,0.2420245291432202
180.98828291893005,0.035309992789793396,-0.0013718256140124938,0.2414618340758128
180.98828291893005,0.035309992789793396,-0.0013718256140124938,0.2414618340758128
180.98828291893005,0.035309992789793396,-0.0013718256140124938,0.2414618340758128
180.98828291893005,0.03617481459964237,-0.0035635428219508714,0.24227272800891742
181.98828291893005,0.03617481459964237,-0.0035635428219508714,0.24227272800891742
181.98828291893005,0.03615028679299203,-0.0034850536682278256,0.2422505297428467
181.98828291893005,0.03615028679299203,-0.0034850536682278256,0.2422505297428467
181.98828291893005,0.03615028679299203,-0.0034850536682278256,0.2422505297428467
181.98828291893005,0.036125748214711005,-0.0034065282432105583,0.24222847524230545
181.98828291893005,0.036125748214711005,-0.0034065282432105583,0.24222847524230545
181.98828291893005,0.03595319352431456,-0.007151766388192787,0.24040890025268613
181.98828291893005,0.03595319352431456,-0.007151766388192787,0.24040890025268613
181.98828291893005,0.03655059675247713,-0.006653829798876954,0.24127503454373256
181.98828291893005,0.03655059675247713,-0.006653829798876954,0.24127503454373256
182.98828291893005,0.03655059675247713,-0.006653829798876954,0.24127503454373256
182.98828291893005,0.03655059675247713,-0.006653829798876954,0.24127503454373256
182.98828291893005,0.03655059675247713,-0.006653829798876954,0.24127503454373256
182.98828291893005,0.03655059675247713,-0.006653829798876954,0.24127503454373256
182.98828291893005,0.03605342583439425,-0.009077277243434566,0.24129474719815724
182.98828291893005,0.03605342583439425,-0.009077277243434566,0.24129474719815724
182.98828291893005,0.03605681699988007,-0.008997436578707059,0.24173888404333083
182.98828291893005,0.03605681699988007,-0.008997436578707059,0.24173888404333083
182.98828291893005,0.03605681699988007,-0.008997436578707059,0.24173888404333083
182.98828291893005,0.03577953234792504,-0.008988734918120946,0.24176065205759734
183.98828291893005,0.0356698857015805,-0.008544064310129561,0.24141495168830532
183.98828291893005,0.0351015597719177,-0.008030829617278492,0.2413776942738462
183.98828291893005,0.03534503304448089,-0.007955516243971662,0.24131716984232127
183.98828291893005,0.0351015597719177,-0.008030829617278492,0.2413776942738462
183.98828291893005,0.03509672914782945,-0.007951744678396305,0.2413625822887427
183.98828291893005,0.03509672914782945,-0.007951744678396305,0.2413625822887427
183.98828291893005,0.03510630164980377,-0.007951175966969763,0.24182705346333327
183.98828291893005,0.03510630164980377,-0.007951175966969763,0.24182705346333327
183.98828291893005,0.03533109423610914,-0.008017192756988985,0.24131716984232127
183.98828291893005,0.03532623728367207,-0.007938109382298972,0.24130205811040484
184.98828291893005,0.03532623728367207,-0.007938109382298972,0.24130205811040484
184.98828291893005,0.03502109734524972,-0.00805837560669937,0.24126149211108155
184.98828291893005,0.0351015597719177,-0.008030829617278492,0.2413776942738462
184.98828291893005,0.03533109423610914,-0.008017192756988985,0.24131716984232127
184.98828291893005,0.03509672914782945,-0.007951744678396305,0.2413625822887427
184.98828291893005,0.03532623728367207,-0.007938109382298972,0.24130205811040484
184.98828291893005,0.034962259928981956,-0.007806472052438625,0.24171113926639226
184.98828291893005,0.034962259928981956,-0.007806472052438625,0.24171113926639226
184.98828291893005,0.03493754589221655,-0.007361150843333979,0.24096932641549862
184.98828291893005,0.03493754589221655,-0.007361150843333979,0.24096932641549862
185.98828291893005,0.03493589282465527,-0.00728133242038979,0.24095782436291585
185.98828291893005,0.03502834632113144,-0.007121789721198365,0.24106363728811625
185.98828291893005,0.03502834632113144,-0.007121789721198365,0.24106363728811625
185.98828291893005,0.03479889982869894,-0.007126595940262107,0.2411242983819492
185.98828291893005,0.03479889982869894,-0.007126595940262107,0.2411242983819492
185.98828291893005,0.03495777480349044,-0.0071402797540485,0.24141090932382106
185.98828291893005,0.034946756582857175,-0.007140510552881032,0.24094646155078703
185.98828291893005,0.03495777480349044,-0.0071402797540485,0.24141090932382106
185.98828291893005,0.0349449662960689,-0.007060655418787094,0.24093523823045246
185.98828291893005,0.034807156174826964,-0.007046736426068276,0.2415777130396016
186.98828291893005,0.03472772245752398,-0.007145098663935166,0.24147144607133916
186.98828291893005,0.034946756582857175,-0.007140510552881032,0.24094646155078703
186.98828291893005,0.034946756582857175,-0.007140510552881032,0.24094646155078703
186.98828291893005,0.034946756582857175,-0.007140510552881032,0.24094646155078703
186.98828291893005,0.034946756582857175,-0.007140510552881032,0.24094646155078703
186.98828291893005,0.03471574397457257,-0.00706545694213892,0.240995756262966
186.98828291893005,0.03471574397457257,-0.00706545694213892,0.240995756262966
186.98828291893005,0.0351031737130513,-0.006183495973592967,0.24148070832719076
186.98828291893005,0.0351031737130513,-0.006183495973592967,0.24148070832719076
186.98828291893005,0.03498502360973739,-0.008055296989266977,0.24143901503923237
187.98828291893005,0.034764305739935095,-0.00804913178083435,0.2419654163527689
187.98828291893005,0.03491385770718661,-0.00806853779290119,0.2417860418524635
187.98828291893005,0.03499518001205458,-0.00805558068327299,0.2419041719600174
187.98828291893005,0.03498712666746956,-0.007976317311128765,0.24142917918865897
187.98828291893005,0.03490560390892872,-0.0079890613161216,0.24131116411993342
187.98828291893005,0.03490560390892872,-0.0079890613161216,0.24131116411993342
187.98828291893005,0.03490560390892872,-0.0079890613161216,0.24131116411993342
187.98828291893005,0.03498502360973739,-0.008055296989266977,0.24143901503923237
187.98828291893005,0.03498502360973739,-0.008055296989266977,0.24143901503923237
187.98828291893005,0.03467576435004811,-0.007982641315841123,0.24137224989788436
188.98828291893005,0.03490560390892872,-0.0079890613161216,0.24131116411993342
188.98828291893005,0.034757081093466285,-0.007969891556324778,0.2414904063921697
188.98828291893005,0.03498712666746956,-0.007976317311128765,0.24142917918865897
188.98828291893005,0.03498712666746956,-0.007976317311128765,0.24142917918865897
188.98828291893005,0.03498712666746956,-0.007976317311128765,0.24142917918865897
188.98828291893005,0.03498712666746956,-0.007976317311128765,0.24142917918865897
188.98828291893005,0.03498712666746956,-0.007976317311128765,0.24142917918865897
188.98828291893005,0.034757081093466285,-0.007969891556324778,0.2414904063921697
188.98828291893005,0.034669392108959016,-0.008220148084514392,0.2414022516858082
188.98828291893005,0.034673638570875215,-0.00806182786476924,0.24138211229998227
189.98828291893005,0.03467576435004811,-0.007982641315841123,0.24137224989788436
189.98828291893005,0.03467576435004811,-0.007982641315841123,0.24137224989788436
189.98828291893005,0.034764305739935095,-0.00804913178083435,0.2419654163527689
189.98828291893005,0.03467576435004811,-0.007982641315841123,0.24137224989788436
189.98828291893005,0.03490349533578123,-0.008068248345657524,0.24132102635679614
189.98828291893005,0.03467576435004811,-0.007982641315841123,0.24137224989788436
189.98828291893005,0.034757081093466285,-0.007969891556324778,0.2414904063921697
189.98828291893005,0.034757081093466285,-0.007969891556324778,0.2414904063921697
189.98828291893005,0.03499730022977768,-0.007976601484456725,0.24189433594465093
189.98828291893005,0.03498923163474704,-0.007897321009225102,0.24141948128616206
190.98828291893005,0.034687477053475635,-0.007903705832084738,0.24182755841980672
190.98828291893005,0.034687477053475635,-0.007903705832084738,0.24182755841980672
190.98828291893005,0.0347685819240888,-0.007891157704649779,0.2419458820046508
190.98828291893005,0.03467576435004811,-0.007982641315841123,0.24137224989788436
190.98828291893005,0.034673638570875215,-0.00806182786476924,0.24138211229998227
190.98828291893005,0.034673638570875215,-0.00806182786476924,0.24138211229998227
190.98828291893005,0.03498502360973739,-0.008055296989266977,0.24143901503923237
190.98828291893005,0.03498502360973739,-0.008055296989266977,0.24143901503923237
190.98828291893005,0.033001990150987065,-0.008522955703071326,0.24098707865637287
190.98828291893005,0.033001990150987065,-0.008522955703071326,0.24098707865637287
191.98828291893005,0.03222584256357845,-0.008504305579932505,0.24011036789565623
191.98828291893005,0.03121551420439682,-0.01187667682890716,0.2397641011800863
191.98828291893005,0.03121551420439682,-0.01187667682890716,0.2397641011800863
191.98828291893005,0.030893922271884172,-0.0126897338901167,0.2397641011800863
191.98828291893005,0.030768109442385616,-0.012798188407812428,0.23964526934238983
191.98828291893005,0.030768109442385616,-0.012798188407812428,0.23964526934238983
191.98828291893005,0.030782273265571772,-0.012720249924549613,0.2396354065647476
191.98828291893005,0.03108701429798824,-0.012760369537905249,0.239697099000599
191.98828291893005,0.03108701429798824,-0.012760369537905249,0.239697099000599
191.98828291893005,0.03110126827380165,-0.012784935179672753,0.2401721632493331
192.98828291893005,0.031072904453587763,-0.012838107008834483,0.2397069353755239
192.98828291893005,0.030863565395793158,-0.012719761989371369,0.23975426479018022
192.98828291893005,0.030877695111749467,-0.012642011186067968,0.23974456635591465
192.98828291893005,0.030863565395793158,-0.012719761989371369,0.23975426479018022
192.98828291893005,0.030782273265571772,-0.012720249924549613,0.2396354065647476
192.98828291893005,0.030787697944007264,-0.012721235755718013,0.2401005051330354
192.98828291893005,0.030796440077499918,-0.012642294995302224,0.23962568210493462
192.98828291893005,0.030796440077499918,-0.012642294995302224,0.23962568210493462
192.98828291893005,0.030877695111749467,-0.012642011186067968,0.23974456635591465
192.98828291893005,0.031005518186965772,-0.01276082040348861,0.2395783803968416
193.98828291893005,0.030768109442385616,-0.012798188407812428,0.23964526934238983
193.98828291893005,0.0308687858539832,-0.012720710707430478,0.24021950261809155
193.98828291893005,0.030863565395793158,-0.012719761989371369,0.23975426479018022
193.98828291893005,0.030863565395793158,-0.012719761989371369,0.23975426479018022
193.98828291893005,0.030877695111749467,-0.012642011186067968,0.23974456635591465
193.98828291893005,0.030877695111749467,-0.012642011186067968,0.23974456635591465
193.98828291893005,0.030539928376201217,-0.012642594904326006,0.24008694296072114
193.98828291893005,0.030539928376201217,-0.012642594904326006,0.24008694296072114
193.98828291893005,0.032695504804228046,-0.009367008457536942,0.2430971394126447
193.98828291893005,0.032695504804228046,-0.009367008457536942,0.2430971394126447
194.98828291893005,0.03162934290131432,-0.011825756650625633,0.24362193741436694
194.98828291893005,0.03165399007144781,-0.011771629659597632,0.24315296848259196
194.98828291893005,0.03165399007144781,-0.011771629659597632,0.24315296848259196
194.98828291893005,0.03167448729684033,-0.011716364912733718,0.24315296848259196
194.98828291893005,0.03167448729684033,-0.011716364912733718,0.24315296848259196
194.98828291893005,0.03167448729684033,-0.011716364912733718,0.24315296848259196
194.98828291893005,0.03165399007144781,-0.011771629659597632,0.24315296848259196
194.98828291893005,0.031670429759722604,-0.011715277698937467,0.24362193741436694
194.98828291893005,0.03167448729684033,-0.011716364912733718,0.24315296848259196
194.98828291893005,0.03165399007144781,-0.011771629659597632,0.24315296848259196
195.98828291893005,0.03165399007144781,-0.011771629659597632,0.24315296848259196
195.98828291893005,0.03167448729684033,-0.011716364912733718,0.24315296848259196
195.98828291893005,0.031937727855754425,-0.011634486310283496,0.24308833074035663
195.98828291893005,0.03167448729684033,-0.011716364912733718,0.24315296848259196
195.98828291893005,0.03167448729684033,-0.011716364912733718,0.24315296848259196
195.98828291893005,0.03167448729684033,-0.011716364912733718,0.24315296848259196
195.98828291893005,0.03167448729684033,-0.011716364912733718,0.24315296848259196
195.98828291893005,0.03167448729684033,-0.011716364912733718,0.24315296848259196
195.98828291893005,0.03167448729684033,-0.011716364912733718,0.24315296848259196
195.98828291893005,0.031670429759722604,-0.011715277698937467,0.24362193741436694
196.98828291893005,0.031670429759722604,-0.011715277698937467,0.24362193741436694
196.98828291893005,0.03167448729684033,-0.011716364912733718,0.24315296848259196
196.98828291893005,0.03167448729684033,-0.011716364912733718,0.24315296848259196
196.98828291893005,0.03165399007144781,-0.011771629659597632,0.24315296848259196
196.98828291893005,0.03165399007144781,-0.011771629659597632,0.24315296848259196
196.98828291893005,0.03165399007144781,-0.011771629659597632,0.24315296848259196
196.98828291893005,0.03165399007144781,-0.011771629659597632,0.24315296848259196
196.98828291893005,0.03165399007144781,-0.011771629659597632,0.24315296848259196
196.98828291893005,0.03167448729684033,-0.011716364912733718,0.24315296848259196
196.98828291893005,0.03167448729684033,-0.011716364912733718,0.24315296848259196
197.98828291893005,0.03167448729684033,-0.011716364912733718,0.24315296848259196
197.98828291893005,0.03167448729684033,-0.011716364912733718,0.24315296848259196
197.98828291893005,0.03142773147574883,-0.011694704069310113,0.24320852151392042
197.98828291893005,0.025197624187138973,-0.009030627729181912,0.2292853311435608
197.98828291893005,0.023531796980490738,-0.008107684506758445,0.22385949723889478
197.98828291893005,0.02139613416697625,-0.007149725449446694,0.2194980142982248
197.98828291893005,0.02139613416697625,-0.007149725449446694,0.2194980142982248
197.98828291893005,0.020597458586593134,-0.0067029444742042615,0.22081991257697614
197.98828291893005,0.020597458586593134,-0.0067029444742042615,0.22081991257697614
197.98828291893005,0.02126429464727969,-0.007238891388881379,0.22308182032928156
198.98828291893005,0.02126429464727969,-0.007238891388881379,0.22308182032928156
198.98828291893005,0.0232128502668678,-0.007219806990786327,0.23008187190614143
198.98828291893005,0.023611565349923952,-0.007888644114594588,0.23205313982255324
198.98828291893005,0.02396080715944976,-0.008140061839718889,0.2342396683160092
198.98828291893005,0.02420279890992956,-0.008581187410533351,0.23668397364898452
198.98828291893005,0.02432211034287851,-0.00906601284299189,0.23897162360299667
198.98828291893005,0.024359603337321734,-0.009439522173547443,0.2406916234098456
198.98828291893005,0.024488174771149535,-0.009180969362865572,0.24081600119234414
198.98828291893005,0.024488174771149535,-0.009180969362865572,0.24081600119234414
198.98828291893005,0.024614840883019004,-0.008925730627129931,0.2409488879342382
199.98828291893005,0.02473221549992595,-0.008688734916647813,0.24108162584229287
199.98828291893005,0.024847712189455695,-0.008455058426057246,0.24122169418604752
199.98828291893005,0.02497528905962995,-0.008196366889745284,0.2413878969053588
199.98828291893005,0.02508649760487222,-0.007970346216760571,0.24154317225615332
199.98828291893005,0.025195552085578055,-0.007748204692147657,0.24170541836705767
199.98828291893005,0.025315557242021752,-0.007503148927357713,0.24189611895017116
199.98828291893005,0.025363703817446598,-0.00724479853312078,0.24257063681580643
199.98828291893005,0.02552781481607877,-0.007068000956482193,0.2422676025267984
199.98828291893005,0.02552781481607877,-0.007068000956482193,0.2422676025267984
199.98828291893005,0.02552781481607877,-0.007068000956482193,0.2422676025267984
200.98828291893005,0.025723499163203975,-0.006664641358125414,0.24265385853684665
200.98828291893005,0.025823181687490662,-0.0064582459894541745,0.24286906622358242
200.98828291893005,0.026037319673767198,-0.005878889770307632,0.24267242987300916
200.98828291893005,0.025975169148076557,-0.0061740655543910325,0.2434041105631852
200.98828291893005,0.025975169148076557,-0.0061740655543910325,0.2434041105631852
200.98828291893005,0.026069458564661446,-0.005976764474302114,0.2436491321456528
200.98828291893005,0.026213589871211113,-0.005673454723305306,0.24405796825303736
200.98828291893005,0.026213589871211113,-0.005673454723305306,0.24405796825303736
200.98828291893005,0.026213589871211113,-0.005673454723305306,0.24405796825303736
200.98828291893005,0.026213589871211113,-0.005673454723305306,0.24405796825303736
201.98828291893005,0.026213589871211113,-0.005673454723305306,0.24405796825303736
201.98828291893005,0.026213589871211113,-0.005673454723305306,0.24405796825303736
201.98828291893005,0.026213589871211113,-0.005673454723305306,0.24405796825303736
201.98828291893005,0.026213589871211113,-0.005673454723305306,0.24405796825303736
201.98828291893005,0.026213589871211113,-0.005673454723305306,0.24405796825303736
201.98828291893005,0.026213589871211113,-0.005673454723305306,0.24405796825303736
201.98828291893005,0.026213589871211113,-0.005673454723305306,0.24405796825303736
201.98828291893005,0.026213589871211113,-0.005673454723305306,0.24405796825303736
201.98828291893005,0.026213589871211113,-0.005673454723305306,0.24405796825303736
201.98828291893005,0.026213589871211113,-0.005673454723305306,0.24405796825303736
202.98828291893005,0.026213589871211113,-0.005673454723305306,0.24405796825303736
202.98828291893005,0.026213589871211113,-0.005673454723305306,0.24405796825303736
202.98828291893005,0.026213589871211113,-0.005673454723305306,0.24405796825303736
202.98828291893005,0.026213589871211113,-0.005673454723305306,0.24405796825303736
202.98828291893005,0.026213589871211113,-0.005673454723305306,0.24405796825303736
202.98828291893005,0.026213589871211113,-0.005673454723305306,0.24405796825303736
202.98828291893005,0.026213589871211113,-0.005673454723305306,0.24405796825303736
202.98828291893005,0.026213589871211113,-0.005673454723305306,0.24405796825303736
202.98828291893005,0.026213589871211113,-0.005673454723305306,0.24405796825303736
202.98828291893005,0.026213589871211113,-0.005673454723305306,0.24405796825303736
203.98828291893005,0.026213589871211113,-0.005673454723305306,0.24405796825303736
203.98828291893005,0.026213589871211113,-0.005673454723305306,0.24405796825303736
203.98828291893005,0.026213589871211113,-0.005673454723305306,0.24405796825303736
203.98828291893005,0.02614803763282092,-0.00564005418957312,0.24454454735586967
203.98828291893005,0.026213589871211113,-0.005673454723305306,0.24405796825303736
203.98828291893005,0.026213589871211113,-0.005673454723305306,0.24405796825303736
203.98828291893005,0.026213589871211113,-0.005673454723305306,0.24405796825303736
203.98828291893005,0.026213589871211113,-0.005673454723305306,0.24405796825303736
203.98828291893005,0.026213589871211113,-0.005673454723305306,0.24405796825303736
203.98828291893005,0.026213589871211113,-0.005673454723305306,0.24405796825303736
204.98828291893005,0.026213589871211113,-0.005673454723305306,0.24405796825303736
204.98828291893005,0.026213589871211113,-0.005673454723305306,0.24405796825303736
204.98828291893005,0.026213589871211113,-0.005673454723305306,0.24405796825303736
204.98828291893005,0.026213589871211113,-0.005673454723305306,0.24405796825303736
204.98828291893005,0.026213589871211113,-0.005673454723305306,0.24405796825303736
204.98828291893005,0.026213589871211113,-0.005673454723305306,0.24405796825303736
204.98828291893005,0.026213589871211113,-0.005673454723305306,0.24405796825303736
204.98828291893005,0.02614803763282092,-0.00564005418957312,0.24454454735586967
204.98828291893005,0.026213589871211113,-0.005673454723305306,0.24405796825303736
204.98828291893005,0.026213589871211113,-0.005673454723305306,0.24405796825303736
205.98828291893005,0.026213589871211113,-0.005673454723305306,0.24405796825303736
205.98828291893005,0.026213589871211113,-0.005673454723305306,0.24405796825303736
205.98828291893005,0.026213589871211113,-0.005673454723305306,0.24405796825303736
205.98828291893005,0.026213589871211113,-0.005673454723305306,0.24405796825303736
205.98828291893005,0.026213589871211113,-0.005673454723305306,0.24405796825303736
205.98828291893005,0.026213589871211113,-0.005673454723305306,0.24405796825303736
205.98828291893005,0.026213589871211113,-0.005673454723305306,0.24405796825303736
205.98828291893005,0.026213589871211113,-0.005673454723305306,0.24405796825303736
205.98828291893005,0.026213589871211113,-0.005673454723305306,0.24405796825303736
205.98828291893005,0.026213589871211113,-0.005673454723305306,0.24405796825303736
206.98828291893005,0.026213589871211113,-0.005673454723305306,0.24405796825303736
206.98828291893005,0.026213589871211113,-0.005673454723305306,0.24405796825303736
206.98828291893005,0.026213589871211113,-0.005673454723305306,0.24405796825303736
206.98828291893005,0.026213589871211113,-0.005673454723305306,0.24405796825303736
206.98828291893005,0.026213589871211113,-0.005673454723305306,0.24405796825303736
206.98828291893005,0.026213589871211113,-0.005673454723305306,0.24405796825303736
206.98828291893005,0.026213589871211113,-0.005673454723305306,0.24405796825303736
206.98828291893005,0.02614803763282092,-0.00564005418957312,0.24454454735586967
206.98828291893005,0.02614803763282092,-0.00564005418957312,0.24454454735586967
206.98828291893005,0.02614803763282092,-0.00564005418957312,0.24454454735586967
207.98828291893005,0.026213589871211113,-0.005673454723305306,0.24405796825303736
207.98828291893005,0.026213589871211113,-0.005673454723305306,0.24405796825303736
207.98828291893005,0.026213589871211113,-0.005673454723305306,0.24405796825303736
207.98828291893005,0.026213589871211113,-0.005673454723305306,0.24405796825303736
207.98828291893005,0.026213589871211113,-0.005673454723305306,0.24405796825303736
207.98828291893005,0.026213589871211113,-0.005673454723305306,0.24405796825303736
207.98828291893005,0.026213589871211113,-0.005673454723305306,0.24405796825303736
207.98828291893005,0.026213589871211113,-0.005673454723305306,0.24405796825303736
207.98828291893005,0.02614803763282092,-0.00564005418957312,0.24454454735586967
207.98828291893005,0.026213589871211113,-0.005673454723305306,0.24405796825303736
208.98828291893005,0.026213589871211113,-0.005673454723305306,0.24405796825303736
208.98828291893005,0.026213589871211113,-0.005673454723305306,0.24405796825303736
208.98828291893005,0.026213589871211113,-0.005673454723305306,0.24405796825303736
208.98828291893005,0.026213589871211113,-0.005673454723305306,0.24405796825303736
208.98828291893005,0.026213589871211113,-0.005673454723305306,0.24405796825303736
208.98828291893005,0.026213589871211113,-0.005673454723305306,0.24405796825303736
208.98828291893005,0.026213589871211113,-0.005673454723305306,0.24405796825303736
208.98828291893005,0.026213589871211113,-0.005673454723305306,0.24405796825303736
208.98828291893005,0.026213589871211113,-0.005673454723305306,0.24405796825303736
208.98828291893005,0.026213589871211113,-0.005673454723305306,0.24405796825303736
209.98828291893005,0.026213589871211113,-0.005673454723305306,0.24405796825303736
209.98828291893005,0.026213589871211113,-0.005673454723305306,0.24405796825303736
209.98828291893005,0.026213589871211113,-0.005673454723305306,0.24405796825303736
209.98828291893005,0.02614803763282092,-0.00564005418957312,0.24454454735586967
209.98828291893005,0.02614803763282092,-0.00564005418957312,0.24454454735586967
209.98828291893005,0.026213589871211113,-0.005673454723305306,0.24405796825303736
209.98828291893005,0.026213589871211113,-0.005673454723305306,0.24405796825303736
209.98828291893005,0.026213589871211113,-0.005673454723305306,0.24405796825303736
209.98828291893005,0.026213589871211113,-0.005673454723305306,0.24405796825303736
209.98828291893005,0.026213589871211113,-0.005673454723305306,0.24405796825303736
210.98828291893005,0.026213589871211113,-0.005673454723305306,0.24405796825303736
210.98828291893005,0.026213589871211113,-0.005673454723305306,0.24405796825303736
210.98828291893005,0.026213589871211113,-0.005673454723305306,0.24405796825303736
210.98828291893005,0.026287514533443163,-0.005723723615397212,0.2449714122781292
210.98828291893005,0.026287514533443163,-0.005723723615397212,0.2449714122781292
210.98828291893005,0.026287514533443163,-0.005723723615397212,0.2449714122781292
210.98828291893005,0.02418289071957165,-8.835680067368831e-05,0.26012856118058736
210.98828291893005,0.02418289071957165,-8.835680067368831e-05,0.26012856118058736
210.98828291893005,0.038955089490734965,-0.00035838714683640235,0.25292331639972987
210.98828291893005,0.0444602614440186,0.0011107659122527782,0.26186923219526953
211.98828291893005,0.04389771301309692,0.0035758482002357685,0.26010773401805903
211.98828291893005,0.04320173942243566,0.005914836410750787,0.2573604083051666
211.98828291893005,0.04320173942243566,0.005914836410750787,0.2573604083051666
211.98828291893005,0.042269107336520395,0.008067988542435702,0.2550216034683748
211.98828291893005,0.0411636803193422,0.010091070465239362,0.2526799220649933
211.98828291893005,0.039813191346152826,0.011965719888928042,0.2506457844043354
211.98828291893005,0.03855363576700932,0.013377909866168016,0.24858222471048655
211.98828291893005,0.03855363576700932,0.013377909866168016,0.24858222471048655
211.98828291893005,0.03802808942238492,0.013641486950901095,0.24753973335068016
211.98828291893005,0.03802808942238492,0.013641486950901095,0.24753973335068016
212.98828291893005,0.03774780187950923,0.010961071377498948,0.24611665034200159
212.98828291893005,0.03712795674766897,0.011786072302816166,0.2461571967523252
212.98828291893005,0.037102152887051834,0.010767727698759093,0.2452763060711627
212.98828291893005,0.037040065437385944,0.009682415422308886,0.24485057872675114
212.98828291893005,0.037040065437385944,0.009682415422308886,0.24485057872675114
212.98828291893005,0.03698466263898405,0.008706880935315176,0.24450098251947233
212.98828291893005,0.0369256266434627,0.00766010757950213,0.24415958216895614
212.98828291893005,0.0369256266434627,0.00766010757950213,0.24415958216895614
212.98828291893005,0.03681768869872672,0.005727038209894588,0.24361767467716794
212.98828291893005,0.03675732683854224,0.004718835210472047,0.24385308482885726
213.98828291893005,0.03670268625308075,0.0036402643630236327,0.24315675077777926
213.98828291893005,0.03665047866524651,0.0026836702314722745,0.24298718267295694
213.98828291893005,0.03658187034496263,0.0015300012755701878,0.2428084908733144
213.98828291893005,0.03652907858803914,0.0004367282121577089,0.24268943627493358
213.98828291893005,0.036470636927001934,-0.0005954626550129204,0.2430731152079279
213.98828291893005,0.03641235671426997,-0.0016946690569649182,0.24300891562630103
213.98828291893005,0.03641235671426997,-0.0016946690569649182,0.24300891562630103
213.98828291893005,0.036354343964640545,-0.002795311528512482,0.24297739763492338
213.98828291893005,0.03630648521807561,-0.003767046993684176,0.24250284827921142
213.98828291893005,0.03625252575000469,-0.0048030466845981334,0.24253022739262195
214.98828291893005,0.035683048371655604,-0.004510153934884999,0.24138700689178455
214.98828291893005,0.035683048371655604,-0.004510153934884999,0.24138700689178455
214.98828291893005,0.035684814492778064,-0.004443347369485224,0.2418572041935822
214.98828291893005,0.035693631551099156,-0.004381105729852133,0.2413843612093905
214.98828291893005,0.035693631551099156,-0.004381105729852133,0.2413843612093905
214.98828291893005,0.035693631551099156,-0.004381105729852133,0.2413843612093905
214.98828291893005,0.03569251523462261,-0.004381058942325145,0.2418572041935822
214.98828291893005,0.03569251523462261,-0.004381058942325145,0.2418572041935822
214.98828291893005,0.03569639900602396,-0.004314338359557142,0.24138183213919248
214.98828291893005,0.03569528709971326,-0.00431429175687088,0.24185467507330619
215.98828291893005,0.03569639900602396,-0.004314338359557142,0.24138183213919248
215.98828291893005,0.03569639900602396,-0.004314338359557142,0.24138183213919248
215.98828291893005,0.03569639900602396,-0.004314338359557142,0.24138183213919248
215.98828291893005,0.03574489024458752,-0.0036729908894435233,0.24231858312173196
215.98828291893005,0.03574489024458752,-0.0036729908894435233,0.24231858312173196
215.98828291893005,0.03518755858210576,-0.003682139952407116,0.2413061670808353
215.98828291893005,0.03518755858210576,-0.003682139952407116,0.2413061670808353
215.98828291893005,0.03518755858210576,-0.003682139952407116,0.2413061670808353
215.98828291893005,0.03518755858210576,-0.003682139952407116,0.2413061670808353
215.98828291893005,0.03518755858210576,-0.003682139952407116,0.2413061670808353
216.98828291893005,0.03518755858210576,-0.003682139952407116,0.2413061670808353
216.98828291893005,0.03518755858210576,-0.003682139952407116,0.2413061670808353
216.98828291893005,0.03518755858210576,-0.003682139952407116,0.2413061670808353
216.98828291893005,0.03518755858210576,-0.003682139952407116,0.2413061670808353
216.98828291893005,0.03479390708535861,-0.003239316830396983,0.2405480204324241
216.98828291893005,0.03480154965284084,-0.0031086653422050976,0.24101759847827342
216.98828291893005,0.03480154965284084,-0.0031086653422050976,0.24101759847827342
216.98828291893005,0.03480154965284084,-0.0031086653422050976,0.24101759847827342
216.98828291893005,0.03480154965284084,-0.0031086653422050976,0.24101759847827342
216.98828291893005,0.03480154965284084,-0.0031086653422050976,0.24101759847827342
217.98828291893005,0.03480154965284084,-0.0031086653422050976,0.24101759847827342
217.98828291893005,0.03480154965284084,-0.0031086653422050976,0.24101759847827342
217.98828291893005,0.035030791459918345,-0.0031142678911941606,0.24095654469206762
217.98828291893005,0.035030791459918345,-0.0031142678911941606,0.24095654469206762
217.98828291893005,0.035030791459918345,-0.0031142678911941606,0.24095654469206762
217.98828291893005,0.0347589038677044,-0.002704850383961375,0.24139234704964058
217.98828291893005,0.0347589038677044,-0.002704850383961375,0.24139234704964058
217.98828291893005,0.035451586482077024,-0.0027205695508668304,0.24214955702105764
217.98828291893005,0.035451586482077024,-0.0027205695508668304,0.24214955702105764
217.98828291893005,0.035453187744630785,-0.0026497502612018303,0.24214871902404975
218.98828291893005,0.035230872162202706,-0.0025215373156231673,0.24221048265079131
218.98828291893005,0.03546222110302456,-0.0025259794423109876,0.24214871902404975
218.98828291893005,0.03546222110302456,-0.0025259794423109876,0.24214871902404975
218.98828291893005,0.03546222110302456,-0.0025259794423109876,0.24214871902404975
218.98828291893005,0.03546222110302456,-0.0025259794423109876,0.24214871902404975
218.98828291893005,0.03546222110302456,-0.0025259794423109876,0.24214871902404975
218.98828291893005,0.035457758426337624,-0.0025878688301887755,0.24214871902404975
218.98828291893005,0.03546222110302456,-0.0025259794423109876,0.24214871902404975
218.98828291893005,0.03546222110302456,-0.0025259794423109876,0.24214871902404975
218.98828291893005,0.03546222110302456,-0.0025259794423109876,0.24214871902404975
219.98828291893005,0.03546222110302456,-0.0025259794423109876,0.24214871902404975
219.98828291893005,0.03546222110302456,-0.0025259794423109876,0.24214871902404975
219.98828291893005,0.03546222110302456,-0.0025259794423109876,0.24214871902404975
219.98828291893005,0.03546222110302456,-0.0025259794423109876,0.24214871902404975
219.98828291893005,0.03546222110302456,-0.0025259794423109876,0.24214871902404975
219.98828291893005,0.03546222110302456,-0.0025259794423109876,0.24214871902404975
219.98828291893005,0.03546222110302456,-0.0025259794423109876,0.24214871902404975
219.98828291893005,0.03546222110302456,-0.0025259794423109876,0.24214871902404975
219.98828291893005,0.03546222110302456,-0.0025259794423109876,0.24214871902404975
219.98828291893005,0.03546222110302456,-0.0025259794423109876,0.24214871902404975
220.98828291893005,0.03546222110302456,-0.0025259794423109876,0.24214871902404975
220.98828291893005,0.035230872162202706,-0.0025215373156231673,0.24221048265079131
220.98828291893005,0.035230872162202706,-0.0025215373156231673,0.24221048265079131
220.98828291893005,0.03546222110302456,-0.0025259794423109876,0.24214871902404975
220.98828291893005,0.03546222110302456,-0.0025259794423109876,0.24214871902404975
220.98828291893005,0.03546222110302456,-0.0025259794423109876,0.24214871902404975
220.98828291893005,0.035230872162202706,-0.0025215373156231673,0.24221048265079131
220.98828291893005,0.03546222110302456,-0.0025259794423109876,0.24214871902404975
220.98828291893005,0.03546222110302456,-0.0025259794423109876,0.24214871902404975
220.98828291893005,0.03546222110302456,-0.0025259794423109876,0.24214871902404975
221.98828291893005,0.03546222110302456,-0.0025259794423109876,0.24214871902404975
221.98828291893005,0.03546222110302456,-0.0025259794423109876,0.24214871902404975
221.98828291893005,0.03546222110302456,-0.0025259794423109876,0.24214871902404975
221.98828291893005,0.03546222110302456,-0.0025259794423109876,0.24214871902404975
221.98828291893005,0.03546222110302456,-0.0025259794423109876,0.24214871902404975
221.98828291893005,0.03546222110302456,-0.0025259794423109876,0.24214871902404975
221.98828291893005,0.03546222110302456,-0.0025259794423109876,0.24214871902404975
221.98828291893005,0.03546222110302456,-0.0025259794423109876,0.24214871902404975
221.98828291893005,0.03546357604024196,-0.002455153614533658,0.2421480046593779
221.98828291893005,0.03455128041107515,-0.0012043343379079807,0.24053542466893402
222.98828291893005,0.034549257230171534,-0.0011909708854400125,0.24053583044505455
222.98828291893005,0.034472057829493225,-0.001324456684549679,0.24041237903763266
222.98828291893005,0.034472057829493225,-0.001324456684549679,0.24041237903763266
222.98828291893005,0.034546866001421206,-0.0013249334783527224,0.24053542466893402
222.98828291893005,0.034546866001421206,-0.0013249334783527224,0.24053542466893402
222.98828291893005,0.034472057829493225,-0.001324456684549679,0.24041237903763266
222.98828291893005,0.03454712597335506,-0.0012512688710510922,0.24053583044505455
222.98828291893005,0.03454712597335506,-0.0012512688710510922,0.24053583044505455
222.98828291893005,0.03447431693741383,-0.0012642896060300127,0.24041237903763266
222.98828291893005,0.03447431693741383,-0.0012642896060300127,0.24041237903763266
223.98828291893005,0.034472057829493225,-0.001324456684549679,0.24041237903763266
223.98828291893005,0.034472057829493225,-0.001324456684549679,0.24041237903763266
223.98828291893005,0.034472318558166015,-0.0012505764175871695,0.24041278537833988
223.98828291893005,0.034546866001421206,-0.0013249334783527224,0.24053542466893402
223.98828291893005,0.034546866001421206,-0.0013249334783527224,0.24053542466893402
223.98828291893005,0.034546866001421206,-0.0013249334783527224,0.24053542466893402
223.98828291893005,0.03424448171418153,-0.0011020214498638284,0.24047395751451975
223.98828291893005,0.03424448171418153,-0.0011020214498638284,0.24047395751451975
223.98828291893005,0.034549125827564225,-0.0012646358342804469,0.24053542466893402
223.98828291893005,0.034546866001421206,-0.0013249334783527224,0.24053542466893402
224.98828291893005,0.03424369963967934,-0.001323659560847179,0.24047235164980021
224.98828291893005,0.03424369963967934,-0.001323659560847179,0.24047235164980021
224.98828291893005,0.03431855221095703,-0.0012504709948552538,0.24059593343908636
224.98828291893005,0.03424395965916499,-0.001249779291409129,0.24047275799483964
224.98828291893005,0.03447431693741383,-0.0012642896060300127,0.24041237903763266
224.98828291893005,0.034546866001421206,-0.0013249334783527224,0.24053542466893402
224.98828291893005,0.03454712597335506,-0.0012512688710510922,0.24053583044505455
224.98828291893005,0.03454712597335506,-0.0012512688710510922,0.24053583044505455
224.98828291893005,0.03454712597335506,-0.0012512688710510922,0.24053583044505455
224.98828291893005,0.03454712597335506,-0.0012512688710510922,0.24053583044505455
225.98828291893005,0.03454712597335506,-0.0012512688710510922,0.24053583044505455
225.98828291893005,0.03431855221095703,-0.0012504709948552538,0.24059593343908636
225.98828291893005,0.03454712597335506,-0.0012512688710510922,0.24053583044505455
225.98828291893005,0.03454712597335506,-0.0012512688710510922,0.24053583044505455
225.98828291893005,0.03431855221095703,-0.0012504709948552538,0.24059593343908636
225.98828291893005,0.034549257230171534,-0.0011909708854400125,0.24053583044505455
225.98828291893005,0.03447258018418145,-0.0011766969699995335,0.24041332066146093
225.98828291893005,0.034472318558166015,-0.0012505764175871695,0.24041278537833988
225.98828291893005,0.034549257230171534,-0.0011909708854400125,0.24053583044505455
225.98828291893005,0.03454712597335506,-0.0012512688710510922,0.24053583044505455
226.98828291893005,0.03447258018418145,-0.0011766969699995335,0.24041332066146093
226.98828291893005,0.03454712597335506,-0.0012512688710510922,0.24053583044505455
226.98828291893005,0.03454712597335506,-0.0012512688710510922,0.24053583044505455
226.98828291893005,0.034549257230171534,-0.0011909708854400125,0.24053583044505455
226.98828291893005,0.034549257230171534,-0.0011909708854400125,0.24053583044505455
226.98828291893005,0.034472318558166015,-0.0012505764175871695,0.24041278537833988
226.98828291893005,0.034472318558166015,-0.0012505764175871695,0.24041278537833988
226.98828291893005,0.034546866001421206,-0.0013249334783527224,0.24053542466893402
226.98828291893005,0.03447431693741383,-0.0012642896060300127,0.24041237903763266
226.98828291893005,0.03447431693741383,-0.0012642896060300127,0.24041237903763266
227.98828291893005,0.03447431693741383,-0.0012642896060300127,0.24041237903763266
227.98828291893005,0.034472057829493225,-0.001324456684549679,0.24041237903763266
227.98828291893005,0.03447431693741383,-0.0012642896060300127,0.24041237903763266
227.98828291893005,0.03424595770416669,-0.0012638910435738074,0.24047235164980021
227.98828291893005,0.03424595770416669,-0.0012638910435738074,0.24047235164980021
227.98828291893005,0.03447431693741383,-0.0012642896060300127,0.24041237903763266
227.98828291893005,0.03424595770416669,-0.0012638910435738074,0.24047235164980021
227.98828291893005,0.034318292947224924,-0.0013241356046289864,0.24059552765863965
227.98828291893005,0.034549125827564225,-0.0012646358342804469,0.24053542466893402
227.98828291893005,0.034549125827564225,-0.0012646358342804469,0.24053542466893402
228.98828291893005,0.03447431693741383,-0.0012642896060300127,0.24041237903763266
228.98828291893005,0.03447431693741383,-0.0012642896060300127,0.24041237903763266
228.98828291893005,0.034549125827564225,-0.0012646358342804469,0.24053542466893402
228.98828291893005,0.03424595770416669,-0.0012638910435738074,0.24047235164980021
228.98828291893005,0.034549125827564225,-0.0012646358342804469,0.24053542466893402
228.98828291893005,0.03447431693741383,-0.0012642896060300127,0.24041237903763266
228.98828291893005,0.03447431693741383,-0.0012642896060300127,0.24041237903763266
228.98828291893005,0.03447431693741383,-0.0012642896060300127,0.24041237903763266
228.98828291893005,0.03447431693741383,-0.0012642896060300127,0.24041237903763266
228.98828291893005,0.03447431693741383,-0.0012642896060300127,0.24041237903763266
229.98828291893005,0.034549125827564225,-0.0012646358342804469,0.24053542466893402
229.98828291893005,0.03447444872036198,-0.0011904089965364094,0.24041278537833988
229.98828291893005,0.03432055172895296,-0.0012642368968130528,0.24059552765863965
229.98828291893005,0.034549125827564225,-0.0012646358342804469,0.24053542466893402
229.98828291893005,0.03447458140208147,-0.0011165292048502667,0.24041332066146093
229.98828291893005,0.03424622052540911,-0.0011161306395257378,0.2404732932836677
229.98828291893005,0.03424608877792444,-0.0011900104328424303,0.24047275799483964
229.98828291893005,0.03424608877792444,-0.0011900104328424303,0.24047275799483964
229.98828291893005,0.034549257230171534,-0.0011909708854400125,0.24053583044505455
229.98828291893005,0.03424608877792444,-0.0011900104328424303,0.24047275799483964
230.98828291893005,0.03447444872036198,-0.0011904089965364094,0.24041278537833988
