time,servo1,servo2,servo3,servo4,servo5,servo6,servo7
-0.011717081069946289,0.013962634224014097,-0.5811946275983063,1.0960667569366334,0.3263765834387451,-0.019198622188056545,0.24434609527920614,0.020071355502632084
-0.011717081069946289,0.013962634224014097,-0.5811946275983063,1.0960667569366334,0.3263765834387451,-0.019198622188056545,0.24434609527920614,0.020071355502632084
-0.011717081069946289,0.013962634224014097,-0.5811946275983063,1.097812126136044,0.3263765834387451,-0.019198622188056545,0.24434609527920614,0.01990005142348292
-0.011717081069946289,0.013962634224014097,-0.5811946275983063,1.097812126136044,0.3263765834387451,-0.019198622188056545,0.24434609527920614,0.01990005142348292
-0.011717081069946289,0.013962634224014097,-0.5811946275983063,1.097812126136044,0.3263765834387451,-0.019198622188056545,0.24434609527920614,0.01990005142348292
-0.011717081069946289,0.013962634224014097,-0.5811946275983063,1.097812126136044,0.3263765834387451,-0.019198622188056545,0.24434609527920614,0.01990005142348292
-0.011717081069946289,0.013962634224014097,-0.5811946275983063,1.097812126136044,0.3263765834387451,-0.019198622188056545,0.24434609527920614,0.01990005142348292
-0.011717081069946289,0.013962634224014097,-0.5811946275983063,1.097812126136044,0.3263765834387451,-0.019198622188056545,0.24434609527920614,0.01990005142348292
-0.011717081069946289,0.013962634224014097,-0.5811946275983063,1.097812126136044,0.3263765834387451,-0.019198622188056545,0.3455751785790718,0.01990005142348292
-0.011717081069946289,0.013962634224014097,-0.5811946275983063,1.097812126136044,0.3263765834387451,-0.019198622188056545,0.24434609527920614,0.01990005142348292
0.9882829189300537,0.013962634224014097,-0.5811946275983063,1.097812126136044,0.3263765834387451,-0.019198622188056545,0.24434609527920614,0.01990005142348292
0.9882829189300537,0.013962634224014097,-0.5811946275983063,1.097812126136044,0.3263765834387451,-0.019198622188056545,0.24434609527920614,0.01990005142348292
0.9882829189300537,0.013962634224014097,-0.5811946275983063,1.097812126136044,0.3263765834387451,-0.019198622188056545,0.24434609527920614,0.01990005142348292
0.9882829189300537,0.013962634224014097,-0.5811946275983063,1.097812126136044,0.3263765834387451,-0.019198622188056545,0.24434609527920614,0.01990005142348292
0.9882829189300537,0.013962634224014097,-0.5811946275983063,1.097812126136044,0.3263765834387451,-0.019198622188056545,0.24434609527920614,0.01990005142348292
0.9882829189300537,0.013962634224014097,-0.5811946275983063,1.097812126136044,0.3263765834387451,-0.019198622188056545,0.24434609527920614,0.01990005142348292
0.9882829189300537,0.013962634224014097,-0.5811946275983063,1.0960667569366334,0.3263765834387451,-0.019198622188056545,0.24434609527920614,0.01990005142348292
0.9882829189300537,0.013962634224014097,-0.5811946275983063,1.097812126136044,0.3263765834387451,-0.019198622188056545,0.24434609527920614,0.01990005142348292
0.9882829189300537,0.013962634224014097,-0.5811946275983063,1.097812126136044,0.3263765834387451,-0.019198622188056545,0.24434609527920614,0.01990005142348292
0.9882829189300537,0.013962634224014097,-0.5811946275983063,1.097812126136044,0.3263765834387451,-0.019198622188056545,0.24434609527920614,0.01990005142348292
1.9882829189300537,0.013962634224014097,-0.5811946275983063,1.097812126136044,0.3263765834387451,-0.019198622188056545,0.24434609527920614,0.01990005142348292
1.9882829189300537,0.013962634224014097,-0.5811946275983063,1.097812126136044,0.3263765834387451,-0.019198622188056545,0.24434609527920614,0.01990005142348292
1.9882829189300537,0.013962634224014097,-0.5811946275983063,1.097812126136044,0.3263765834387451,-0.019198622188056545,0.24434609527920614,0.01990005142348292
1.9882829189300537,0.013962634224014097,-0.5811946275983063,1.097812126136044,0.3263765834387451,-0.019198622188056545,0.24434609527920614,0.01990005142348292
1.9882829189300537,0.013962634224014097,-0.5811946275983063,1.097812126136044,0.3263765834387451,-0.019198622188056545,0.24434609527920614,0.01990005142348292
1.9882829189300537,0.013962634224014097,-0.5811946275983063,1.097812126136044,0.3263765834387451,-0.019198622188056545,0.23911010419427178,0.01990005142348292
1.9882829189300537,0.013962634224014097,-0.5811946275983063,1.097812126136044,0.3263765834387451,-0.019198622188056545,0.24434609527920614,0.01990005142348292
1.9882829189300537,0.013962634224014097,-0.5811946275983063,1.097812126136044,0.3263765834387451,-0.019198622188056545,0.24434609527920614,0.01990005142348292
1.9882829189300537,0.013962634224014097,-0.5811946275983063,1.097812126136044,0.3263765834387451,-0.019198622188056545,0.24434609527920614,0.01990005142348292
1.9882829189300537,0.013962634224014097,-0.5811946275983063,1.097812126136044,0.3263765834387451,-0.019198622188056545,0.24434609527920614,0.01990005142348292
2.9882829189300537,0.013962634224014097,-0.5811946275983063,1.0960667569366334,0.3263765834387451,-0.019198622188056545,0.24434609527920614,0.01990005142348292
2.9882829189300537,0.013962634224014097,-0.5811946275983063,1.097812126136044,0.3263765834387451,-0.019198622188056545,0.24434609527920614,0.01990005142348292
2.9882829189300537,0.013962634224014097,-0.5811946275983063,1.097812126136044,0.3263765834387451,-0.019198622188056545,0.24434609527920614,0.01990005142348292
2.9882829189300537,0.013962634224014097,-0.5811946275983063,1.097812126136044,0.3263765834387451,-0.019198622188056545,0.24434609527920614,0.01990005142348292
2.9882829189300537,0.013962634224014097,-0.5811946275983063,1.097812126136044,0.3263765834387451,-0.019198622188056545,0.24434609527920614,0.01990005142348292
2.9882829189300537,0.013962634224014097,-0.5811946275983063,1.097812126136044,0.3263765834387451,-0.019198622188056545,0.24434609527920614,0.01990005142348292
2.9882829189300537,0.013962634224014097,-0.5811946275983063,1.097812126136044,0.3263765834387451,-0.019198622188056545,0.24434609527920614,0.01990005142348292
2.9882829189300537,0.013962634224014097,-0.5811946275983063,1.097812126136044,0.3263765834387451,-0.019198622188056545,0.24434609527920614,0.01990005142348292
2.9882829189300537,0.013962634224014097,-0.5811946275983063,1.097812126136044,0.3263765834387451,-0.019198622188056545,0.24434609527920614,0.01990005142348292
2.9882829189300537,0.013962634224014097,-0.5811946275983063,1.097812126136044,0.3263765834387451,-0.019198622188056545,0.24434609527920614,0.01990005142348292
3.9882829189300537,0.013962634224014097,-0.5811946275983063,1.097812126136044,0.3263765834387451,-0.019198622188056545,0.24434609527920614,0.01990005142348292
3.9882829189300537,0.013962634224014097,-0.5811946275983063,1.097812126136044,0.3263765834387451,-0.019198622188056545,0.24434609527920614,0.01990005142348292
3.9882829189300537,0.013962634224014097,-0.5811946275983063,1.097812126136044,0.3263765834387451,-0.019198622188056545,0.24434609527920614,0.01990005142348292
3.9882829189300537,0.013962634224014097,-0.5811946275983063,1.097812126136044,0.3263765834387451,-0.019198622188056545,0.24434609527920614,0.01990005142348292
3.9882829189300537,0.013962634224014097,-0.5811946275983063,1.097812126136044,0.3263765834387451,-0.019198622188056545,0.24434609527920614,0.01990005142348292
3.9882829189300537,0.013962634224014097,-0.5811946275983063,1.097812126136044,0.3263765834387451,-0.019198622188056545,0.24434609527920614,0.01990005142348292
3.9882829189300537,0.013962634224014097,-0.5811946275983063,1.0960667569366334,0.3263765834387451,-0.019198622188056545,0.24434609527920614,0.01990005142348292
3.9882829189300537,0.013962634224014097,-0.5811946275983063,1.0960667569366334,0.3263765834387451,-0.019198622188056545,0.24434609527920614,0.0061697837470794555
3.9882829189300537,0.013962634224014097,-0.5811946275983063,1.0960667569366334,0.3263765834387451,-0.019198622188056545,0.24434609527920614,0.0061697837470794555
3.9882829189300537,0.013962634224014097,-0.5811946275983063,1.097812126136044,0.3263765834387451,-0.019198622188056545,0.24434609527920614,0.01990005142348292
4.988282918930054,0.013962634224014097,-0.5811946275983063,1.097812126136044,0.3263765834387451,-0.019198622188056545,0.27227136996901813,0.01990005142348292
4.988282918930054,0.013962634224014097,-0.5811946275983063,1.0960667569366334,0.3263765834387451,-0.019198622188056545,0.24434609527920614,0.01990005142348292
4.988282918930054,0.013962634224014097,-0.5811946275983063,1.0960667569366334,0.3263765834387451,-0.019198622188056545,0.24434609527920614,0.01990005142348292
4.988282918930054,0.013962634224014097,-0.5811946275983063,1.0960667569366334,0.3263765834387451,-0.019198622188056545,0.24434609527920614,0.01990005142348292
4.988282918930054,0.013962634224014097,-0.5811946275983063,1.0960667569366334,0.3263765834387451,-0.019198622188056545,0.24434609527920614,0.01990005142348292
4.988282918930054,0.013962634224014097,-0.5811946275983063,1.0960667569366334,0.3263765834387451,-0.019198622188056545,0.24434609527920614,0.01990005142348292
4.988282918930054,0.013962634224014097,-0.5811946275983063,1.097812126136044,0.3263765834387451,-0.019198622188056545,0.24434609527920614,0.01990005142348292
4.988282918930054,0.013962634224014097,-0.5811946275983063,1.097812126136044,0.3263765834387451,-0.019198622188056545,0.24434609527920614,0.01990005142348292
4.988282918930054,0.013962634224014097,-0.5811946275983063,1.097812126136044,0.3263765834387451,-0.019198622188056545,0.24434609527920614,0.01990005142348292
4.988282918930054,0.013962634224014097,-0.5811946275983063,1.097812126136044,0.3263765834387451,-0.019198622188056545,0.24434609527920614,0.01990005142348292
5.988282918930054,0.013962634224014097,-0.5811946275983063,1.0960667569366334,0.3263765834387451,-0.019198622188056545,-56.94660368628253,0.01990005142348292
5.988282918930054,0.013962634224014097,-0.5811946275983063,1.0960667569366334,0.3263765834387451,-0.019198622188056545,0.24434609527920614,0.01990005142348292
5.988282918930054,0.013962634224014097,-0.5811946275983063,1.097812126136044,0.3263765834387451,-0.019198622188056545,0.24434609527920614,0.01990005142348292
5.988282918930054,0.013962634224014097,-0.5811946275983063,1.0960667569366334,0.3263765834387451,-0.019198622188056545,0.24434609527920614,0.01990005142348292
5.988282918930054,0.013962634224014097,-0.5811946275983063,1.097812126136044,0.3263765834387451,-0.019198622188056545,0.24434609527920614,0.01990005142348292
5.988282918930054,0.013962634224014097,-0.5811946275983063,1.097812126136044,0.3263765834387451,-0.019198622188056545,0.24434609527920614,0.01990005142348292
5.988282918930054,0.013962634224014097,-0.5794493249779229,1.0960667569366334,0.3263765834387451,-0.019198622188056545,0.24434609527920614,0.01990005142348292
5.988282918930054,0.013962634224014097,-0.5794493249779229,1.0960667569366334,0.3263765834387451,-0.019198622188056545,0.24434609527920614,0.01990005142348292
5.988282918930054,0.013962634224014097,-0.5811946275983063,1.0960667569366334,0.3263765834387451,-0.019198622188056545,0.24434609527920614,0.01990005142348292
5.988282918930054,0.013962634224014097,-0.5811946275983063,1.0960667569366334,0.3263765834387451,-0.019198622188056545,0.24434609527920614,0.01990005142348292
6.988282918930054,0.013962634224014097,-0.5811946275983063,1.0960667569366334,0.3263765834387451,-0.019198622188056545,0.24434609527920614,0.01990005142348292
6.988282918930054,0.013962634224014097,-0.5811946275983063,1.0960667569366334,0.3263765834387451,-0.019198622188056545,0.24434609527920614,0.01990005142348292
6.988282918930054,0.013962634224014097,-0.5811946275983063,1.0960667569366334,0.3263765834387451,-0.019198622188056545,0.24434609527920614,0.01990005142348292
6.988282918930054,0.013962634224014097,-0.5811946275983063,1.097812126136044,0.3263765834387451,-0.019198622188056545,0.24434609527920614,0.01990005142348292
6.988282918930054,0.013962634224014097,-0.5811946275983063,1.097812126136044,0.3263765834387451,-0.019198622188056545,0.24434609527920614,0.0061697837470794555
6.988282918930054,0.013962634224014097,-0.5811946275983063,1.097812126136044,0.3263765834387451,-0.019198622188056545,0.24434609527920614,0.0061697837470794555
6.988282918930054,0.013962634224014097,-0.5811946275983063,1.097812126136044,0.3263765834387451,-0.019198622188056545,0.24434609527920614,0.0061697837470794555
6.988282918930054,0.013962634224014097,-0.5811946275983063,1.097812126136044,0.3263765834387451,-0.019198622188056545,0.24434609527920614,0.0061697837470794555
6.988282918930054,0.013962634224014097,-0.5811946275983063,1.0559241974565694,0.24260075936930903,0.05235987755982988,0.17453292519943295,0.01990005142348292
6.988282918930054,0.0,-0.6859143827179661,1.0559241974565694,0.2146755013242539,0.08203047151478213,0.15009832232941506,0.01990005142348292
7.988282918930054,0.0,-0.7138396906972916,1.0559241974565694,0.1850049073693017,0.11170107379211278,0.12391837522712172,0.01990005142348292
7.988282918930054,0.0,-0.7452556039173841,1.0559241974565694,0.15707963267948966,0.14311699533458366,0.09424778127216948,0.01990005142348292
7.988282918930054,0.0,-0.7749262145170933,1.0559241974565694,0.12915436631205607,0.17104227002439565,0.06632251074354668,0.01990005142348292
7.988282918930054,0.0,-0.7749262145170933,1.0559241974565694,0.12915436631205607,0.17104227002439565,0.06632251074354668,0.01990005142348292
7.988282918930054,0.0,-0.7749262145170933,1.0559241974565694,0.12915436631205607,0.17104227002439565,0.06632251074354668,0.01990005142348292
7.988282918930054,0.0,-0.8045967585377749,1.0559241974565694,0.09948376403472542,0.17104227002439565,0.06632251074354668,0.01990005142348292
7.988282918930054,0.0,-0.8045967585377749,1.0559241974565694,0.09948376403472542,0.17104227002439565,0.06632251074354668,0.01990005142348292
7.988282918930054,0.0,-0.886627246697314,1.0559241974565694,0.017453292519943295,0.28448865475927027,0.0034906585560035243,0.01990005142348292
7.988282918930054,0.0,-0.9162978572970231,1.0559241974565694,0.008726646259971648,0.3159046012688764,0.0017453292780017621,0.01990005142348292
7.988282918930054,0.0,-0.9459684678967321,1.0559241974565694,0.008726646259971648,0.3455751785790718,0.0017453292780017621,0.01990005142348292
8.988282918930054,0.0,-0.9756390784964412,1.0559241974565694,0.008726646259971648,0.3735004532688838,0.0034906585560035243,0.01990005142348292
8.988282918930054,0.0,-1.005309622517123,1.0559241974565694,0.005235987964042449,0.40491639977848987,0.0017453292780017621,0.01990005142348292
8.988282918930054,0.0,-1.0332349304964485,1.0559241974565694,0.0069813171120070485,0.4363323129985824,0.0017453292780017621,0.01990005142348292
8.988282918930054,0.0,-1.0437068793768036,1.0559241974565694,0.005235987964042449,0.46425758768839437,0.0017453292780017621,0.01990005142348292
8.988282918930054,0.0,-1.0437068793768036,1.0559241974565694,0.005235987964042449,0.4956735009084869,0.0017453292780017621,0.01990005142348292
8.988282918930054,0.0,-1.0437068793768036,1.0559241974565694,0.0069813171120070485,0.5218534396884018,0.0017453292780017621,0.01990005142348292
8.988282918930054,0.0,-1.0437068793768036,1.0559241974565694,0.0069813171120070485,0.5218534396884018,0.0017453292780017621,0.01990005142348292
8.988282918930054,0.0,-1.0437068793768036,1.0559241974565694,0.005235987964042449,0.5218534396884018,0.0017453292780017621,0.01990005142348292
8.988282918930054,0.0,-1.0437068793768036,1.0559241974565694,0.008726646259971648,0.5218534396884018,0.0017453292780017621,0.01990005142348292
8.988282918930054,0.0,-1.0437068793768036,1.0559241974565694,0.008726646259971648,0.5218534396884018,0.0017453292780017621,0.01990005142348292
9.988282918930054,0.0,-1.0437068793768036,1.0559241974565694,0.005235987964042449,0.5218534396884018,0.0,0.01990005142348292
9.988282918930054,0.0,-1.0437068793768036,1.0559241974565694,0.0069813171120070485,0.5218534396884018,0.0,0.01990005142348292
9.988282918930054,0.0,-1.0437068793768036,1.0559241974565694,0.0069813171120070485,0.5218534396884018,0.0,0.01990005142348292
9.988282918930054,0.0,-1.0437068793768036,1.0559241974565694,0.0069813171120070485,0.5218534396884018,0.0,0.01990005142348292
9.988282918930054,0.0,-1.0437068793768036,1.0559241974565694,0.008726646259971648,0.5218534396884018,0.0,0.01990005142348292
9.988282918930054,0.0,-1.0437068793768036,1.0559241974565694,0.0069813171120070485,0.5218534396884018,0.0,0.01990005142348292
9.988282918930054,0.0,-1.0437068793768036,1.0559241974565694,0.0069813171120070485,0.5218534396884018,0.0,0.01990005142348292
9.988282918930054,0.0,-1.0437068793768036,1.0559241974565694,0.0069813171120070485,0.5218534396884018,0.0,0.01990005142348292
9.988282918930054,0.0,-1.0437068793768036,1.0559241974565694,0.0069813171120070485,0.5218534396884018,0.0,0.01990005142348292
9.988282918930054,0.0,-1.0437068793768036,1.0559241974565694,0.005235987964042449,0.5218534396884018,0.0,0.01990005142348292
10.988282918930054,0.0,-1.0437068793768036,1.0559241974565694,0.008726646259971648,0.5218534396884018,0.0,0.01990005142348292
10.988282918930054,0.0,-1.0437068793768036,1.0559241974565694,0.0069813171120070485,0.5218534396884018,0.0,0.01990005142348292
10.988282918930054,0.0,-1.0437068793768036,1.0559241974565694,0.0069813171120070485,0.5218534396884018,0.0,0.01990005142348292
10.988282918930054,0.0,-1.0437068793768036,1.0559241974565694,0.005235987964042449,0.5218534396884018,0.0,0.01990005142348292
10.988282918930054,0.0,-1.0437068793768036,1.0559241974565694,0.005235987964042449,0.5218534396884018,0.0,0.01990005142348292
10.988282918930054,0.0,-1.0437068793768036,1.0559241974565694,0.0069813171120070485,0.5218534396884018,0.0,0.01990005142348292
10.988282918930054,0.0,-1.0437068793768036,1.0559241974565694,0.0069813171120070485,0.5218534396884018,0.0,0.01990005142348292
10.988282918930054,0.0,-1.0437068793768036,1.0559241974565694,0.0069813171120070485,0.5218534396884018,0.0,0.01990005142348292
10.988282918930054,0.0,-1.0437068793768036,1.0559241974565694,0.005235987964042449,0.5218534396884018,0.0,0.01990005142348292
10.988282918930054,0.0,-1.0437068793768036,1.0559241974565694,0.0069813171120070485,0.5218534396884018,0.0,0.01990005142348292
11.988282918930054,0.0,-1.0437068793768036,1.0559241974565694,0.005235987964042449,0.5218534396884018,0.0,0.01990005142348292
11.988282918930054,0.0,-1.0437068793768036,1.0559241974565694,0.005235987964042449,0.5218534396884018,0.0,0.01990005142348292
11.988282918930054,0.0,-1.0437068793768036,1.0559241974565694,0.005235987964042449,0.5218534396884018,0.0,0.01990005142348292
11.988282918930054,0.0,-1.0437068793768036,1.0559241974565694,0.005235987964042449,0.5218534396884018,0.0,0.01990005142348292
11.988282918930054,0.0,-1.0437068793768036,1.0559241974565694,0.0069813171120070485,0.5218534396884018,0.0,0.01990005142348292
11.988282918930054,0.0,-1.0437068793768036,1.0559241974565694,0.005235987964042449,0.5218534396884018,0.0,0.01990005142348292
11.988282918930054,0.0,-1.0437068793768036,1.0559241974565694,0.005235987964042449,0.5218534396884018,0.0,0.01990005142348292
11.988282918930054,0.0,-1.0437068793768036,1.0559241974565694,0.005235987964042449,0.5218534396884018,0.0,0.01990005142348292
11.988282918930054,0.0,-1.0437068793768036,1.0576695000769527,0.005235987964042449,0.5218534396884018,0.0,0.01990005142348292
11.988282918930054,0.0,-1.0437068793768036,1.0559241974565694,0.005235987964042449,0.5218534396884018,0.0,0.01990005142348292
12.988282918930054,0.0,-1.0437068793768036,1.0559241974565694,0.005235987964042449,0.5218534396884018,0.0,0.01990005142348292
12.988282918930054,0.0,-1.0437068793768036,1.0576695000769527,0.005235987964042449,0.5218534396884018,0.0,0.01990005142348292
12.988282918930054,0.0,-1.0437068793768036,1.0559241974565694,0.005235987964042449,0.5218534396884018,0.0,0.01990005142348292
12.988282918930054,0.0,-1.0437068793768036,1.0559241974565694,0.005235987964042449,0.5218534396884018,0.0,0.01990005142348292
12.988282918930054,0.0,-1.0437068793768036,1.0576695000769527,0.005235987964042449,0.5218534396884018,0.0,0.01990005142348292
12.988282918930054,0.0,-1.0437068793768036,1.0559241974565694,0.0069813171120070485,0.5218534396884018,0.0,0.01990005142348292
12.988282918930054,0.0,-1.0437068793768036,1.0559241974565694,0.0069813171120070485,0.5218534396884018,0.0,0.01990005142348292
12.988282918930054,0.0,-1.0437068793768036,1.0559241974565694,0.0069813171120070485,0.5218534396884018,0.0,0.01990005142348292
12.988282918930054,0.0,-1.0437068793768036,1.0559241974565694,0.005235987964042449,0.5218534396884018,0.0,0.01990005142348292
12.988282918930054,0.0,-1.0437068793768036,1.0559241974565694,0.005235987964042449,0.5218534396884018,0.0,0.01990005142348292
13.988282918930054,0.0,-1.0437068793768036,1.0559241974565694,0.005235987964042449,0.5218534396884018,0.0,0.01990005142348292
13.988282918930054,0.0,-1.0437068793768036,1.0559241974565694,0.005235987964042449,0.5218534396884018,0.0,0.01990005142348292
13.988282918930054,0.0,-1.0437068793768036,1.0559241974565694,0.0069813171120070485,0.5218534396884018,0.0,0.01990005142348292
13.988282918930054,0.0,-1.0437068793768036,1.0559241974565694,0.005235987964042449,0.5218534396884018,0.0,0.01990005142348292
13.988282918930054,0.0,-1.0437068793768036,1.0559241974565694,0.005235987964042449,0.5218534396884018,0.0,0.01990005142348292
13.988282918930054,0.0,-1.0437068793768036,1.0559241974565694,0.005235987964042449,0.5218534396884018,0.0,0.01990005142348292
13.988282918930054,0.0,-1.0437068793768036,1.0559241974565694,0.005235987964042449,0.5218534396884018,0.0,0.01990005142348292
13.988282918930054,0.0,-1.0437068793768036,1.0559241974565694,0.005235987964042449,0.5218534396884018,0.0,0.01990005142348292
13.988282918930054,0.0,-1.0437068793768036,1.0559241974565694,0.005235987964042449,0.5218534396884018,0.0,0.01990005142348292
13.988282918930054,0.0,-1.0437068793768036,1.0559241974565694,0.005235987964042449,0.5218534396884018,0.0,0.01990005142348292
14.988282918930054,0.0,-1.0437068793768036,1.0559241974565694,0.005235987964042449,0.5218534396884018,0.0,0.01990005142348292
14.988282918930054,0.0,-1.0437068793768036,1.0559241974565694,0.005235987964042449,0.5218534396884018,0.0,0.01990005142348292
14.988282918930054,0.0,-1.0437068793768036,1.0559241974565694,0.005235987964042449,0.5218534396884018,0.0,0.01990005142348292
14.988282918930054,0.0,-1.0437068793768036,1.0559241974565694,0.005235987964042449,0.5218534396884018,0.0,0.01990005142348292
14.988282918930054,0.0,-1.0437068793768036,1.0559241974565694,0.005235987964042449,0.5218534396884018,0.0,0.01990005142348292
14.988282918930054,0.0,-1.0437068793768036,1.0559241974565694,0.005235987964042449,0.5218534396884018,0.0,0.01990005142348292
14.988282918930054,0.0,-1.0437068793768036,1.0559241974565694,0.005235987964042449,0.5218534396884018,0.0,0.01990005142348292
14.988282918930054,0.0,-1.0437068793768036,1.0559241974565694,0.005235987964042449,0.5218534396884018,0.0,0.01990005142348292
14.988282918930054,0.0,-1.0437068793768036,1.0559241974565694,0.005235987964042449,0.5218534396884018,0.0,0.01990005142348292
14.988282918930054,0.0,-1.0437068793768036,1.0559241974565694,0.005235987964042449,0.5218534396884018,0.0,0.01990005142348292
15.988282918930054,0.0,-1.0437068793768036,1.0559241974565694,0.005235987964042449,0.5218534396884018,0.0,0.01990005142348292
15.988282918930054,0.0,-1.0437068793768036,1.0559241974565694,0.005235987964042449,0.5218534396884018,0.0,0.01990005142348292
15.988282918930054,0.0,-1.0437068793768036,1.0559241974565694,0.0069813171120070485,0.5218534396884018,0.0,0.01990005142348292
15.988282918930054,0.0,-1.0437068793768036,1.0559241974565694,0.005235987964042449,0.5218534396884018,0.0,0.01990005142348292
15.988282918930054,0.0,-1.0437068793768036,1.0559241974565694,0.005235987964042449,0.5218534396884018,0.0,0.01990005142348292
15.988282918930054,0.0,-1.0437068793768036,1.0559241974565694,0.005235987964042449,0.5218534396884018,0.0,0.01990005142348292
15.988282918930054,0.0,-1.0437068793768036,1.0559241974565694,0.005235987964042449,0.5218534396884018,0.0,0.01990005142348292
15.988282918930054,0.0,-1.0437068793768036,1.0559241974565694,0.005235987964042449,0.5218534396884018,0.0,0.01990005142348292
15.988282918930054,0.0,-1.0437068793768036,1.0559241974565694,0.005235987964042449,0.5218534396884018,0.0,0.01990005142348292
15.988282918930054,0.0,-1.0437068793768036,1.0559241974565694,0.005235987964042449,0.5218534396884018,0.0,0.01990005142348292
16.988282918930054,0.0,-1.0437068793768036,1.0559241974565694,0.005235987964042449,0.5218534396884018,0.0,0.01990005142348292
16.988282918930054,0.0,-1.0437068793768036,1.0559241974565694,0.005235987964042449,0.5218534396884018,0.0,0.01990005142348292
16.988282918930054,0.0,-1.0437068793768036,1.0559241974565694,0.005235987964042449,0.5218534396884018,0.0,0.01990005142348292
16.988282918930054,0.0,-1.0437068793768036,1.0559241974565694,0.005235987964042449,0.5218534396884018,0.0,0.01990005142348292
16.988282918930054,0.0,-1.0437068793768036,1.0559241974565694,0.0069813171120070485,0.5218534396884018,0.0,0.01990005142348292
16.988282918930054,0.0,-1.0437068793768036,1.0559241974565694,0.0069813171120070485,0.5218534396884018,0.0,0.01990005142348292
16.988282918930054,0.0,-1.0437068793768036,1.0559241974565694,0.005235987964042449,0.5218534396884018,0.0,0.01990005142348292
16.988282918930054,0.0,-1.0437068793768036,1.0559241974565694,0.008726646259971648,0.5218534396884018,0.0,0.01990005142348292
16.988282918930054,0.0,-1.0437068793768036,1.0559241974565694,0.005235987964042449,0.5218534396884018,0.0,0.01990005142348292
16.988282918930054,0.0,-1.0437068793768036,1.0559241974565694,0.0069813171120070485,0.5218534396884018,0.0,0.01990005142348292
17.988282918930054,0.0,-1.0437068793768036,1.0559241974565694,0.005235987964042449,0.5218534396884018,0.0,0.01990005142348292
17.988282918930054,0.0,-1.0437068793768036,1.0559241974565694,0.005235987964042449,0.5218534396884018,0.0,0.01990005142348292
17.988282918930054,0.0,-1.0437068793768036,1.0559241974565694,0.005235987964042449,0.5218534396884018,0.0,0.01990005142348292
17.988282918930054,0.0,-1.0437068793768036,1.0559241974565694,0.005235987964042449,0.5218534396884018,0.0,0.01990005142348292
17.988282918930054,0.0,-1.0437068793768036,1.0559241974565694,0.005235987964042449,0.5218534396884018,0.0,0.01990005142348292
17.988282918930054,0.0,-1.0437068793768036,1.0559241974565694,0.005235987964042449,0.5218534396884018,0.0,0.01990005142348292
17.988282918930054,0.0,-1.0437068793768036,1.0559241974565694,0.005235987964042449,0.5218534396884018,0.0,0.01990005142348292
17.988282918930054,0.0,-1.0437068793768036,1.0559241974565694,0.005235987964042449,0.5201081037785047,0.0,0.01990005142348292
17.988282918930054,0.0,-1.0437068793768036,1.0559241974565694,0.005235987964042449,0.5218534396884018,0.0,0.01990005142348292
17.988282918930054,0.0,-1.0437068793768036,1.0559241974565694,0.005235987964042449,0.5218534396884018,0.0,0.01990005142348292
18.988282918930054,0.0,-1.0437068793768036,1.0559241974565694,0.005235987964042449,0.5218534396884018,0.0,0.01990005142348292
18.988282918930054,0.0,-1.0437068793768036,1.0559241974565694,0.005235987964042449,0.5218534396884018,0.0,0.01990005142348292
18.988282918930054,0.0,-1.0437068793768036,1.0559241974565694,0.005235987964042449,0.5218534396884018,0.0,0.01990005142348292
18.988282918930054,0.0,-1.0437068793768036,1.0559241974565694,0.0034906585560035243,0.5218534396884018,0.0,0.01990005142348292
18.988282918930054,0.0,-1.0437068793768036,1.0559241974565694,0.0034906585560035243,0.5218534396884018,0.0,0.01990005142348292
18.988282918930054,0.0,-1.0437068793768036,1.0559241974565694,0.0034906585560035243,0.5218534396884018,0.0,0.01990005142348292
18.988282918930054,0.0,-1.0437068793768036,1.0559241974565694,0.005235987964042449,0.5218534396884018,0.0,0.01990005142348292
18.988282918930054,0.0,-1.0437068793768036,1.0559241974565694,0.0034906585560035243,0.5218534396884018,0.0,0.01990005142348292
18.988282918930054,0.0,-1.0437068793768036,1.0559241974565694,0.005235987964042449,0.5218534396884018,0.0,0.01990005142348292
18.988282918930054,0.0,-1.0437068793768036,1.0559241974565694,0.005235987964042449,0.5218534396884018,0.0,0.01990005142348292
19.988282918930054,0.0,-1.0437068793768036,1.0559241974565694,0.005235987964042449,0.5218534396884018,0.0,0.01990005142348292
19.988282918930054,0.0,-1.0437068793768036,1.0559241974565694,0.005235987964042449,0.5218534396884018,0.0,0.01990005142348292
19.988282918930054,0.0,-1.0437068793768036,1.0559241974565694,0.005235987964042449,0.5218534396884018,0.0,0.01990005142348292
19.988282918930054,0.0,-1.0437068793768036,1.0559241974565694,0.005235987964042449,0.5218534396884018,0.0,0.01990005142348292
19.988282918930054,0.0,-1.0437068793768036,1.0559241974565694,0.005235987964042449,0.5218534396884018,0.0,0.01990005142348292
19.988282918930054,0.0,-1.0437068793768036,1.0559241974565694,0.005235987964042449,0.5218534396884018,0.0,0.01990005142348292
19.988282918930054,0.0,-1.0437068793768036,1.0559241974565694,0.005235987964042449,0.5218534396884018,0.0,0.01990005142348292
19.988282918930054,0.0,-1.0437068793768036,1.0559241974565694,0.005235987964042449,0.5218534396884018,0.0,0.01990005142348292
19.988282918930054,0.0,-1.0437068793768036,1.0559241974565694,0.005235987964042449,0.5218534396884018,0.0,0.01990005142348292
19.988282918930054,0.0,-1.0437068793768036,1.0559241974565694,0.005235987964042449,0.5218534396884018,0.0,0.01990005142348292
20.988282918930054,0.0,-1.0437068793768036,1.0559241974565694,0.005235987964042449,0.5218534396884018,0.0,0.01990005142348292
20.988282918930054,0.0,-1.0437068793768036,1.0576695000769527,0.005235987964042449,0.5218534396884018,0.0,0.01990005142348292
20.988282918930054,0.0,-1.0437068793768036,1.0559241974565694,0.0069813171120070485,0.5218534396884018,0.0,0.01990005142348292
20.988282918930054,0.0,-1.0437068793768036,1.0559241974565694,0.005235987964042449,0.5218534396884018,0.0,0.01990005142348292
20.988282918930054,0.0,-1.0437068793768036,1.0559241974565694,0.005235987964042449,0.5218534396884018,0.0,0.01990005142348292
20.988282918930054,0.0,-1.0437068793768036,1.0559241974565694,0.005235987964042449,0.5218534396884018,0.0,0.01990005142348292
20.988282918930054,0.0,-1.0437068793768036,1.0559241974565694,0.005235987964042449,0.5218534396884018,0.0,0.01990005142348292
20.988282918930054,0.0,-1.0437068793768036,1.054178894836186,0.0034906585560035243,0.5218534396884018,0.0,0.01990005142348292
20.988282918930054,0.0,-1.0437068793768036,1.0559241974565694,0.0069813171120070485,0.5218534396884018,0.0,0.01990005142348292
20.988282918930054,0.0,-1.0437068793768036,1.0559241974565694,0.005235987964042449,0.5218534396884018,0.0,0.01990005142348292
21.988282918930054,0.0,-1.0437068793768036,1.0559241974565694,0.0034906585560035243,0.5218534396884018,0.0,0.01990005142348292
21.988282918930054,0.0,-1.0437068793768036,1.0559241974565694,0.005235987964042449,0.5218534396884018,0.0,0.01990005142348292
21.988282918930054,0.0,-1.0437068793768036,1.0559241974565694,0.005235987964042449,0.5218534396884018,0.0,0.01990005142348292
21.988282918930054,0.0,-1.0437068793768036,1.0559241974565694,0.005235987964042449,0.5218534396884018,0.0,0.01990005142348292
21.988282918930054,0.0,-1.0437068793768036,1.0559241974565694,0.005235987964042449,0.5218534396884018,0.0,0.01990005142348292
21.988282918930054,0.0,-1.0437068793768036,1.0559241974565694,0.005235987964042449,0.5218534396884018,0.0,0.01990005142348292
21.988282918930054,0.0,-1.0437068793768036,1.0559241974565694,0.005235987964042449,0.5218534396884018,0.0,0.01990005142348292
21.988282918930054,0.0,-1.0437068793768036,1.0559241974565694,0.005235987964042449,0.5218534396884018,0.0,0.01990005142348292
21.988282918930054,0.0,-1.0437068793768036,1.0559241974565694,0.005235987964042449,0.5218534396884018,0.0,0.01990005142348292
21.988282918930054,0.0,-1.0437068793768036,1.0559241974565694,0.005235987964042449,0.5218534396884018,0.0,0.01990005142348292
22.988282918930054,0.0,-1.0437068793768036,1.0559241974565694,0.005235987964042449,0.5218534396884018,0.0,0.01990005142348292
22.988282918930054,0.0,-1.0437068793768036,1.0559241974565694,0.005235987964042449,0.5218534396884018,0.0,0.01990005142348292
22.988282918930054,0.0,-1.0437068793768036,1.0559241974565694,0.005235987964042449,0.5218534396884018,0.0,0.01990005142348292
22.988282918930054,0.0,-1.0437068793768036,1.0559241974565694,0.005235987964042449,0.5218534396884018,0.0,0.01990005142348292
22.988282918930054,0.0,-1.0437068793768036,1.0559241974565694,0.005235987964042449,0.5218534396884018,0.0,0.01990005142348292
22.988282918930054,0.0,-1.0437068793768036,1.0559241974565694,0.005235987964042449,0.5218534396884018,0.0,0.01990005142348292
22.988282918930054,0.0,-1.0437068793768036,1.0559241974565694,0.005235987964042449,0.5218534396884018,0.0,0.01990005142348292
22.988282918930054,0.0,-1.0437068793768036,1.0559241974565694,0.005235987964042449,0.5218534396884018,0.0,0.01990005142348292
22.988282918930054,0.0,-1.0437068793768036,1.0559241974565694,0.005235987964042449,0.5218534396884018,0.0,0.01990005142348292
22.988282918930054,0.0,-1.0437068793768036,1.0559241974565694,0.0069813171120070485,0.5218534396884018,0.0,0.01990005142348292
23.988282918930054,0.0,-1.0437068793768036,1.0559241974565694,0.005235987964042449,0.5218534396884018,0.0,0.01990005142348292
23.988282918930054,0.0,-1.0437068793768036,1.0559241974565694,0.0034906585560035243,0.5218534396884018,0.0,0.01990005142348292
23.988282918930054,0.0,-1.0437068793768036,1.0559241974565694,0.005235987964042449,0.5218534396884018,0.0,0.01990005142348292
23.988282918930054,0.0,-1.0437068793768036,1.0559241974565694,0.005235987964042449,0.5218534396884018,0.0,0.01990005142348292
23.988282918930054,0.0,-1.0437068793768036,1.0559241974565694,0.005235987964042449,0.5218534396884018,0.0,0.01990005142348292
23.988282918930054,0.0,-1.0437068793768036,1.0559241974565694,0.005235987964042449,0.5218534396884018,0.0,0.01990005142348292
23.988282918930054,0.0,-1.0437068793768036,1.0559241974565694,0.005235987964042449,0.5218534396884018,0.0,0.01990005142348292
23.988282918930054,0.0,-1.0437068793768036,1.0559241974565694,0.005235987964042449,0.5218534396884018,0.0,0.01990005142348292
23.988282918930054,0.0,-1.0437068793768036,1.0559241974565694,0.005235987964042449,0.5218534396884018,0.0,0.01990005142348292
23.988282918930054,0.0,-1.0437068793768036,1.0559241974565694,0.005235987964042449,0.5218534396884018,0.0,0.01990005142348292
24.988282918930054,0.0,-1.0437068793768036,1.0559241974565694,0.0069813171120070485,0.5218534396884018,0.0,0.01990005142348292
24.988282918930054,0.0,-1.0437068793768036,1.0559241974565694,0.0069813171120070485,0.5218534396884018,0.0,0.01990005142348292
24.988282918930054,0.0,-1.0437068793768036,1.0559241974565694,0.0069813171120070485,0.5218534396884018,0.0,0.01990005142348292
24.988282918930054,0.0,-1.0437068793768036,1.0559241974565694,0.005235987964042449,0.5218534396884018,0.0,0.01990005142348292
24.988282918930054,0.0,-1.0437068793768036,1.0559241974565694,0.005235987964042449,0.5218534396884018,0.0,0.01990005142348292
24.988282918930054,0.0,-1.0437068793768036,1.0559241974565694,0.005235987964042449,0.5218534396884018,0.0,0.01990005142348292
24.988282918930054,0.0,-1.0437068793768036,1.0559241974565694,0.005235987964042449,0.5218534396884018,0.0,0.01990005142348292
24.988282918930054,0.0,-1.0437068793768036,1.0576695000769527,0.005235987964042449,0.5218534396884018,0.0,0.01990005142348292
24.988282918930054,0.0,-1.0437068793768036,1.0576695000769527,0.005235987964042449,0.5218534396884018,0.0,0.01990005142348292
24.988282918930054,0.0,-1.0437068793768036,1.0559241974565694,0.005235987964042449,0.5218534396884018,0.0,0.01990005142348292
25.988282918930054,0.0,-1.0437068793768036,1.0559241974565694,0.0,0.5218534396884018,0.0,0.01990005142348292
25.988282918930054,0.0,-1.0437068793768036,1.0559241974565694,0.0069813171120070485,0.5218534396884018,0.0,0.01990005142348292
25.988282918930054,0.0,-1.0437068793768036,1.0559241974565694,0.0069813171120070485,0.5218534396884018,0.0,0.01990005142348292
25.988282918930054,0.0,-1.0437068793768036,1.0559241974565694,0.0069813171120070485,0.5218534396884018,0.0,0.01990005142348292
25.988282918930054,0.0,-1.0437068793768036,1.0559241974565694,0.0069813171120070485,0.5218534396884018,0.0,0.01990005142348292
25.988282918930054,0.0,-1.0437068793768036,1.0559241974565694,0.008726646259971648,0.5218534396884018,0.0,0.01990005142348292
25.988282918930054,0.0,-1.0437068793768036,1.0559241974565694,0.0069813171120070485,0.5218534396884018,0.0,0.01990005142348292
25.988282918930054,0.0,-1.0437068793768036,1.0559241974565694,0.0034906585560035243,0.5218534396884018,0.0,0.01990005142348292
25.988282918930054,0.0,-1.0437068793768036,1.0559241974565694,0.005235987964042449,0.5218534396884018,0.0,0.01990005142348292
25.988282918930054,0.0,-1.0437068793768036,1.0559241974565694,0.005235987964042449,0.5218534396884018,0.0,0.01990005142348292
26.988282918930054,0.0,-1.0437068793768036,1.0559241974565694,0.005235987964042449,0.5218534396884018,0.0,0.01990005142348292
26.988282918930054,0.0,-1.0437068793768036,1.0559241974565694,0.005235987964042449,0.5218534396884018,0.0,0.01990005142348292
26.988282918930054,0.0,-1.0437068793768036,1.0559241974565694,0.005235987964042449,0.5218534396884018,0.0,0.01990005142348292
26.988282918930054,0.0,-1.0437068793768036,1.0559241974565694,0.005235987964042449,0.5218534396884018,0.0,0.01990005142348292
26.988282918930054,0.0,-1.0437068793768036,1.0559241974565694,0.005235987964042449,0.5218534396884018,0.0,0.01990005142348292
26.988282918930054,0.0,-1.0437068793768036,1.0559241974565694,0.005235987964042449,0.5218534396884018,0.0,0.01990005142348292
26.988282918930054,0.0,-1.0437068793768036,1.0559241974565694,0.005235987964042449,0.5218534396884018,0.0,0.01990005142348292
26.988282918930054,0.0,-1.0437068793768036,1.0559241974565694,0.005235987964042449,0.5218534396884018,0.0,0.01990005142348292
26.988282918930054,0.0,-1.0437068793768036,1.0559241974565694,0.005235987964042449,0.5218534396884018,0.0,0.01990005142348292
26.988282918930054,0.0,-1.0437068793768036,1.0559241974565694,0.005235987964042449,0.5218534396884018,0.0,0.01990005142348292
27.988282918930054,0.0,-1.0437068793768036,1.0559241974565694,0.005235987964042449,0.5218534396884018,0.0,0.01990005142348292
27.988282918930054,0.0,-1.0437068793768036,1.0559241974565694,0.005235987964042449,0.5218534396884018,0.0,0.01990005142348292
27.988282918930054,0.0,-1.0437068793768036,1.0559241974565694,0.005235987964042449,0.5218534396884018,0.0,0.01990005142348292
27.988282918930054,0.0,-1.0437068793768036,1.0559241974565694,0.005235987964042449,0.5218534396884018,0.0,0.01990005142348292
27.988282918930054,0.0,-1.0437068793768036,1.0559241974565694,0.005235987964042449,0.5218534396884018,0.0,0.01990005142348292
27.988282918930054,0.0,-1.0437068793768036,1.0559241974565694,0.005235987964042449,0.5218534396884018,0.0,0.01990005142348292
27.988282918930054,0.0,-1.0437068793768036,1.0559241974565694,0.005235987964042449,0.5218534396884018,0.0,0.01990005142348292
27.988282918930054,0.0,-1.0437068793768036,1.0559241974565694,0.005235987964042449,0.5218534396884018,0.0,0.01990005142348292
27.988282918930054,0.0,-1.0437068793768036,1.0559241974565694,0.005235987964042449,0.5218534396884018,0.0,0.01990005142348292
27.988282918930054,0.0,-1.0437068793768036,1.0559241974565694,0.005235987964042449,0.5218534396884018,0.0,0.01990005142348292
28.988282918930054,0.0,-1.0437068793768036,1.0559241974565694,0.005235987964042449,0.5218534396884018,0.0,0.01990005142348292
28.988282918930054,0.0,-1.0437068793768036,1.0559241974565694,0.005235987964042449,0.5218534396884018,0.0,0.01990005142348292
28.988282918930054,0.0,-1.0437068793768036,1.0559241974565694,0.005235987964042449,0.5218534396884018,0.0,0.01990005142348292
28.988282918930054,0.0,-1.0437068793768036,1.0559241974565694,0.005235987964042449,0.5218534396884018,0.0,0.01990005142348292
28.988282918930054,0.0,-1.0437068793768036,1.054178894836186,0.005235987964042449,0.5218534396884018,0.0,0.01990005142348292
28.988282918930054,0.0,-1.0437068793768036,1.054178894836186,0.005235987964042449,0.5218534396884018,0.0,0.01990005142348292
28.988282918930054,0.0,-1.0437068793768036,1.054178894836186,0.005235987964042449,0.5218534396884018,0.0,0.01990005142348292
28.988282918930054,0.0,-0.9651670630370587,0.9756390784964412,0.08552113501219782,0.4485496310783481,0.06806784249225453,0.01990005142348292
28.988282918930054,0.10471975511965977,-0.9354964524373497,0.9459684678967321,0.11170107379211278,0.417133684568742,0.09075711777475377,0.01990005142348292
28.988282918930054,0.134390349074612,-0.9040805392172573,0.9162978572970231,0.13962634015954636,0.38746310725854666,0.11519172896715006,0.01990005142348292
29.988282918930054,0.16406094302956423,-0.8761552978169588,0.8883726158967247,0.17278758928953586,0.3595378325687346,0.14311699533458366,0.01990005142348292
29.988282918930054,0.19373155362927333,-0.8447393845968664,0.860447307917399,0.2042035191543852,0.3316125578789226,0.16755161484935838,0.01990005142348292
29.988282918930054,0.2216568116743285,-0.8185594458169514,0.8290313946973066,0.23038345793430012,0.30194194727921353,0.19373155362927333,0.01990005142348292
29.988282918930054,0.22689280275926285,-0.7888888352172423,0.8011061532970081,0.25830873262411214,0.27227136996901813,0.2164208205893941,0.01990005142348292
29.988282918930054,0.22689280275926285,-0.7888888352172423,0.8011061532970081,0.25830873262411214,0.27227136996901813,0.2164208205893941,0.01990005142348292
29.988282918930054,0.22689280275926285,-0.7574729219971499,0.7696901734978885,0.28972466248896145,0.24260075936930903,0.2164208205893941,0.01990005142348292
29.988282918930054,0.22689280275926285,-0.7574729219971499,0.7696901734978885,0.28972466248896145,0.24260075936930903,0.2164208205893941,0.01990005142348292
29.988282918930054,0.22689280275926285,-0.7574729219971499,0.7696901734978885,0.28972466248896145,0.24260075936930903,0.2164208205893941,0.01990005142348292
29.988282918930054,0.22689280275926285,-0.7574729219971499,0.6667157875776394,0.39968039204879874,0.1378810125720277,0.28448865475927027,0.01990005142348292
29.988282918930054,0.22689280275926285,-0.7574729219971499,0.6667157875776394,0.39968039204879874,0.1378810125720277,0.28448865475927027,0.01990005142348292
30.988282918930054,0.22689280275926285,-0.619591884457987,0.6370451769779303,0.42586033082871366,0.10821041029469708,0.28448865475927027,0.01990005142348292
30.988282918930054,0.22689280275926285,-0.5916666430576886,0.6073745663782212,0.4537856055185257,0.08028514392726348,-56.906460261275114,0.01990005142348292
30.988282918930054,0.22689280275926285,-0.5916666430576886,0.6073745663782212,0.4537856055185257,0.08028514392726348,-56.906460261275114,0.01990005142348292
30.988282918930054,0.22689280275926285,-0.5619960324579796,0.6073745663782212,0.5078908189882526,0.024434609111801692,0.28448865475927027,0.01990005142348292
30.988282918930054,0.22689280275926285,-0.5619960324579796,0.6073745663782212,0.5078908189882526,0.024434609111801692,0.28448865475927027,0.01990005142348292
30.988282918930054,0.22689280275926285,-0.5044001471684585,0.5253441115081959,0.5410520681182421,-0.005235987964042449,0.28448865475927027,0.01990005142348292
30.988282918930054,0.22689280275926285,-0.5044001471684585,0.5253441115081959,0.5410520681182421,-0.005235987964042449,0.28448865475927027,0.01990005142348292
30.988282918930054,0.22689280275926285,-0.5044001471684585,0.5253441115081959,0.5410520681182421,-0.005235987964042449,0.28448865475927027,0.01990005142348292
30.988282918930054,0.22689280275926285,-0.4223696922984332,0.445058959258554,0.619591884457987,-0.08377580742467919,-0.08377580742467919,0.01990005142348292
30.988282918930054,0.22689280275926285,-0.4223696922984332,0.445058959258554,0.619591884457987,-0.08377580742467919,-0.08377580742467919,0.01990005142348292
31.988282918930054,0.22689280275926285,-0.34382987595868836,0.3647738070089121,0.7016223726175259,-0.16406094302956423,0.28448865475927027,0.01990005142348292
31.988282918930054,0.22689280275926285,-0.31241392944908225,0.33510322969871675,0.731292983217235,-0.19547687289441354,0.28448865475927027,0.01990005142348292
31.988282918930054,0.22689280275926285,-0.31241392944908225,0.33510322969871675,0.731292983217235,-0.19547687289441354,0.28448865475927027,0.01990005142348292
31.988282918930054,0.22689280275926285,-0.31241392944908225,0.33510322969871675,0.731292983217235,-0.19547687289441354,0.28448865475927027,0.01990005142348292
31.988282918930054,0.22689280275926285,-0.31241392944908225,0.2530727415391778,0.8115781021773631,-0.2757620251440554,0.39618975351851826,0.01990005142348292
31.988282918930054,0.22689280275926285,-0.202458199889245,0.2216568116743285,0.8395033435776615,-0.3036872831891106,-56.906460261275114,0.01990005142348292
31.988282918930054,0.22689280275926285,-0.202458199889245,0.2216568116743285,0.8395033435776615,-0.3036872831891106,-56.906460261275114,0.01990005142348292
31.988282918930054,0.22689280275926285,-0.17453292519943295,0.19722220880431057,0.8709193233767814,-0.3333578937888197,-56.906460261275114,0.01990005142348292
31.988282918930054,0.22689280275926285,-0.17453292519943295,0.19722220880431057,0.8709193233767814,-0.3333578937888197,-56.906460261275114,0.01990005142348292
31.988282918930054,0.22689280275926285,-0.09250245368465083,0.11344640137963143,0.9529497449572931,-0.4136430460384616,-56.906460261275114,0.01990005142348292
32.988282918930054,0.22689280275926285,-0.09250245368465083,0.11344640137963143,0.9529497449572931,-0.4136430460384616,-56.906460261275114,0.01990005142348292
32.988282918930054,0.22689280275926285,-0.06457718315602803,0.08726646259971647,0.9843657247564127,-0.443313623348657,0.28448865475927027,0.01990005142348292
32.988282918930054,0.22689280275926285,-0.06457718315602803,0.08726646259971647,0.9843657247564127,-0.443313623348657,0.28448865475927027,0.01990005142348292
32.988282918930054,0.22689280275926285,-0.06457718315602803,0.08726646259971647,0.9843657247564127,-0.443313623348657,0.28448865475927027,0.01990005142348292
32.988282918930054,0.22689280275926285,-0.06457718315602803,0.08726646259971647,0.9843657247564127,-0.443313623348657,0.28448865475927027,0.01990005142348292
32.988282918930054,0.22689280275926285,-0.06457718315602803,0.005235987964042449,1.064650843716541,-0.47123889803846897,0.28448865475927027,0.01990005142348292
32.988282918930054,0.22689280275926285,-0.06457718315602803,0.005235987964042449,1.064650843716541,-0.47123889803846897,0.28448865475927027,0.01990005142348292
32.988282918930054,0.22689280275926285,0.09599310885968812,-0.07330382525481047,1.1484267010754905,-0.47123889803846897,0.28448865475927027,0.01990005142348292
32.988282918930054,0.22689280275926285,0.09599310885968812,-0.07330382525481047,1.1484267010754905,-0.47123889803846897,0.28448865475927027,0.01990005142348292
32.988282918930054,0.22689280275926285,0.12740903872453743,-0.10122909994462247,1.176351942475789,-0.47298423394836603,0.28448865475927027,0.01990005142348292
33.988282918930054,0.22689280275926285,0.12740903872453743,-0.10122909994462247,1.176351942475789,-0.47298423394836603,0.28448865475927027,0.01990005142348292
33.988282918930054,0.22689280275926285,0.20769417432942244,-0.18151423554950752,1.261873102455122,-0.47298423394836603,0.28448865475927027,0.01990005142348292
33.988282918930054,0.22689280275926285,0.20769417432942244,-0.18151423554950752,1.261873102455122,-0.47298423394836603,0.28448865475927027,0.01990005142348292
33.988282918930054,0.22689280275926285,0.20769417432942244,-0.18151423554950752,1.261873102455122,-0.47298423394836603,0.28448865475927027,0.01990005142348292
33.988282918930054,0.22689280275926285,0.20769417432942244,-0.18151423554950752,1.261873102455122,-0.47298423394836603,0.28448865475927027,0.01990005142348292
33.988282918930054,0.22689280275926285,0.20769417432942244,-0.26529004297418673,1.3421582214152503,-0.47298423394836603,0.28448865475927027,0.01990005142348292
33.988282918930054,0.22689280275926285,0.20769417432942244,-0.26529004297418673,1.3421582214152503,-0.47298423394836603,0.28448865475927027,0.01990005142348292
33.988282918930054,0.22689280275926285,0.20769417432942244,-0.26529004297418673,1.3421582214152503,-0.47298423394836603,0.28448865475927027,0.01990005142348292
33.988282918930054,0.22689280275926285,0.37175511735898675,-0.3455751785790718,1.424188642995762,-0.47298423394836603,0.28448865475927027,0.01990005142348292
33.988282918930054,0.22689280275926285,0.37175511735898675,-0.3455751785790718,1.424188642995762,-0.47298423394836603,0.28448865475927027,0.01990005142348292
34.988282918930054,0.22689280275926285,0.45204026960862864,-0.4241149949188166,1.5062191977343282,-0.47472956985826303,0.28448865475927027,0.01990005142348292
34.988282918930054,0.22689280275926285,0.45204026960862864,-0.4241149949188166,1.5062191977343282,-0.47472956985826303,0.28448865475927027,0.01990005142348292
34.988282918930054,0.22689280275926285,0.45204026960862864,-0.4241149949188166,1.5062191977343282,-0.47472956985826303,0.28448865475927027,0.01990005142348292
34.988282918930054,0.22689280275926285,0.45204026960862864,-0.5061454830783556,1.5847590140740726,-0.48171088020833763,0.28448865475927027,0.01990005142348292
34.988282918930054,0.22689280275926285,0.45204026960862864,-0.5061454830783556,1.5847590140740726,-0.48171088020833763,0.28448865475927027,0.01990005142348292
34.988282918930054,0.22689280275926285,0.45204026960862864,-0.5061454830783556,1.5847590140740726,-0.48171088020833763,0.28448865475927027,0.01990005142348292
34.988282918930054,0.22689280275926285,0.5899212738582779,-0.5602506632585689,1.6406094968746698,-0.47298423394836603,0.28448865475927027,0.01990005142348292
34.988282918930054,0.22689280275926285,0.5899212738582779,-0.5602506632585689,1.6406094968746698,-0.47298423394836603,0.28448865475927027,0.01990005142348292
34.988282918930054,0.22689280275926285,0.5899212738582779,-0.5602506632585689,1.6406094968746698,-0.47298423394836603,0.28448865475927027,0.01990005142348292
34.988282918930054,0.22689280275926285,0.5899212738582779,-0.6405358487977243,1.720894615834798,-0.47822020838854357,0.28448865475927027,0.01990005142348292
35.988282918930054,0.22689280275926285,0.7016223726175259,-0.6702064593974335,1.7470745546147128,-0.48171088020833763,0.28448865475927027,0.01990005142348292
35.988282918930054,0.22689280275926285,0.7016223726175259,-0.6702064593974335,1.7470745546147128,-0.48171088020833763,0.28448865475927027,0.01990005142348292
35.988282918930054,0.22514746684936576,0.7278023113974409,-0.7016223726175259,1.7819811396545997,-0.48171088020833763,0.28448865475927027,0.01990005142348292
35.988282918930054,0.22514746684936576,0.7278023113974409,-0.7016223726175259,1.7819811396545997,-0.48171088020833763,0.28448865475927027,0.01990005142348292
35.988282918930054,0.22689280275926285,0.7836528607770649,-0.752236880977945,1.8343410172144294,-0.48171088020833763,0.28448865475927027,0.01990005142348292
35.988282918930054,0.22689280275926285,0.8412487127770724,-0.8080874303575691,1.888446197394643,-0.48171088020833763,0.28448865475927027,0.01990005142348292
35.988282918930054,0.22689280275926285,0.8412487127770724,-0.8080874303575691,1.888446197394643,-0.48171088020833763,0.28448865475927027,0.01990005142348292
35.988282918930054,0.22689280275926285,0.8674286515569872,-0.8377580409572781,1.918116874573379,-0.4799655442984406,0.28448865475927027,0.01990005142348292
35.988282918930054,0.22689280275926285,0.8674286515569872,-0.8377580409572781,1.918116874573379,-0.4799655442984406,0.28448865475927027,0.01990005142348292
35.988282918930054,0.22689280275926285,0.9512044423369095,-0.9162978572970231,1.9984019935335071,-0.48171088020833763,0.28448865475927027,0.01990005142348292
36.988282918930054,0.22689280275926285,0.9512044423369095,-0.9162978572970231,1.9984019935335071,-0.48171088020833763,0.28448865475927027,0.01990005142348292
36.988282918930054,0.22689280275926285,0.9826203555570021,-0.9459684678967321,2.029817973332627,-0.48171088020833763,0.28448865475927027,0.01990005142348292
36.988282918930054,0.22689280275926285,0.9826203555570021,-0.9459684678967321,2.029817973332627,-0.48171088020833763,0.28448865475927027,0.01990005142348292
36.988282918930054,0.22689280275926285,1.061160171896747,-1.0262535868568603,2.1066123538939343,-0.48171088020833763,0.28448865475927027,0.01990005142348292
36.988282918930054,0.22689280275926285,1.0890854798760725,-1.0559241974565694,2.1345377284522864,-0.48171088020833763,0.28448865475927027,0.01990005142348292
36.988282918930054,0.22689280275926285,1.0890854798760725,-1.0559241974565694,2.1345377284522864,-0.48171088020833763,0.28448865475927027,0.01990005142348292
36.988282918930054,0.22689280275926285,1.1466812652970526,-1.1100293776367827,2.1903882112528836,-0.48171088020833763,0.28448865475927027,0.01990005142348292
36.988282918930054,0.22689280275926285,1.1466812652970526,-1.1100293776367827,2.1903882112528836,-0.48171088020833763,0.28448865475927027,0.01990005142348292
36.988282918930054,0.22689280275926285,1.1466812652970526,-1.1100293776367827,2.1903882112528836,-0.48171088020833763,0.28448865475927027,0.01990005142348292
36.988282918930054,0.22689280275926285,1.1466812652970526,-1.1100293776367827,2.1903882112528836,-0.48171088020833763,0.28448865475927027,0.01990005142348292
37.988282918930054,0.22689280275926285,1.1466812652970526,-1.1100293776367827,2.1903882112528836,-0.48171088020833763,0.28448865475927027,0.01990005142348292
37.988282918930054,0.22689280275926285,1.1466812652970526,-1.1100293776367827,2.270673463371067,-0.48171088020833763,0.28448865475927027,0.01990005142348292
37.988282918930054,0.22689280275926285,1.1466812652970526,-1.1100293776367827,2.270673463371067,-0.48171088020833763,0.28448865475927027,0.01990005142348292
37.988282918930054,0.22689280275926285,1.1466812652970526,-1.1100293776367827,2.270673463371067,-0.48171088020833763,0.28448865475927027,0.01990005142348292
37.988282918930054,0.22689280275926285,1.314232980014952,-1.2705997487150937,2.3474678439323733,-0.48171088020833763,0.28448865475927027,0.01990005142348292
37.988282918930054,0.22689280275926285,1.314232980014952,-1.2705997487150937,2.3474678439323733,-0.48171088020833763,0.28448865475927027,0.01990005142348292
37.988282918930054,0.22689280275926285,1.314232980014952,-1.3473941292764005,2.3631757006738785,-0.48171088020833763,0.28448865475927027,0.01990005142348292
37.988282918930054,0.22689280275926285,1.424188642995762,-1.3508848676752219,2.366666572230755,-0.48171088020833763,0.28448865475927027,0.01990005142348292
37.988282918930054,0.22689280275926285,1.424188642995762,-1.3508848676752219,2.366666572230755,-0.48171088020833763,0.28448865475927027,0.01990005142348292
37.988282918930054,0.22689280275926285,1.424188642995762,-1.3508848676752219,2.366666572230755,-0.48171088020833763,0.28448865475927027,0.01990005142348292
38.988282918930054,0.22689280275926285,1.424188642995762,-1.3508848676752219,2.3631757006738785,-0.47298423394836603,-56.906460261275114,0.01990005142348292
38.988282918930054,0.22689280275926285,1.424188642995762,-1.3508848676752219,2.3631757006738785,-0.47298423394836603,-56.906460261275114,0.01990005142348292
38.988282918930054,0.22689280275926285,1.424188642995762,-1.3508848676752219,2.3631757006738785,-0.47298423394836603,-56.906460261275114,0.01990005142348292
38.988282918930054,0.22689280275926285,1.424188642995762,-1.3508848676752219,2.3631757006738785,-0.47298423394836603,0.28448865475927027,0.01990005142348292
38.988282918930054,0.22689280275926285,1.4398966328953218,-1.3508848676752219,2.3631757006738785,-0.47298423394836603,0.2809980162289898,0.01990005142348292
38.988282918930054,0.22689280275926285,1.4398966328953218,-1.3508848676752219,2.3649211364523164,-0.47298423394836603,0.28448865475927027,0.01990005142348292
38.988282918930054,0.22689280275926285,1.4398966328953218,-1.3508848676752219,2.3649211364523164,-0.47298423394836603,0.28448865475927027,0.01990005142348292
38.988282918930054,0.22689280275926285,1.4398966328953218,-1.3508848676752219,2.3649211364523164,-0.47298423394836603,0.28448865475927027,0.01990005142348292
38.988282918930054,0.22689280275926285,1.4398966328953218,-1.3508848676752219,2.3631757006738785,-0.47298423394836603,0.28448865475927027,0.01990005142348292
38.988282918930054,0.22689280275926285,1.4398966328953218,-1.3508848676752219,2.3631757006738785,-0.47298423394836603,0.28448865475927027,0.01990005142348292
39.988282918930054,0.22689280275926285,1.4398966328953218,-1.3508848676752219,2.3631757006738785,-0.47298423394836603,0.28448865475927027,0.01990005142348292
39.988282918930054,0.22689280275926285,1.4398966328953218,-1.3508848676752219,2.3631757006738785,-0.47298423394836603,0.28448865475927027,0.01990005142348292
39.988282918930054,0.22689280275926285,1.4398966328953218,-1.3508848676752219,2.3631757006738785,-0.47298423394836603,0.28448865475927027,0.01990005142348292
39.988282918930054,0.22689280275926285,1.4398966328953218,-1.3508848676752219,2.3649211364523164,-0.47298423394836603,0.28448865475927027,0.01990005142348292
39.988282918930054,0.22689280275926285,1.4398966328953218,-1.3508848676752219,2.3614305312115493,-0.47298423394836603,0.28448865475927027,0.01990005142348292
39.988282918930054,0.22689280275926285,1.4381513302749385,-1.3508848676752219,2.366666572230755,-0.47298423394836603,0.28448865475927027,0.01990005142348292
39.988282918930054,0.22689280275926285,1.4381513302749385,-1.3508848676752219,2.366666572230755,-0.47298423394836603,0.28448865475927027,0.01990005142348292
39.988282918930054,0.22689280275926285,1.4398966328953218,-1.3508848676752219,2.3649211364523164,-0.47298423394836603,0.28448865475927027,0.01990005142348292
39.988282918930054,0.22689280275926285,1.4398966328953218,-1.3508848676752219,2.3649211364523164,-0.47298423394836603,0.28448865475927027,0.01990005142348292
39.988282918930054,0.22689280275926285,1.4398966328953218,-1.3508848676752219,2.3631757006738785,-0.47298423394836603,0.28448865475927027,0.01990005142348292
40.988282918930054,0.22689280275926285,1.4398966328953218,-1.3508848676752219,2.3631757006738785,-0.47298423394836603,0.28448865475927027,0.01990005142348292
40.988282918930054,0.22689280275926285,1.4398966328953218,-1.3508848676752219,2.3631757006738785,-0.47298423394836603,-56.906460261275114,0.01990005142348292
40.988282918930054,0.22689280275926285,1.4398966328953218,-1.3508848676752219,2.3631757006738785,-0.47298423394836603,-56.906460261275114,0.01990005142348292
40.988282918930054,0.22689280275926285,1.4398966328953218,-1.3508848676752219,2.3649211364523164,-0.47298423394836603,0.28448865475927027,0.01990005142348292
40.988282918930054,0.22689280275926285,1.4398966328953218,-1.3508848676752219,2.3631757006738785,-0.47298423394836603,0.28448865475927027,0.01990005142348292
40.988282918930054,0.22689280275926285,1.4398966328953218,-1.3508848676752219,2.3649211364523164,-0.47298423394836603,0.28448865475927027,0.01990005142348292
40.988282918930054,0.22689280275926285,1.4398966328953218,-1.3508848676752219,2.3649211364523164,-0.47298423394836603,0.28448865475927027,0.01990005142348292
40.988282918930054,0.22689280275926285,1.4398966328953218,-1.3508848676752219,2.3649211364523164,-0.47298423394836603,0.28448865475927027,0.01990005142348292
40.988282918930054,0.22689280275926285,1.4398966328953218,-1.3508848676752219,2.3649211364523164,-0.47298423394836603,0.28448865475927027,0.01990005142348292
40.988282918930054,0.22689280275926285,1.4398966328953218,-1.3508848676752219,2.3649211364523164,-0.47298423394836603,0.28448865475927027,0.01990005142348292
41.988282918930054,0.22689280275926285,1.4398966328953218,-1.3508848676752219,2.3649211364523164,-0.47298423394836603,0.2809980162289898,0.01990005142348292
41.988282918930054,0.22689280275926285,1.4398966328953218,-1.3491395650548386,2.3649211364523164,-0.47298423394836603,0.28448865475927027,0.01990005142348292
41.988282918930054,0.22689280275926285,1.4398966328953218,-1.3508848676752219,2.3631757006738785,-0.47298423394836603,0.3647738070089121,0.01990005142348292
41.988282918930054,0.22689280275926285,1.4398966328953218,-1.3508848676752219,2.3631757006738785,-0.47298423394836603,0.28448865475927027,0.019985701118953102
41.988282918930054,0.22689280275926285,1.4398966328953218,-1.3508848676752219,2.3649211364523164,-0.47298423394836603,0.39618975351851826,0.01990005142348292
41.988282918930054,0.22689280275926285,1.4398966328953218,-1.3508848676752219,2.3649211364523164,-0.47298423394836603,0.39618975351851826,0.01990005142348292
41.988282918930054,0.22689280275926285,1.4398966328953218,-1.3508848676752219,2.3649211364523164,-0.47298423394836603,0.28448865475927027,0.0061697837470794555
41.988282918930054,0.22689280275926285,1.4398966328953218,-1.3508848676752219,2.3649211364523164,-0.47298423394836603,0.28448865475927027,0.020071355502632084
41.988282918930054,0.22689280275926285,1.4398966328953218,-1.3508848676752219,2.3649211364523164,-0.47298423394836603,0.28448865475927027,0.020071355502632084
41.988282918930054,0.22689280275926285,1.4398966328953218,-1.3508848676752219,2.3649211364523164,-0.47298423394836603,0.28448865475927027,0.020071355502632084
42.988282918930054,0.22689280275926285,1.4398966328953218,-1.3508848676752219,2.3649211364523164,-0.47298423394836603,0.28448865475927027,0.020071355502632084
42.988282918930054,0.22689280275926285,1.4398966328953218,-1.3508848676752219,2.3649211364523164,-0.47298423394836603,0.28448865475927027,0.020071355502632084
42.988282918930054,0.22689280275926285,1.4398966328953218,-1.3508848676752219,2.3649211364523164,-0.47298423394836603,0.28448865475927027,0.020071355502632084
42.988282918930054,0.22689280275926285,1.4398966328953218,-1.3508848676752219,2.3649211364523164,-0.47298423394836603,0.28448865475927027,0.020071355502632084
42.988282918930054,0.22689280275926285,1.4398966328953218,-1.3491395650548386,2.3649211364523164,-0.47298423394836603,0.28448865475927027,0.020071355502632084
42.988282918930054,0.22689280275926285,1.4398966328953218,-1.3491395650548386,2.3649211364523164,-0.47298423394836603,0.28448865475927027,0.020071355502632084
42.988282918930054,0.22689280275926285,1.4398966328953218,-1.3491395650548386,2.3649211364523164,-0.47298423394836603,0.28448865475927027,0.020071355502632084
42.988282918930054,0.22689280275926285,1.4398966328953218,-1.3491395650548386,2.3649211364523164,-0.47298423394836603,0.28448865475927027,0.020071355502632084
42.988282918930054,0.22689280275926285,1.4398966328953218,-1.3491395650548386,2.3631757006738785,-0.47298423394836603,0.28448865475927027,0.01990005142348292
42.988282918930054,0.22689280275926285,1.4398966328953218,-1.3491395650548386,2.3631757006738785,-0.47298423394836603,0.28448865475927027,0.01990005142348292
43.988282918930054,0.22689280275926285,1.4398966328953218,-1.3491395650548386,2.3631757006738785,-0.47298423394836603,0.28448865475927027,0.01990005142348292
43.988282918930054,0.22689280275926285,1.4398966328953218,-1.3491395650548386,2.3649211364523164,-0.47298423394836603,0.39618975351851826,0.01990005142348292
43.988282918930054,0.22689280275926285,1.4398966328953218,-1.3491395650548386,2.3649211364523164,-0.47298423394836603,0.39618975351851826,0.01990005142348292
43.988282918930054,0.22689280275926285,1.4398966328953218,-1.3508848676752219,2.3631757006738785,-0.47298423394836603,0.39618975351851826,0.01990005142348292
43.988282918930054,0.22689280275926285,1.4398966328953218,-1.3508848676752219,2.3631757006738785,-0.47298423394836603,0.39618975351851826,0.01990005142348292
43.988282918930054,0.22689280275926285,1.4398966328953218,-1.3508848676752219,2.3631757006738785,-0.47298423394836603,0.28448865475927027,0.01990005142348292
43.988282918930054,0.22689280275926285,1.4398966328953218,-1.3508848676752219,2.3631757006738785,-0.47298423394836603,0.28448865475927027,0.01990005142348292
43.988282918930054,0.22689280275926285,1.4398966328953218,-1.3508848676752219,2.3649211364523164,-0.47298423394836603,0.28448865475927027,0.01990005142348292
43.988282918930054,0.22689280275926285,1.4398966328953218,-1.3508848676752219,2.3649211364523164,-0.47298423394836603,0.28448865475927027,0.01990005142348292
43.988282918930054,0.22689280275926285,1.4398966328953218,-1.3491395650548386,2.3631757006738785,-0.47298423394836603,0.28448865475927027,0.01990005142348292
44.988282918930054,0.22689280275926285,1.4398966328953218,-1.3491395650548386,2.3631757006738785,-0.47298423394836603,0.28448865475927027,0.01990005142348292
44.988282918930054,0.22689280275926285,1.4398966328953218,-1.3491395650548386,2.3631757006738785,-0.47298423394836603,0.28448865475927027,0.01990005142348292
44.988282918930054,0.22689280275926285,1.4398966328953218,-1.3508848676752219,2.3649211364523164,-0.47298423394836603,0.28448865475927027,0.01990005142348292
44.988282918930054,0.22689280275926285,1.4398966328953218,-1.3508848676752219,2.3649211364523164,-0.47298423394836603,0.28448865475927027,0.01990005142348292
44.988282918930054,0.22689280275926285,1.4398966328953218,-1.3508848676752219,2.366666572230755,-0.47298423394836603,0.28448865475927027,0.01990005142348292
44.988282918930054,0.22689280275926285,1.4398966328953218,-1.3508848676752219,2.3631757006738785,-0.47298423394836603,0.28448865475927027,0.019985701118953102
44.988282918930054,0.22689280275926285,1.4398966328953218,-1.3508848676752219,2.3631757006738785,-0.47298423394836603,0.28448865475927027,0.019985701118953102
44.988282918930054,0.22689280275926285,1.4398966328953218,-1.3508848676752219,2.3631757006738785,-0.47298423394836603,0.28448865475927027,0.019985701118953102
44.988282918930054,0.22689280275926285,1.4398966328953218,-1.3508848676752219,2.3649211364523164,-0.47298423394836603,0.28448865475927027,0.019985701118953102
44.988282918930054,0.22689280275926285,1.4398966328953218,-1.3508848676752219,2.3649211364523164,-0.47298423394836603,0.28448865475927027,0.019985701118953102
45.988282918930054,0.22689280275926285,1.4398966328953218,-1.3508848676752219,2.3649211364523164,-0.47298423394836603,0.28448865475927027,0.019985701118953102
45.988282918930054,0.22689280275926285,1.4398966328953218,-1.3508848676752219,2.3649211364523164,-0.47298423394836603,0.28448865475927027,0.019985701118953102
45.988282918930054,0.22689280275926285,1.4398966328953218,-1.3508848676752219,2.3649211364523164,-0.47298423394836603,0.28448865475927027,0.019985701118953102
45.988282918930054,0.22689280275926285,1.4398966328953218,-1.3508848676752219,2.3631757006738785,-0.47298423394836603,0.39618975351851826,0.01990005142348292
45.988282918930054,0.22689280275926285,1.4398966328953218,-1.3508848676752219,2.3631757006738785,-0.47298423394836603,0.39618975351851826,0.01990005142348292
45.988282918930054,0.22689280275926285,1.4398966328953218,-1.3508848676752219,2.3649211364523164,-0.47298423394836603,0.39618975351851826,0.01990005142348292
45.988282918930054,0.22689280275926285,1.4398966328953218,-1.3508848676752219,2.3649211364523164,-0.47298423394836603,0.39618975351851826,0.01990005142348292
45.988282918930054,0.22689280275926285,1.4398966328953218,-1.3491395650548386,2.3614305312115493,-0.46949356212857196,0.39618975351851826,0.01990005142348292
45.988282918930054,0.22689280275926285,1.4398966328953218,-1.3491395650548386,2.3614305312115493,-0.46949356212857196,0.39618975351851826,0.01990005142348292
45.988282918930054,0.22689280275926285,1.4398966328953218,-1.3491395650548386,2.3614305312115493,-0.46949356212857196,0.39618975351851826,0.01990005142348292
46.988282918930054,0.22689280275926285,1.4398966328953218,-1.2705997487150937,2.281145279093367,-0.39269908169872414,0.35081118630876296,0.01990005142348292
46.988282918930054,0.19547687289441354,1.3473941292764005,-1.2426743741567408,2.254965340313452,-0.3665191429188092,0.3752457891787808,0.01990005142348292
46.988282918930054,0.19722220880431057,1.3177235852557188,-1.213003830136059,2.2270400989131534,-0.3455751785790718,0.39968039204879874,0.01990005142348292
46.988282918930054,0.19722220880431057,1.2880530412350368,-1.1833332861153771,2.1973695548924717,-0.3455751785790718,0.4241149949188166,0.01990005142348292
46.988282918930054,0.19722220880431057,1.2880530412350368,-1.1833332861153771,2.1973695548924717,-0.3455751785790718,0.4241149949188166,0.01990005142348292
46.988282918930054,0.19722220880431057,1.260127666676684,-1.1536626089366409,2.169444313492173,-0.3455751785790718,0.4502949336987315,0.01990005142348292
46.988282918930054,0.19722220880431057,1.2339477278967692,-1.1205013265171377,2.141518938933821,-0.3455751785790718,0.47298423394836603,0.01990005142348292
46.988282918930054,0.19722220880431057,1.2060224864964708,-1.0925760851168393,2.111848394913139,-0.34732051448896883,0.49916417272828095,0.01990005142348292
46.988282918930054,0.19722220880431057,1.2060224864964708,-1.0925760851168393,2.111848394913139,-0.34732051448896883,0.49916417272828095,0.01990005142348292
46.988282918930054,0.19722220880431057,1.2060224864964708,-1.0925760851168393,2.111848394913139,-0.34732051448896883,0.49916417272828095,0.01990005142348292
47.988282918930054,0.19722220880431057,1.2060224864964708,-1.0821041362364843,2.096140405013579,-0.3455751785790718,0.5550146888183913,0.01990005142348292
47.988282918930054,0.19722220880431057,1.2060224864964708,-1.0821041362364843,2.096140405013579,-0.3455751785790718,0.5550146888183913,0.01990005142348292
47.988282918930054,0.19722220880431057,1.1676252962158173,-1.0821041362364843,2.096140405013579,-0.3455751785790718,0.5550146888183913,0.01990005142348292
47.988282918930054,0.19722220880431057,1.1676252962158173,-1.0821041362364843,2.096140405013579,-0.3455751785790718,0.5550146888183913,0.01990005142348292
47.988282918930054,0.19722220880431057,1.1693705988362006,-1.0821041362364843,2.0978857076339623,-0.3455751785790718,0.5550146888183913,0.01990005142348292
47.988282918930054,0.19722220880431057,1.1693705988362006,-1.0821041362364843,2.0978857076339623,-0.3455751785790718,0.5550146888183913,0.01990005142348292
47.988282918930054,0.19722220880431057,1.1676252962158173,-1.0821041362364843,2.096140405013579,-0.3455751785790718,0.5550146888183913,0.01990005142348292
47.988282918930054,0.19722220880431057,1.1676252962158173,-1.0821041362364843,2.096140405013579,-0.3455751785790718,0.5550146888183913,0.01990005142348292
47.988282918930054,0.19722220880431057,1.1693705988362006,-1.0821041362364843,2.0978857076339623,-0.3455751785790718,0.5550146888183913,0.01990005142348292
47.988282918930054,0.19722220880431057,1.1676252962158173,-1.0821041362364843,2.096140405013579,-0.3455751785790718,0.5550146888183913,0.01990005142348292
48.988282918930054,0.19722220880431057,1.1693705988362006,-1.0821041362364843,2.0978857076339623,-0.3455751785790718,0.5550146888183913,0.019985701118953102
48.988282918930054,0.19722220880431057,1.1693705988362006,-1.0821041362364843,2.0978857076339623,-0.3455751785790718,0.5550146888183913,0.019985701118953102
48.988282918930054,0.19722220880431057,1.1693705988362006,-1.0821041362364843,2.096140405013579,-0.3455751785790718,0.5550146888183913,0.01990005142348292
48.988282918930054,0.19722220880431057,1.1693705988362006,-1.0821041362364843,2.096140405013579,-0.3455751785790718,0.5550146888183913,0.01990005142348292
48.988282918930054,0.19722220880431057,1.1693705988362006,-1.0821041362364843,2.0996311434124,-0.3455751785790718,0.5550146888183913,0.01990005142348292
48.988282918930054,0.19722220880431057,1.1693705988362006,-1.0821041362364843,2.0943951023931953,-0.3455751785790718,0.5550146888183913,0.01990005142348292
48.988282918930054,0.19722220880431057,1.1693705988362006,-1.0821041362364843,2.0943951023931953,-0.3455751785790718,0.5550146888183913,0.01990005142348292
48.988282918930054,0.19722220880431057,1.1693705988362006,-1.0821041362364843,2.0943951023931953,-0.3455751785790718,0.5550146888183913,0.01990005142348292
48.988282918930054,0.19722220880431057,1.1693705988362006,-1.0821041362364843,2.096140405013579,-0.3455751785790718,0.5550146888183913,0.01990005142348292
48.988282918930054,0.19722220880431057,1.1693705988362006,-1.0821041362364843,2.096140405013579,-0.3455751785790718,0.5550146888183913,0.01990005142348292
49.988282918930054,0.19722220880431057,1.1693705988362006,-1.0821041362364843,2.096140405013579,-0.3455751785790718,0.10821041029469708,0.01990005142348292
49.988282918930054,0.19722220880431057,1.1676252962158173,-1.0821041362364843,2.0978857076339623,-0.3455751785790718,0.5550146888183913,0.01990005142348292
49.988282918930054,0.19722220880431057,1.1676252962158173,-1.0821041362364843,2.0978857076339623,-0.3455751785790718,0.5550146888183913,0.01990005142348292
49.988282918930054,0.19722220880431057,1.1676252962158173,-1.0821041362364843,2.096140405013579,-0.3455751785790718,0.5550146888183913,0.01990005142348292
49.988282918930054,0.19722220880431057,1.1676252962158173,-1.0821041362364843,2.096140405013579,-0.3455751785790718,0.5550146888183913,0.01990005142348292
49.988282918930054,0.19722220880431057,1.1676252962158173,-1.0821041362364843,2.096140405013579,-0.3455751785790718,0.6667157875776394,0.01990005142348292
49.988282918930054,0.19722220880431057,1.1693705988362006,-1.0821041362364843,2.096140405013579,-0.3455751785790718,0.5550146888183913,0.01990005142348292
49.988282918930054,0.19722220880431057,1.1693705988362006,-1.0821041362364843,2.096140405013579,-0.3455751785790718,0.5550146888183913,0.01990005142348292
49.988282918930054,0.19722220880431057,1.1693705988362006,-1.0821041362364843,2.096140405013579,-0.3455751785790718,0.5550146888183913,0.01990005142348292
49.988282918930054,0.19722220880431057,1.1693705988362006,-1.0821041362364843,2.0978857076339623,-0.3455751785790718,0.5550146888183913,0.01990005142348292
50.988282918930054,0.19722220880431057,1.1693705988362006,-1.0821041362364843,2.0978857076339623,-0.3455751785790718,0.5550146888183913,0.01990005142348292
50.988282918930054,0.19722220880431057,1.1693705988362006,-1.0821041362364843,2.096140405013579,-0.3455751785790718,0.5550146888183913,0.01990005142348292
50.988282918930054,0.19722220880431057,1.1693705988362006,-1.0821041362364843,2.0978857076339623,-0.3455751785790718,0.5550146888183913,0.01990005142348292
50.988282918930054,0.19722220880431057,1.1693705988362006,-1.0821041362364843,2.0978857076339623,-0.3455751785790718,0.5550146888183913,0.01990005142348292
50.988282918930054,0.19722220880431057,1.1693705988362006,-1.0821041362364843,2.096140405013579,-0.3455751785790718,0.5550146888183913,0.01990005142348292
50.988282918930054,0.19722220880431057,1.1693705988362006,-1.0821041362364843,2.096140405013579,-0.3455751785790718,0.5550146888183913,0.01990005142348292
50.988282918930054,0.19722220880431057,1.1693705988362006,-1.0821041362364843,2.096140405013579,-0.3455751785790718,0.5550146888183913,0.01990005142348292
50.988282918930054,0.19722220880431057,1.1676252962158173,-1.0821041362364843,2.0978857076339623,-0.3455751785790718,0.5550146888183913,0.01990005142348292
50.988282918930054,0.19722220880431057,1.1676252962158173,-1.0821041362364843,2.0978857076339623,-0.3455751785790718,0.6667157875776394,0.01990005142348292
50.988282918930054,0.19722220880431057,1.1693705988362006,-1.0821041362364843,2.0978857076339623,-0.3455751785790718,0.5550146888183913,0.01990005142348292
51.988282918930054,0.19722220880431057,1.1693705988362006,-1.0821041362364843,2.0978857076339623,-0.3455751785790718,0.5550146888183913,0.01990005142348292
51.988282918930054,0.19722220880431057,1.1693705988362006,-1.0821041362364843,2.096140405013579,-0.3455751785790718,0.5550146888183913,0.01990005142348292
51.988282918930054,0.19722220880431057,1.1676252962158173,-1.0821041362364843,2.0943951023931953,-0.3455751785790718,0.5550146888183913,0.019985701118953102
51.988282918930054,0.19722220880431057,1.1693705988362006,-1.0821041362364843,2.096140405013579,-0.3455751785790718,0.10821041029469708,0.019985701118953102
51.988282918930054,0.19722220880431057,1.1693705988362006,-1.0821041362364843,2.096140405013579,-0.3455751785790718,0.10821041029469708,0.019985701118953102
51.988282918930054,0.19722220880431057,1.1676252962158173,-1.0821041362364843,2.096140405013579,-0.3455751785790718,0.10821041029469708,0.019985701118953102
51.988282918930054,0.19722220880431057,1.1676252962158173,-1.0821041362364843,2.096140405013579,-0.3455751785790718,0.10821041029469708,0.019985701118953102
51.988282918930054,0.19722220880431057,1.1676252962158173,-1.0821041362364843,2.096140405013579,-0.3455751785790718,0.10821041029469708,0.019985701118953102
51.988282918930054,0.19722220880431057,1.1693705988362006,-1.0821041362364843,2.0978857076339623,-0.2338741131093374,0.10821041029469708,0.019985701118953102
51.988282918930054,0.19722220880431057,1.1693705988362006,-1.0821041362364843,2.0978857076339623,-0.2338741131093374,0.10821041029469708,0.019985701118953102
52.988282918930054,0.19722220880431057,1.1693705988362006,-1.0821041362364843,2.0978857076339623,-0.2338741131093374,0.10821041029469708,0.019985701118953102
52.988282918930054,0.19722220880431057,1.1676252962158173,-1.0821041362364843,2.096140405013579,-0.3455751785790718,0.10821041029469708,0.019985701118953102
52.988282918930054,0.19722220880431057,1.1676252962158173,-1.0821041362364843,2.096140405013579,-0.3455751785790718,0.10821041029469708,0.019985701118953102
52.988282918930054,0.19722220880431057,1.1693705988362006,-1.0821041362364843,2.096140405013579,-0.3455751785790718,0.5550146888183913,0.01990005142348292
52.988282918930054,0.19722220880431057,1.1693705988362006,-1.0821041362364843,2.096140405013579,-0.3455751785790718,0.5550146888183913,0.01990005142348292
52.988282918930054,0.19722220880431057,1.1693705988362006,-1.0821041362364843,2.096140405013579,-0.3455751785790718,0.5550146888183913,0.01990005142348292
52.988282918930054,0.19722220880431057,1.1693705988362006,-1.0821041362364843,2.096140405013579,-0.3455751785790718,0.5550146888183913,0.01990005142348292
52.988282918930054,0.19722220880431057,1.1693705988362006,-1.0821041362364843,2.096140405013579,-0.3455751785790718,0.5550146888183913,0.01990005142348292
52.988282918930054,0.19722220880431057,1.1676252962158173,-1.0821041362364843,2.0978857076339623,-0.3455751785790718,0.5550146888183913,0.01990005142348292
52.988282918930054,0.19722220880431057,1.1676252962158173,-1.0821041362364843,2.0978857076339623,-0.3455751785790718,0.5550146888183913,0.01990005142348292
53.988282918930054,0.19722220880431057,1.1693705988362006,-1.0821041362364843,2.0996311434124,-0.3455751785790718,0.5550146888183913,0.01990005142348292
53.988282918930054,0.19722220880431057,1.1693705988362006,-1.0821041362364843,2.0996311434124,-0.3455751785790718,0.5550146888183913,0.01990005142348292
53.988282918930054,0.19722220880431057,1.1693705988362006,-1.0821041362364843,2.096140405013579,-0.3455751785790718,0.5550146888183913,0.01990005142348292
53.988282918930054,0.19722220880431057,1.1676252962158173,-1.0821041362364843,2.096140405013579,-0.3455751785790718,0.5550146888183913,0.01990005142348292
53.988282918930054,0.19722220880431057,1.1676252962158173,-1.0821041362364843,2.0978857076339623,-0.3455751785790718,0.5550146888183913,0.01990005142348292
53.988282918930054,0.19722220880431057,1.1676252962158173,-1.0821041362364843,2.0978857076339623,-0.3455751785790718,0.5550146888183913,0.01990005142348292
53.988282918930054,0.19722220880431057,1.1676252962158173,-1.0821041362364843,2.0978857076339623,-0.3455751785790718,0.5550146888183913,0.01990005142348292
53.988282918930054,0.19722220880431057,1.1676252962158173,-1.0821041362364843,2.0978857076339623,-0.3455751785790718,0.5550146888183913,0.01990005142348292
53.988282918930054,0.19722220880431057,1.1676252962158173,-1.0821041362364843,2.0978857076339623,-0.3455751785790718,0.5550146888183913,0.01990005142348292
53.988282918930054,0.19722220880431057,1.1676252962158173,-1.0821041362364843,2.0978857076339623,-0.3455751785790718,0.5550146888183913,0.01990005142348292
54.988282918930054,0.19722220880431057,1.1676252962158173,-1.0821041362364843,2.0978857076339623,-0.3455751785790718,0.5550146888183913,0.01990005142348292
54.988282918930054,0.19722220880431057,1.1676252962158173,-1.0821041362364843,2.096140405013579,-0.3455751785790718,0.5550146888183913,0.01990005142348292
54.988282918930054,0.19722220880431057,1.1676252962158173,-1.0821041362364843,2.096140405013579,-0.3455751785790718,0.5550146888183913,0.01990005142348292
54.988282918930054,0.19722220880431057,1.1693705988362006,-1.0821041362364843,2.096140405013579,-0.3455751785790718,0.5550146888183913,0.01990005142348292
54.988282918930054,0.19722220880431057,1.1693705988362006,-1.0821041362364843,2.096140405013579,-0.3455751785790718,0.5550146888183913,0.01990005142348292
54.988282918930054,0.19722220880431057,1.1693705988362006,-1.0821041362364843,2.096140405013579,-0.3455751785790718,0.5550146888183913,0.01990005142348292
54.988282918930054,0.19722220880431057,1.1693705988362006,-1.0821041362364843,2.0978857076339623,-0.3455751785790718,0.5550146888183913,0.01990005142348292
54.988282918930054,0.19722220880431057,1.1693705988362006,-1.0821041362364843,2.0978857076339623,-0.3455751785790718,0.5550146888183913,0.01990005142348292
54.988282918930054,0.19722220880431057,1.1676252962158173,-1.0821041362364843,2.0978857076339623,-0.3455751785790718,0.5550146888183913,0.01990005142348292
54.988282918930054,0.19722220880431057,1.1676252962158173,-1.0821041362364843,2.096140405013579,-0.3455751785790718,0.5550146888183913,0.01990005142348292
55.988282918930054,0.19722220880431057,1.1693705988362006,-1.0821041362364843,2.096140405013579,-0.3455751785790718,0.5550146888183913,0.01990005142348292
55.988282918930054,0.19722220880431057,1.1693705988362006,-1.0821041362364843,2.096140405013579,-0.3455751785790718,0.5550146888183913,0.01990005142348292
55.988282918930054,0.19722220880431057,1.1693705988362006,-1.0821041362364843,2.096140405013579,-0.3455751785790718,0.5550146888183913,0.01990005142348292
55.988282918930054,0.19722220880431057,1.1693705988362006,-1.0821041362364843,2.096140405013579,-0.3455751785790718,0.5550146888183913,0.01990005142348292
55.988282918930054,0.19722220880431057,1.1693705988362006,-1.0821041362364843,2.096140405013579,-0.3455751785790718,0.5550146888183913,0.01990005142348292
55.988282918930054,0.19722220880431057,1.1693705988362006,-1.0821041362364843,2.096140405013579,-0.3455751785790718,0.5550146888183913,0.01990005142348292
55.988282918930054,0.19722220880431057,1.1693705988362006,-1.0821041362364843,2.096140405013579,-0.3455751785790718,0.5550146888183913,0.01990005142348292
55.988282918930054,0.19722220880431057,1.1693705988362006,-1.0821041362364843,2.0978857076339623,-0.3455751785790718,0.5550146888183913,0.01990005142348292
55.988282918930054,0.19722220880431057,1.1693705988362006,-1.0821041362364843,2.0978857076339623,-0.3455751785790718,0.5550146888183913,0.01990005142348292
55.988282918930054,0.19722220880431057,1.1693705988362006,-1.0821041362364843,2.0978857076339623,-0.3455751785790718,0.5550146888183913,0.01990005142348292
56.988282918930054,0.19722220880431057,1.1693705988362006,-1.0821041362364843,2.0978857076339623,-0.3455751785790718,0.5550146888183913,0.01990005142348292
56.988282918930054,0.19722220880431057,1.1693705988362006,-1.0821041362364843,2.0978857076339623,-0.3455751785790718,0.5550146888183913,0.01990005142348292
56.988282918930054,0.19722220880431057,1.1693705988362006,-1.0821041362364843,2.0978857076339623,-0.3455751785790718,0.5550146888183913,0.01990005142348292
56.988282918930054,0.19722220880431057,1.1676252962158173,-1.0821041362364843,2.096140405013579,-0.3455751785790718,0.5550146888183913,0.01990005142348292
56.988282918930054,0.19722220880431057,1.1676252962158173,-1.0821041362364843,2.096140405013579,-0.3455751785790718,0.5550146888183913,0.01990005142348292
56.988282918930054,0.19722220880431057,1.1676252962158173,-1.0821041362364843,2.096140405013579,-0.3455751785790718,0.5550146888183913,0.01990005142348292
56.988282918930054,0.19722220880431057,1.1676252962158173,-1.0821041362364843,2.0943951023931953,-0.3455751785790718,0.5550146888183913,0.01990005142348292
56.988282918930054,0.19722220880431057,1.1693705988362006,-1.0821041362364843,2.096140405013579,-0.3455751785790718,0.5550146888183913,0.01990005142348292
56.988282918930054,0.19722220880431057,1.1693705988362006,-1.0821041362364843,2.0996311434124,-0.3455751785790718,0.5550146888183913,0.01990005142348292
56.988282918930054,0.19722220880431057,1.1693705988362006,-1.0821041362364843,2.0978857076339623,-0.3455751785790718,0.5550146888183913,0.01990005142348292
57.988282918930054,0.19722220880431057,1.1693705988362006,-1.0821041362364843,2.0978857076339623,-0.3455751785790718,0.5550146888183913,0.01990005142348292
57.988282918930054,0.19722220880431057,1.1676252962158173,-1.0821041362364843,2.096140405013579,-0.3455751785790718,0.5550146888183913,0.01990005142348292
57.988282918930054,0.19722220880431057,1.1676252962158173,-1.0821041362364843,2.0978857076339623,-0.3455751785790718,0.5550146888183913,0.01990005142348292
57.988282918930054,0.19722220880431057,1.1676252962158173,-1.0821041362364843,2.0978857076339623,-0.3455751785790718,0.5550146888183913,0.01990005142348292
57.988282918930054,0.19722220880431057,1.1676252962158173,-1.0821041362364843,2.0978857076339623,-0.3455751785790718,0.5550146888183913,0.01990005142348292
57.988282918930054,0.19722220880431057,1.1676252962158173,-1.0821041362364843,2.0978857076339623,-0.3455751785790718,0.5550146888183913,0.01990005142348292
57.988282918930054,0.19722220880431057,1.1676252962158173,-1.0821041362364843,2.0978857076339623,-0.3455751785790718,0.5550146888183913,0.01990005142348292
57.988282918930054,0.19722220880431057,1.1693705988362006,-1.0821041362364843,2.096140405013579,-0.3455751785790718,0.5550146888183913,0.01990005142348292
57.988282918930054,0.19722220880431057,1.1676252962158173,-1.0821041362364843,2.096140405013579,-0.3455751785790718,0.5550146888183913,0.020071355502632084
57.988282918930054,0.19722220880431057,1.1693705988362006,-1.0821041362364843,2.096140405013579,-0.3455751785790718,0.5550146888183913,0.01990005142348292
58.988282918930054,0.19722220880431057,1.1693705988362006,-1.0821041362364843,2.096140405013579,-0.3455751785790718,0.5550146888183913,0.01990005142348292
58.988282918930054,0.19722220880431057,1.1676252962158173,-1.0821041362364843,2.0996311434124,-0.3455751785790718,0.5550146888183913,0.01990005142348292
58.988282918930054,0.19722220880431057,1.1676252962158173,-1.0821041362364843,2.096140405013579,-0.3455751785790718,0.5550146888183913,0.01990005142348292
58.988282918930054,0.19722220880431057,1.1676252962158173,-1.0821041362364843,2.096140405013579,-0.3455751785790718,1.4486232791552935,0.01990005142348292
58.988282918930054,0.19722220880431057,1.1693705988362006,-1.0821041362364843,2.096140405013579,-0.3455751785790718,0.5550146888183913,0.01990005142348292
58.988282918930054,0.19722220880431057,1.1676252962158173,-1.0821041362364843,2.096140405013579,-0.3455751785790718,0.5550146888183913,0.01990005142348292
58.988282918930054,0.19722220880431057,1.1693705988362006,-1.0821041362364843,2.0978857076339623,-0.3455751785790718,0.5550146888183913,0.01990005142348292
58.988282918930054,0.19722220880431057,1.1693705988362006,-1.0821041362364843,2.0978857076339623,-0.3455751785790718,0.5550146888183913,0.01990005142348292
58.988282918930054,0.19722220880431057,1.1693705988362006,-1.0821041362364843,2.0978857076339623,-0.3455751785790718,0.5550146888183913,0.01990005142348292
58.988282918930054,0.19722220880431057,1.1676252962158173,-1.0821041362364843,2.0978857076339623,-0.3455751785790718,0.5550146888183913,0.0061697837470794555
59.988282918930054,0.19722220880431057,1.1693705988362006,-1.0821041362364843,2.096140405013579,-0.3455751785790718,0.5550146888183913,0.0061697837470794555
59.988282918930054,0.19722220880431057,1.1676252962158173,-1.0803588336161007,2.096140405013579,-0.3455751785790718,0.5550146888183913,0.01990005142348292
59.988282918930054,0.19722220880431057,1.1693705988362006,-1.0821041362364843,2.0978857076339623,-0.3455751785790718,0.5550146888183913,0.01990005142348292
59.988282918930054,0.19722220880431057,1.1693705988362006,-1.0821041362364843,2.096140405013579,-0.3455751785790718,0.5550146888183913,0.01990005142348292
59.988282918930054,0.19722220880431057,1.1676252962158173,-1.0821041362364843,2.0978857076339623,-0.3455751785790718,0.5550146888183913,0.01990005142348292
59.988282918930054,0.19722220880431057,1.1676252962158173,-1.0821041362364843,2.0978857076339623,-0.3455751785790718,0.5550146888183913,0.01990005142348292
59.988282918930054,0.19722220880431057,1.1693705988362006,-1.0821041362364843,2.0978857076339623,-0.3455751785790718,-0.3455751785790718,0.01990005142348292
59.988282918930054,0.19722220880431057,1.1693705988362006,-1.0821041362364843,2.0978857076339623,-0.3455751785790718,-0.3455751785790718,0.01990005142348292
59.988282918930054,0.19722220880431057,1.1676252962158173,-1.0821041362364843,2.096140405013579,-0.3455751785790718,0.5550146888183913,0.01990005142348292
59.988282918930054,0.19722220880431057,1.1693705988362006,-1.0821041362364843,2.0978857076339623,-0.3455751785790718,0.5550146888183913,0.01990005142348292
60.988282918930054,0.19722220880431057,1.1693705988362006,-1.0821041362364843,2.0978857076339623,-0.3455751785790718,0.5550146888183913,0.01990005142348292
60.988282918930054,0.19722220880431057,1.1676252962158173,-1.0821041362364843,2.096140405013579,-0.3455751785790718,0.10821041029469708,0.01990005142348292
60.988282918930054,0.19722220880431057,1.1693705988362006,-1.0821041362364843,2.096140405013579,-0.3455751785790718,0.5550146888183913,0.01990005142348292
60.988282918930054,0.19722220880431057,1.1676252962158173,-1.0821041362364843,2.0978857076339623,-0.3455751785790718,0.5550146888183913,0.01990005142348292
60.988282918930054,0.19722220880431057,1.1676252962158173,-1.0821041362364843,2.0978857076339623,-0.3455751785790718,0.5550146888183913,0.01990005142348292
60.988282918930054,0.19722220880431057,1.1676252962158173,-1.0821041362364843,2.0978857076339623,-0.3455751785790718,0.5550146888183913,0.01990005142348292
60.988282918930054,0.19722220880431057,1.1693705988362006,-1.0821041362364843,2.0786871124936357,-0.3281218860591285,0.5550146888183913,0.01990005142348292
60.988282918930054,0.19722220880431057,1.1693705988362006,-1.0821041362364843,2.0786871124936357,-0.3281218860591285,0.5550146888183913,0.01990005142348292
60.988282918930054,0.1308996938995747,1.0960667569366334,-1.0821041362364843,2.0210913270726554,-0.27052603405912107,0.5550146888183913,0.01990005142348292
60.988282918930054,0.1308996938995747,1.0960667569366334,-1.0821041362364843,2.0210913270726554,-0.27052603405912107,0.5550146888183913,0.01990005142348292
61.988282918930054,0.1308996938995747,1.0175269405968885,-1.0821041362364843,1.9408060749544729,-0.19198621771937624,0.5550146888183913,0.01990005142348292
61.988282918930054,0.022689279443688443,0.9878563299971795,-1.0821041362364843,1.911135530933791,-0.16057028785452696,0.5550146888183913,0.01990005142348292
61.988282918930054,0.022689279443688443,0.9878563299971795,-1.0821041362364843,1.911135530933791,-0.16057028785452696,0.5550146888183913,0.01990005142348292
61.988282918930054,0.022689279443688443,0.9878563299971795,-1.0821041362364843,1.911135530933791,-0.16057028785452696,0.5550146888183913,0.01990005142348292
61.988282918930054,0.022689279443688443,0.9878563299971795,-1.0821041362364843,1.911135530933791,-0.16057028785452696,0.5550146888183913,0.01990005142348292
61.988282918930054,0.022689279443688443,0.9878563299971795,-1.0821041362364843,1.8291051093532789,-0.08203047151478213,0.5550146888183913,0.01990005142348292
61.988282918930054,0.0034906585560035243,0.853466030856838,-1.0821041362364843,1.773254493394628,-0.02617993877991494,0.5550146888183913,0.01990005142348292
61.988282918930054,0.0017453292780017621,0.8220500510577183,-1.0821041362364843,1.7453292519943295,0.0017453292780017621,1.4486232791552935,0.01990005142348292
61.988282918930054,0.0017453292780017621,0.8220500510577183,-1.0821041362364843,1.7453292519943295,0.0017453292780017621,1.4486232791552935,0.01990005142348292
61.988282918930054,0.0,0.7923795070370365,-1.0821041362364843,1.71391327219521,0.02967059811614144,0.5550146888183913,0.01990005142348292
62.988282918930054,0.0,0.7661995682571215,-1.0821041362364843,1.684242728174528,0.05934119623228288,0.5550146888183913,0.01990005142348292
62.988282918930054,0.0,0.7365289576574124,-1.0821041362364843,1.6563174867742296,0.08726646259971647,0.5550146888183913,0.01990005142348292
62.988282918930054,0.0,0.7365289576574124,-1.0821041362364843,1.6563174867742296,0.08726646259971647,0.5550146888183913,0.01990005142348292
62.988282918930054,0.0,0.70511304443732,-1.0821041362364843,1.6004668708155785,0.14311699533458366,0.5550146888183913,0.01990005142348292
62.988282918930054,0.0,0.6510077976780795,-1.0821041362364843,1.569051024174513,0.17627826110933004,0.5550146888183913,0.01990005142348292
62.988282918930054,0.0,0.6230825562777811,-1.0821041362364843,1.5411257827742146,0.2042035191543852,0.5550146888183913,0.01990005142348292
62.988282918930054,0.0,0.5916666430576886,-1.0821041362364843,1.5149458439942998,0.23038345793430012,0.5550146888183913,0.01990005142348292
62.988282918930054,0.0,0.5619960324579796,-1.0821041362364843,1.4835298641951802,0.26005405188925235,0.5550146888183913,0.01990005142348292
62.988282918930054,0.0,0.5619960324579796,-1.0821041362364843,1.4835298641951802,0.26005405188925235,0.5550146888183913,0.01990005142348292
62.988282918930054,0.0,0.5323254218582705,-1.0821041362364843,1.4573499254152653,0.2879793265790644,0.5550146888183913,0.01990005142348292
63.988282918930054,0.0,0.5323254218582705,-1.0821041362364843,1.4573499254152653,0.2879793265790644,0.5550146888183913,0.01990005142348292
63.988282918930054,0.0,0.4502949336987315,-1.0821041362364843,1.3753195038347534,0.37000981473860334,0.5550146888183913,0.01990005142348292
63.988282918930054,0.0,0.4502949336987315,-1.0821041362364843,1.3753195038347534,0.37000981473860334,0.5550146888183913,0.01990005142348292
63.988282918930054,0.0017453292780017621,0.4206243563885362,-1.0821041362364843,1.3456488266560171,0.39968039204879874,0.5550146888183913,0.01990005142348292
63.988282918930054,0.0,0.39269908169872414,-1.0821041362364843,1.3177235852557188,0.42586033082871366,0.5550146888183913,0.01990005142348292
63.988282918930054,0.0,0.3630284710990151,-1.0821041362364843,1.2880530412350368,0.4572762773383198,0.5550146888183913,0.01990005142348292
63.988282918930054,0.0017453292780017621,0.3333578937888197,-1.0821041362364843,1.2583823640563006,0.48345621611823475,0.5550146888183913,0.01990005142348292
63.988282918930054,0.0,0.3036872831891106,-1.0821041362364843,1.2304571226560022,0.5131267934284302,1.4486232791552935,0.01990005142348292
63.988282918930054,0.0034906585560035243,0.27227136996901813,-1.0821041362364843,1.2007865786353205,0.5253441115081959,0.5550146888183913,0.01990005142348292
63.988282918930054,0.0017453292780017621,0.24260075936930903,-1.0821041362364843,1.1728612040769675,0.5253441115081959,0.5550146888183913,0.0061697837470794555
64.98828291893005,0.0017453292780017621,0.2146755013242539,-1.0821041362364843,1.1449359626766693,0.5253441115081959,0.5550146888183913,0.01990005142348292
64.98828291893005,0.0017453292780017621,0.1850049073693017,-1.0821041362364843,1.1152654186559874,0.5253441115081959,0.5550146888183913,0.01990005142348292
64.98828291893005,0.0017453292780017621,0.1850049073693017,-1.0821041362364843,1.1152654186559874,0.5253441115081959,0.5550146888183913,0.01990005142348292
64.98828291893005,0.0017453292780017621,0.1850049073693017,-1.0821041362364843,1.1152654186559874,0.5253441115081959,0.5550146888183913,0.01990005142348292
64.98828291893005,0.0017453292780017621,0.1850049073693017,-1.0821041362364843,1.1152654186559874,0.5253441115081959,0.5550146888183913,0.01990005142348292
64.98828291893005,0.0017453292780017621,0.1850049073693017,-1.0821041362364843,1.1152654186559874,0.5253441115081959,0.5550146888183913,0.01990005142348292
64.98828291893005,0.0017453292780017621,0.1850049073693017,-1.0821041362364843,1.034980233116832,0.5253441115081959,0.5550146888183913,0.01990005142348292
64.98828291893005,0.0017453292780017621,0.1850049073693017,-1.0821041362364843,1.034980233116832,0.5253441115081959,0.5550146888183913,0.01990005142348292
64.98828291893005,0.0017453292780017621,0.020943951856169797,-1.0821041362364843,0.9546951141567037,0.5253441115081959,0.5550146888183913,0.01990005142348292
64.98828291893005,0.0017453292780017621,-0.005235987964042449,-1.0821041362364843,0.9250245035569946,0.5253441115081959,0.5550146888183913,0.01990005142348292
65.98828291893005,0.0017453292780017621,-0.005235987964042449,-1.0821041362364843,0.9250245035569946,0.5253441115081959,0.5550146888183913,0.01990005142348292
65.98828291893005,0.0,-0.036651912627405234,-1.0821041362364843,0.8709193233767814,0.5253441115081959,0.5550146888183913,0.01990005142348292
65.98828291893005,0.0,-0.036651912627405234,-1.0821041362364843,0.8709193233767814,0.5253441115081959,0.5550146888183913,0.01990005142348292
65.98828291893005,0.0017453292780017621,-0.036651912627405234,-1.0821041362364843,0.8150687739971574,0.5253441115081959,0.5550146888183913,0.01990005142348292
65.98828291893005,0.0,-0.14835298641951802,-1.0821041362364843,0.7871434660178317,0.5253441115081959,0.5550146888183913,0.01990005142348292
65.98828291893005,0.0,-0.17802358037447025,-1.0821041362364843,0.7574729219971499,0.5253441115081959,0.5550146888183913,0.01990005142348292
65.98828291893005,0.0,-0.17802358037447025,-1.0821041362364843,0.7574729219971499,0.5253441115081959,0.5550146888183913,0.01990005142348292
65.98828291893005,0.0,-0.17802358037447025,-1.0821041362364843,0.7574729219971499,0.5253441115081959,0.5550146888183913,0.01990005142348292
65.98828291893005,0.0,-0.23212879384419718,-1.0821041362364843,0.6806784082777885,0.5253441115081959,0.5550146888183913,0.01990005142348292
65.98828291893005,0.0017453292780017621,-0.2862339906691673,-1.0838494388568676,0.6475171258582854,0.5253441115081959,0.5550146888183913,0.01990005142348292
66.98828291893005,0.0017453292780017621,-0.2862339906691673,-1.0838494388568676,0.6475171258582854,0.5253441115081959,0.5550146888183913,0.01990005142348292
66.98828291893005,0.0017453292780017621,-0.2862339906691673,-1.0838494388568676,0.6475171258582854,0.5253441115081959,0.5550146888183913,0.01990005142348292
66.98828291893005,0.0,-0.2862339906691673,-1.0838494388568676,0.5672320068981571,0.5253441115081959,0.5550146888183913,0.01990005142348292
66.98828291893005,0.0,-0.3979350561389017,-1.0838494388568676,0.537561396298448,0.5253441115081959,0.5550146888183913,0.01990005142348292
66.98828291893005,0.0,-0.3979350561389017,-1.0838494388568676,0.537561396298448,0.5253441115081959,0.5550146888183913,0.01990005142348292
66.98828291893005,0.0,-0.42586033082871366,-1.0855948080562785,0.5131267934284302,0.5253441115081959,0.5550146888183913,0.019985701118953102
66.98828291893005,0.0017453292780017621,-0.4572762773383198,-1.0855948080562785,0.48171088020833763,0.5253441115081959,0.5550146888183913,0.019985701118953102
66.98828291893005,0.0017453292780017621,-0.48520151873861816,-1.0855948080562785,0.4468042951684511,0.5253441115081959,0.5550146888183913,0.019985701118953102
66.98828291893005,0.0,-0.5148721293383272,-1.0873401106766618,0.41887902047863906,0.5253441115081959,0.5550146888183913,0.01990005142348292
66.98828291893005,0.0,-0.5410520681182421,-1.0873401106766618,0.39444441760862115,0.5235987755982988,0.5550146888183913,0.01990005142348292
67.98828291893005,0.0,-0.5410520681182421,-1.0873401106766618,0.39444441760862115,0.5235987755982988,0.5550146888183913,0.01990005142348292
67.98828291893005,0.0,-0.5724679813383347,-1.0873401106766618,0.3665191429188092,0.7086036496780869,0.5550146888183913,0.01990005142348292
67.98828291893005,0.0,-0.5724679813383347,-1.0873401106766618,0.3665191429188092,0.7086036496780869,0.5550146888183913,0.01990005142348292
67.98828291893005,0.0,-0.6510077976780795,-1.0890854798760725,0.2862339906691673,0.527089447418093,0.5550146888183913,0.01990005142348292
67.98828291893005,0.0,-0.682423710898172,-1.0890854798760725,0.2617993877991494,0.5218534396884018,0.5550146888183913,0.01990005142348292
67.98828291893005,0.0017453292780017621,-0.7103490188774976,-1.0890854798760725,0.22514746684936576,0.5253441115081959,0.5550146888183913,0.01990005142348292
67.98828291893005,0.0017453292780017621,-0.7103490188774976,-1.0890854798760725,0.22514746684936576,0.5253441115081959,0.5550146888183913,0.01990005142348292
67.98828291893005,0.0,-0.7400196294772067,-1.0890854798760725,0.19024088180947918,0.5131267934284302,0.5550146888183913,0.019985701118953102
67.98828291893005,0.0034906585560035243,-0.767944870877505,-1.0890854798760725,0.1692969341144986,0.5253441115081959,0.5550146888183913,0.0061697837470794555
67.98828291893005,0.0,-0.7993607840975975,-1.0908307824964558,0.14311699533458366,0.5183628011581213,0.5550146888183913,0.01990005142348292
68.98828291893005,0.0017453292780017621,-0.8255407228775123,-1.0925760851168393,0.10995574620459413,0.5253441115081959,0.5550146888183913,0.01990005142348292
68.98828291893005,0.0,-0.856956636097605,-1.0925760851168393,0.07853981633974483,0.5183628011581213,0.5550146888183913,0.01990005142348292
68.98828291893005,0.0034906585560035243,-0.886627246697314,-1.0925760851168393,0.05934119623228288,0.5253441115081959,0.5550146888183913,0.01990005142348292
68.98828291893005,0.0034906585560035243,-0.886627246697314,-1.0925760851168393,0.05934119623228288,0.5253441115081959,0.5550146888183913,0.01990005142348292
68.98828291893005,0.0017453292780017621,-0.886627246697314,-1.0925760851168393,0.0,0.5201081037785047,0.5550146888183913,0.01990005142348292
68.98828291893005,0.0034906585560035243,-0.9686577348568529,-1.0925760851168393,0.0,0.5201081037785047,0.5550146888183913,0.01990005142348292
68.98828291893005,0.0034906585560035243,-0.9686577348568529,-1.0925760851168393,0.0,0.5201081037785047,0.5550146888183913,0.01990005142348292
68.98828291893005,0.0034906585560035243,-1.0000736480769454,-1.0925760851168393,-0.0017453292780017621,0.5253441115081959,0.5550146888183913,0.01990005142348292
68.98828291893005,0.0034906585560035243,-1.0000736480769454,-1.0925760851168393,-0.0017453292780017621,0.5253441115081959,0.5550146888183913,0.01990005142348292
68.98828291893005,0.0034906585560035243,-1.0559241974565694,-1.0925760851168393,-0.0017453292780017621,0.5201081037785047,0.5550146888183913,0.01990005142348292
69.98828291893005,0.0034906585560035243,-1.0559241974565694,-1.0925760851168393,-0.0017453292780017621,0.5201081037785047,0.5550146888183913,0.01990005142348292
69.98828291893005,0.0034906585560035243,-1.0559241974565694,-1.0925760851168393,-0.0017453292780017621,0.5201081037785047,0.5550146888183913,0.01990005142348292
69.98828291893005,0.0017453292780017621,-1.0559241974565694,-1.0925760851168393,-0.0017453292780017621,0.5183628011581213,0.5550146888183913,0.01990005142348292
69.98828291893005,0.0017453292780017621,-1.0559241974565694,-1.0925760851168393,-0.0017453292780017621,0.5183628011581213,0.5550146888183913,0.01990005142348292
69.98828291893005,0.0017453292780017621,-1.0559241974565694,-1.0925760851168393,-0.0017453292780017621,0.5183628011581213,0.5550146888183913,0.01990005142348292
69.98828291893005,0.0034906585560035243,-1.0559241974565694,-1.09432145431625,-0.0017453292780017621,0.5183628011581213,0.5550146888183913,0.01990005142348292
69.98828291893005,0.0034906585560035243,-1.0559241974565694,-1.09432145431625,-0.0017453292780017621,0.5183628011581213,0.5550146888183913,0.01990005142348292
69.98828291893005,0.0034906585560035243,-1.0559241974565694,-1.09432145431625,-0.0017453292780017621,0.5183628011581213,0.5550146888183913,0.01990005142348292
69.98828291893005,0.0034906585560035243,-1.0559241974565694,-1.09432145431625,-0.0017453292780017621,0.5183628011581213,0.5550146888183913,0.01990005142348292
69.98828291893005,0.0034906585560035243,-1.0559241974565694,-1.09432145431625,-0.0017453292780017621,0.5183628011581213,0.5550146888183913,0.01990005142348292
70.98828291893005,0.0034906585560035243,-1.0559241974565694,-1.09432145431625,-0.0017453292780017621,0.5183628011581213,0.5550146888183913,0.01990005142348292
70.98828291893005,0.0034906585560035243,-1.0559241974565694,-1.09432145431625,-0.0017453292780017621,0.5183628011581213,0.5550146888183913,0.01990005142348292
70.98828291893005,0.0017453292780017621,-1.0559241974565694,-1.0925760851168393,-0.0017453292780017621,0.5183628011581213,0.5550146888183913,0.01990005142348292
70.98828291893005,0.0017453292780017621,-1.0559241974565694,-1.0925760851168393,-0.0017453292780017621,0.5183628011581213,0.5550146888183913,0.01990005142348292
70.98828291893005,0.0017453292780017621,-1.0559241974565694,-1.0925760851168393,-0.0017453292780017621,0.5183628011581213,0.5550146888183913,0.019985701118953102
70.98828291893005,0.0017453292780017621,-1.0559241974565694,-1.0925760851168393,-0.0017453292780017621,0.5183628011581213,0.5550146888183913,0.01990005142348292
70.98828291893005,0.0017453292780017621,-1.0559241974565694,-1.0925760851168393,-0.0017453292780017621,0.5183628011581213,0.5550146888183913,0.01990005142348292
70.98828291893005,0.0034906585560035243,-1.0559241974565694,-1.09432145431625,-0.0017453292780017621,0.5183628011581213,0.5550146888183913,0.01990005142348292
70.98828291893005,0.0034906585560035243,-1.0559241974565694,-1.09432145431625,-0.0017453292780017621,0.5183628011581213,0.5550146888183913,0.01990005142348292
70.98828291893005,0.0034906585560035243,-1.0559241974565694,-1.09432145431625,-0.0017453292780017621,0.5183628011581213,0.5550146888183913,0.01990005142348292
71.98828291893005,0.0034906585560035243,-1.0559241974565694,-1.0925760851168393,-0.0017453292780017621,0.5183628011581213,0.5550146888183913,0.01990005142348292
71.98828291893005,0.0017453292780017621,-1.0559241974565694,-1.0925760851168393,-0.0017453292780017621,0.5183628011581213,0.5550146888183913,0.01990005142348292
71.98828291893005,0.0017453292780017621,-1.0559241974565694,-1.09432145431625,-0.0017453292780017621,0.5183628011581213,0.5550146888183913,0.01990005142348292
71.98828291893005,0.0017453292780017621,-1.0559241974565694,-1.09432145431625,-0.0017453292780017621,0.5183628011581213,0.5550146888183913,0.01990005142348292
71.98828291893005,0.0034906585560035243,-1.0559241974565694,-1.0925760851168393,-0.0017453292780017621,0.5183628011581213,0.5550146888183913,0.01990005142348292
71.98828291893005,0.0034906585560035243,-1.0559241974565694,-1.0925760851168393,-0.0017453292780017621,0.5183628011581213,0.5550146888183913,0.01990005142348292
71.98828291893005,0.0034906585560035243,-1.0559241974565694,-1.09432145431625,-0.0017453292780017621,0.5183628011581213,0.5550146888183913,0.01990005142348292
71.98828291893005,0.0017453292780017621,-1.0559241974565694,-1.09432145431625,-0.0017453292780017621,0.5183628011581213,0.5550146888183913,0.01990005142348292
71.98828291893005,0.0017453292780017621,-1.0559241974565694,-1.09432145431625,-0.0017453292780017621,0.5183628011581213,0.5550146888183913,0.01990005142348292
71.98828291893005,0.0017453292780017621,-1.0559241974565694,-1.09432145431625,-0.0017453292780017621,0.5183628011581213,0.5550146888183913,0.01990005142348292
72.98828291893005,0.0017453292780017621,-1.0559241974565694,-1.09432145431625,-0.0017453292780017621,0.5183628011581213,0.5550146888183913,0.01990005142348292
72.98828291893005,0.0017453292780017621,-1.0559241974565694,-1.09432145431625,-0.0017453292780017621,0.5183628011581213,0.5550146888183913,0.0061697837470794555
72.98828291893005,0.0017453292780017621,-1.0559241974565694,-1.09432145431625,-0.0017453292780017621,0.5183628011581213,0.5550146888183913,0.0061697837470794555
72.98828291893005,0.0017453292780017621,-1.0559241974565694,-1.0925760851168393,-0.0017453292780017621,0.5183628011581213,0.5550146888183913,0.01990005142348292
72.98828291893005,0.0017453292780017621,-1.0559241974565694,-1.09432145431625,-0.0017453292780017621,0.5183628011581213,0.5550146888183913,0.01990005142348292
72.98828291893005,0.0017453292780017621,-1.0559241974565694,-1.09432145431625,-0.0017453292780017621,0.5183628011581213,0.5550146888183913,0.01990005142348292
72.98828291893005,0.0017453292780017621,-1.0559241974565694,-1.09432145431625,-0.0017453292780017621,0.5183628011581213,0.5550146888183913,0.01990005142348292
72.98828291893005,0.0017453292780017621,-1.0559241974565694,-1.09432145431625,-0.0017453292780017621,0.5183628011581213,0.5550146888183913,0.01990005142348292
72.98828291893005,0.0017453292780017621,-1.0559241974565694,-1.0925760851168393,-0.0017453292780017621,0.5183628011581213,0.5550146888183913,0.01990005142348292
72.98828291893005,0.0017453292780017621,-1.0559241974565694,-1.0925760851168393,-0.0017453292780017621,0.5183628011581213,0.5550146888183913,0.01990005142348292
73.98828291893005,0.0017453292780017621,-1.0559241974565694,-1.09432145431625,-0.0017453292780017621,0.5183628011581213,0.5550146888183913,0.01990005142348292
73.98828291893005,0.0017453292780017621,-1.0559241974565694,-1.0925760851168393,-0.0017453292780017621,0.5183628011581213,0.5550146888183913,0.01990005142348292
73.98828291893005,0.0017453292780017621,-1.0559241974565694,-1.0925760851168393,-0.0017453292780017621,0.5183628011581213,0.5550146888183913,0.01990005142348292
73.98828291893005,0.0017453292780017621,-1.0559241974565694,-1.0925760851168393,-0.0017453292780017621,0.5183628011581213,0.5550146888183913,0.01990005142348292
73.98828291893005,0.0017453292780017621,-1.0559241974565694,-1.0925760851168393,-0.0017453292780017621,0.5183628011581213,0.5550146888183913,0.01990005142348292
73.98828291893005,0.0017453292780017621,-1.0559241974565694,-1.09432145431625,-0.0017453292780017621,0.5183628011581213,0.5550146888183913,0.01990005142348292
73.98828291893005,0.0017453292780017621,-1.0559241974565694,-1.09432145431625,-0.0017453292780017621,0.5183628011581213,0.5550146888183913,0.01990005142348292
73.98828291893005,0.0017453292780017621,-1.0559241974565694,-1.0925760851168393,-0.0017453292780017621,0.5183628011581213,0.5550146888183913,0.01990005142348292
73.98828291893005,0.0017453292780017621,-1.0559241974565694,-1.0925760851168393,-0.0017453292780017621,0.5183628011581213,0.5550146888183913,0.01990005142348292
73.98828291893005,0.0017453292780017621,-1.0559241974565694,-1.09432145431625,-0.0017453292780017621,0.5183628011581213,0.5550146888183913,0.01990005142348292
74.98828291893005,0.0017453292780017621,-1.0559241974565694,-1.09432145431625,-0.0017453292780017621,0.5183628011581213,0.5550146888183913,0.01990005142348292
74.98828291893005,0.0017453292780017621,-1.0559241974565694,-1.09432145431625,-0.0017453292780017621,0.5183628011581213,0.5550146888183913,0.01990005142348292
74.98828291893005,0.0034906585560035243,-1.0559241974565694,-1.0925760851168393,-0.0017453292780017621,0.5183628011581213,0.5550146888183913,0.01990005142348292
74.98828291893005,0.0017453292780017621,-1.0559241974565694,-1.0925760851168393,-0.0017453292780017621,0.5183628011581213,1.4486232791552935,0.01990005142348292
74.98828291893005,0.0034906585560035243,-1.0559241974565694,-1.0925760851168393,-0.0017453292780017621,0.5183628011581213,0.5550146888183913,0.01990005142348292
74.98828291893005,0.0017453292780017621,-1.0559241974565694,-1.0925760851168393,-0.0017453292780017621,0.5183628011581213,-57.082740220149645,0.01990005142348292
74.98828291893005,0.0017453292780017621,-1.0559241974565694,-1.09432145431625,-0.0017453292780017621,0.5183628011581213,0.5550146888183913,0.01990005142348292
74.98828291893005,0.0017453292780017621,-1.0559241974565694,-1.09432145431625,-0.0017453292780017621,0.5183628011581213,0.5550146888183913,0.01990005142348292
74.98828291893005,0.0017453292780017621,-1.0559241974565694,-1.0925760851168393,-0.0017453292780017621,0.5183628011581213,0.5550146888183913,0.01990005142348292
74.98828291893005,0.0017453292780017621,-1.0559241974565694,-1.0925760851168393,-0.0017453292780017621,0.5183628011581213,0.5550146888183913,0.01990005142348292
75.98828291893005,0.0017453292780017621,-1.0559241974565694,-1.0925760851168393,-0.0017453292780017621,0.5183628011581213,0.5550146888183913,0.01990005142348292
75.98828291893005,0.0017453292780017621,-1.0559241974565694,-1.0925760851168393,-0.0017453292780017621,0.5183628011581213,0.5550146888183913,0.01990005142348292
75.98828291893005,0.0017453292780017621,-1.0559241974565694,-1.0925760851168393,-0.0017453292780017621,0.5183628011581213,0.5550146888183913,0.01990005142348292
75.98828291893005,0.0017453292780017621,-1.0559241974565694,-1.09432145431625,-0.0017453292780017621,0.5183628011581213,0.5550146888183913,0.01990005142348292
75.98828291893005,0.0017453292780017621,-1.0559241974565694,-1.0925760851168393,-0.0017453292780017621,0.5183628011581213,0.5550146888183913,0.01990005142348292
75.98828291893005,0.0017453292780017621,-1.0559241974565694,-1.0925760851168393,-0.0017453292780017621,0.5183628011581213,0.5550146888183913,0.01990005142348292
75.98828291893005,0.0017453292780017621,-1.0559241974565694,-1.0925760851168393,-0.0017453292780017621,0.5183628011581213,0.5550146888183913,0.01990005142348292
75.98828291893005,0.0017453292780017621,-1.0559241974565694,-1.0925760851168393,-0.0017453292780017621,0.5183628011581213,0.5550146888183913,0.01990005142348292
75.98828291893005,0.0017453292780017621,-1.0559241974565694,-1.09432145431625,-0.0017453292780017621,0.5183628011581213,0.5550146888183913,0.01990005142348292
75.98828291893005,0.0017453292780017621,-1.0559241974565694,-1.0925760851168393,-0.0017453292780017621,0.5183628011581213,0.5550146888183913,0.01990005142348292
76.98828291893005,0.0017453292780017621,-1.0559241974565694,-1.09432145431625,-0.0017453292780017621,0.5183628011581213,0.5550146888183913,0.01990005142348292
76.98828291893005,0.0017453292780017621,-1.0559241974565694,-1.0925760851168393,-0.0017453292780017621,0.5183628011581213,0.5550146888183913,0.01990005142348292
76.98828291893005,0.0017453292780017621,-1.0559241974565694,-1.0925760851168393,-0.0017453292780017621,0.5183628011581213,0.5550146888183913,0.01990005142348292
76.98828291893005,0.0017453292780017621,-1.0559241974565694,-1.0925760851168393,-0.0017453292780017621,0.5183628011581213,0.5550146888183913,0.01990005142348292
76.98828291893005,0.0034906585560035243,-1.0559241974565694,-1.0925760851168393,-0.0017453292780017621,0.5183628011581213,0.5550146888183913,0.01990005142348292
76.98828291893005,0.0017453292780017621,-1.0559241974565694,-1.09432145431625,-0.0017453292780017621,0.5183628011581213,0.5550146888183913,0.01990005142348292
76.98828291893005,0.0017453292780017621,-1.0559241974565694,-1.0925760851168393,-0.0017453292780017621,0.5183628011581213,0.5550146888183913,0.01990005142348292
76.98828291893005,0.0017453292780017621,-1.0559241974565694,-1.09432145431625,-0.0017453292780017621,0.5183628011581213,0.5550146888183913,0.019942876059945876
76.98828291893005,0.0017453292780017621,-1.0559241974565694,-1.09432145431625,-0.0017453292780017621,0.5183628011581213,0.5550146888183913,0.01990005142348292
76.98828291893005,0.0017453292780017621,-1.0559241974565694,-1.09432145431625,-0.0017453292780017621,0.5183628011581213,0.5550146888183913,0.01990005142348292
77.98828291893005,0.0017453292780017621,-1.0559241974565694,-1.09432145431625,-0.0017453292780017621,0.5183628011581213,0.5550146888183913,0.01990005142348292
77.98828291893005,0.0017453292780017621,-1.0559241974565694,-1.09432145431625,-0.0017453292780017621,0.5183628011581213,0.5550146888183913,0.01990005142348292
77.98828291893005,0.0017453292780017621,-1.0559241974565694,-1.0925760851168393,-0.0017453292780017621,0.5183628011581213,0.5550146888183913,0.01990005142348292
77.98828291893005,0.0017453292780017621,-1.0559241974565694,-1.0925760851168393,-0.0017453292780017621,0.5183628011581213,0.5550146888183913,0.01990005142348292
77.98828291893005,0.0017453292780017621,-1.0559241974565694,-1.09432145431625,-0.0017453292780017621,0.5183628011581213,0.5550146888183913,0.01990005142348292
77.98828291893005,0.0017453292780017621,-1.0559241974565694,-1.09432145431625,-0.0017453292780017621,0.5183628011581213,0.5550146888183913,0.01990005142348292
77.98828291893005,0.0017453292780017621,-1.0559241974565694,-1.09432145431625,-0.0017453292780017621,0.5183628011581213,0.5550146888183913,0.01990005142348292
77.98828291893005,0.0017453292780017621,-1.0559241974565694,-1.09432145431625,-0.0017453292780017621,0.5183628011581213,0.5550146888183913,0.01990005142348292
77.98828291893005,0.0017453292780017621,-1.0559241974565694,-1.09432145431625,-0.0017453292780017621,0.5183628011581213,0.5550146888183913,0.01990005142348292
77.98828291893005,0.0017453292780017621,-1.0559241974565694,-1.09432145431625,-0.0017453292780017621,0.5183628011581213,0.5550146888183913,0.01990005142348292
78.98828291893005,0.0017453292780017621,-1.0559241974565694,-1.09432145431625,-0.0017453292780017621,0.5183628011581213,0.5550146888183913,0.01990005142348292
78.98828291893005,0.0017453292780017621,-1.0559241974565694,-1.0925760851168393,-0.0017453292780017621,0.5183628011581213,0.5550146888183913,0.01990005142348292
78.98828291893005,0.0017453292780017621,-1.0559241974565694,-1.09432145431625,-0.0017453292780017621,0.5183628011581213,0.5550146888183913,0.01990005142348292
78.98828291893005,0.0017453292780017621,-1.0559241974565694,-1.09432145431625,-0.0017453292780017621,0.5183628011581213,1.4486232791552935,0.01990005142348292
78.98828291893005,0.0017453292780017621,-1.0559241974565694,-1.0925760851168393,-0.0017453292780017621,0.5183628011581213,0.5550146888183913,0.01990005142348292
78.98828291893005,0.0017453292780017621,-1.0559241974565694,-1.09432145431625,-0.0017453292780017621,0.5183628011581213,0.5550146888183913,0.01990005142348292
78.98828291893005,0.0017453292780017621,-1.0559241974565694,-1.0925760851168393,-0.0017453292780017621,0.5183628011581213,0.5550146888183913,0.01990005142348292
78.98828291893005,0.0017453292780017621,-1.0559241974565694,-1.09432145431625,-0.0017453292780017621,0.5183628011581213,0.5550146888183913,0.01990005142348292
78.98828291893005,0.0017453292780017621,-1.0559241974565694,-1.09432145431625,-0.0017453292780017621,0.5183628011581213,0.5550146888183913,0.01990005142348292
78.98828291893005,0.0017453292780017621,-1.0559241974565694,-1.09432145431625,-0.0017453292780017621,0.5183628011581213,0.6667157875776394,0.01990005142348292
79.98828291893005,0.0017453292780017621,-1.0559241974565694,-1.09432145431625,-0.0017453292780017621,0.5183628011581213,0.5550146888183913,0.019942876059945876
79.98828291893005,0.0034906585560035243,-1.0559241974565694,-1.09432145431625,-0.0017453292780017621,0.5183628011581213,0.5550146888183913,0.019942876059945876
79.98828291893005,0.0017453292780017621,-1.0559241974565694,-1.09432145431625,-0.0017453292780017621,0.5183628011581213,0.5550146888183913,0.020071355502632084
79.98828291893005,0.0017453292780017621,-1.0559241974565694,-1.09432145431625,-0.0017453292780017621,0.5183628011581213,0.5550146888183913,0.01990005142348292
79.98828291893005,0.0017453292780017621,-1.0559241974565694,-1.09432145431625,-0.0017453292780017621,0.5183628011581213,0.5550146888183913,0.01990005142348292
79.98828291893005,0.0017453292780017621,-1.0559241974565694,-1.0925760851168393,-0.0017453292780017621,0.5183628011581213,0.5550146888183913,0.01990005142348292
79.98828291893005,0.0017453292780017621,-1.0559241974565694,-1.09432145431625,-0.0017453292780017621,0.5183628011581213,0.5550146888183913,0.01990005142348292
79.98828291893005,0.0017453292780017621,-1.0559241974565694,-1.09432145431625,-0.0017453292780017621,0.5183628011581213,0.5550146888183913,0.01990005142348292
79.98828291893005,0.0017453292780017621,-1.0559241974565694,-1.09432145431625,-0.0017453292780017621,0.5183628011581213,0.5550146888183913,0.01990005142348292
79.98828291893005,0.0017453292780017621,-1.0559241974565694,-1.09432145431625,-0.0017453292780017621,0.5183628011581213,0.5550146888183913,0.01990005142348292
80.98828291893005,0.0017453292780017621,-1.0559241974565694,-1.09432145431625,-0.0017453292780017621,0.5183628011581213,0.5550146888183913,0.01990005142348292
80.98828291893005,0.0017453292780017621,-1.0559241974565694,-1.09432145431625,-0.0017453292780017621,0.5183628011581213,0.5550146888183913,0.01990005142348292
80.98828291893005,0.0017453292780017621,-1.0559241974565694,-1.09432145431625,-0.0017453292780017621,0.5183628011581213,0.5550146888183913,0.01990005142348292
80.98828291893005,0.0017453292780017621,-1.0559241974565694,-1.0925760851168393,-0.0017453292780017621,0.5183628011581213,0.5550146888183913,0.01990005142348292
80.98828291893005,0.0017453292780017621,-1.0559241974565694,-1.0925760851168393,-0.0017453292780017621,0.5183628011581213,0.5550146888183913,0.01990005142348292
80.98828291893005,0.0017453292780017621,-1.0559241974565694,-1.09432145431625,-0.0017453292780017621,0.5183628011581213,0.6667157875776394,0.01990005142348292
80.98828291893005,0.0017453292780017621,-1.0559241974565694,-1.09432145431625,-0.0017453292780017621,0.5183628011581213,0.5550146888183913,0.01990005142348292
80.98828291893005,0.0017453292780017621,-1.0559241974565694,-1.09432145431625,-0.0017453292780017621,0.5183628011581213,0.5550146888183913,0.01990005142348292
80.98828291893005,0.0017453292780017621,-1.0559241974565694,-1.09432145431625,-0.0017453292780017621,0.5183628011581213,0.5550146888183913,0.01990005142348292
80.98828291893005,0.0017453292780017621,-1.0559241974565694,-1.09432145431625,-0.0017453292780017621,0.5183628011581213,0.5550146888183913,0.01990005142348292
81.98828291893005,0.0017453292780017621,-1.0559241974565694,-1.09432145431625,-0.0017453292780017621,0.5183628011581213,0.5550146888183913,0.01990005142348292
81.98828291893005,0.0017453292780017621,-1.0559241974565694,-1.09432145431625,-0.0017453292780017621,0.5183628011581213,0.5550146888183913,0.01990005142348292
81.98828291893005,0.0017453292780017621,-1.0559241974565694,-1.09432145431625,-0.0017453292780017621,0.5183628011581213,0.5550146888183913,0.01990005142348292
81.98828291893005,0.0017453292780017621,-1.0559241974565694,-1.09432145431625,-0.0017453292780017621,0.5183628011581213,0.5550146888183913,0.01990005142348292
81.98828291893005,0.0017453292780017621,-1.0559241974565694,-1.0925760851168393,-0.0017453292780017621,0.5183628011581213,0.5550146888183913,0.01990005142348292
81.98828291893005,0.0017453292780017621,-1.0559241974565694,-1.09432145431625,-0.0017453292780017621,0.5183628011581213,0.5550146888183913,0.01990005142348292
81.98828291893005,0.0017453292780017621,-1.0559241974565694,-1.09432145431625,-0.0017453292780017621,0.5183628011581213,0.5550146888183913,0.01990005142348292
81.98828291893005,0.0017453292780017621,-1.0559241974565694,-1.09432145431625,-0.0017453292780017621,0.5183628011581213,0.5550146888183913,0.01990005142348292
81.98828291893005,0.0017453292780017621,-1.0559241974565694,-1.0925760851168393,-0.0017453292780017621,0.5183628011581213,0.5550146888183913,0.01990005142348292
81.98828291893005,0.0017453292780017621,-1.0559241974565694,-1.0925760851168393,-0.0017453292780017621,0.5183628011581213,0.5550146888183913,0.01990005142348292
82.98828291893005,0.0017453292780017621,-1.0559241974565694,-1.09432145431625,-0.0017453292780017621,0.5183628011581213,0.5550146888183913,0.01990005142348292
82.98828291893005,0.0017453292780017621,-1.0559241974565694,-1.09432145431625,-0.0017453292780017621,0.5183628011581213,0.5550146888183913,0.01990005142348292
82.98828291893005,0.0017453292780017621,-1.0559241974565694,-1.09432145431625,-0.0017453292780017621,0.5183628011581213,0.5550146888183913,0.01990005142348292
82.98828291893005,0.0017453292780017621,-1.0559241974565694,-1.09432145431625,-0.0017453292780017621,0.5183628011581213,0.5550146888183913,0.01990005142348292
82.98828291893005,0.0017453292780017621,-1.0559241974565694,-1.09432145431625,-0.0017453292780017621,0.5183628011581213,0.5550146888183913,0.01990005142348292
82.98828291893005,0.0017453292780017621,-1.0559241974565694,-1.09432145431625,-0.0017453292780017621,0.5183628011581213,0.5550146888183913,0.01990005142348292
82.98828291893005,0.0017453292780017621,-1.0559241974565694,-1.09432145431625,-0.0017453292780017621,0.5183628011581213,0.5550146888183913,0.01990005142348292
82.98828291893005,0.0017453292780017621,-1.0559241974565694,-1.09432145431625,-0.0017453292780017621,0.5183628011581213,0.5550146888183913,0.01990005142348292
82.98828291893005,0.0017453292780017621,-1.0559241974565694,-1.09432145431625,-0.0017453292780017621,0.5183628011581213,0.5550146888183913,0.01990005142348292
82.98828291893005,0.0017453292780017621,-1.0559241974565694,-1.09432145431625,-0.0017453292780017621,0.5183628011581213,0.5550146888183913,0.01990005142348292
83.98828291893005,0.0017453292780017621,-1.0559241974565694,-1.09432145431625,-0.0017453292780017621,0.5183628011581213,0.5550146888183913,0.01990005142348292
83.98828291893005,0.0017453292780017621,-1.0559241974565694,-1.09432145431625,-0.0017453292780017621,0.5183628011581213,0.5550146888183913,0.01990005142348292
83.98828291893005,0.0017453292780017621,-1.0559241974565694,-1.09432145431625,-0.0017453292780017621,0.5183628011581213,0.5550146888183913,0.01990005142348292
83.98828291893005,0.0017453292780017621,-1.0559241974565694,-1.09432145431625,-0.0017453292780017621,0.5183628011581213,0.5550146888183913,0.01990005142348292
83.98828291893005,0.0017453292780017621,-1.0559241974565694,-1.09432145431625,-0.0017453292780017621,0.5183628011581213,0.5550146888183913,0.01990005142348292
83.98828291893005,0.0017453292780017621,-1.0559241974565694,-1.09432145431625,-0.0017453292780017621,0.5183628011581213,0.5550146888183913,0.01990005142348292
83.98828291893005,0.0017453292780017621,-1.0559241974565694,-1.09432145431625,-0.0017453292780017621,0.5183628011581213,0.5550146888183913,0.01990005142348292
83.98828291893005,0.0017453292780017621,-1.0559241974565694,-1.09432145431625,-0.0017453292780017621,0.5183628011581213,0.5550146888183913,0.019942876059945876
83.98828291893005,0.0017453292780017621,-1.0559241974565694,-1.09432145431625,-0.0017453292780017621,0.5183628011581213,0.5550146888183913,0.019942876059945876
83.98828291893005,0.0017453292780017621,-1.0559241974565694,-1.09432145431625,-0.0017453292780017621,0.5183628011581213,0.5550146888183913,0.019942876059945876
84.98828291893005,0.0017453292780017621,-1.0559241974565694,-1.09432145431625,-0.0017453292780017621,0.5183628011581213,0.5550146888183913,0.019942876059945876
84.98828291893005,0.0017453292780017621,-1.0559241974565694,-1.09432145431625,-0.0017453292780017621,0.5183628011581213,0.5550146888183913,0.019942876059945876
84.98828291893005,0.0017453292780017621,-1.0559241974565694,-1.09432145431625,-0.0017453292780017621,0.5183628011581213,0.5550146888183913,0.019942876059945876
84.98828291893005,0.0017453292780017621,-1.0559241974565694,-1.09432145431625,-0.0017453292780017621,0.5183628011581213,0.5550146888183913,0.01990005142348292
84.98828291893005,0.0017453292780017621,-1.0559241974565694,-1.09432145431625,-0.0017453292780017621,0.5183628011581213,0.5550146888183913,0.01990005142348292
84.98828291893005,0.0017453292780017621,-1.0559241974565694,-1.0925760851168393,-0.0017453292780017621,0.5183628011581213,0.5550146888183913,0.01990005142348292
84.98828291893005,0.0017453292780017621,-1.0559241974565694,-1.09432145431625,-0.0017453292780017621,0.5183628011581213,0.5550146888183913,0.01990005142348292
84.98828291893005,0.0017453292780017621,-1.0559241974565694,-1.09432145431625,-0.0017453292780017621,0.5183628011581213,0.5550146888183913,0.0061697837470794555
84.98828291893005,0.0017453292780017621,-1.0559241974565694,-1.09432145431625,-0.0017453292780017621,0.5183628011581213,0.5550146888183913,0.0061697837470794555
84.98828291893005,0.0017453292780017621,-1.0559241974565694,-1.09432145431625,-0.0017453292780017621,0.5183628011581213,0.5550146888183913,0.0061697837470794555
85.98828291893005,0.0017453292780017621,-1.0559241974565694,-1.0925760851168393,-0.0017453292780017621,0.5183628011581213,0.5550146888183913,0.019985701118953102
85.98828291893005,0.0034906585560035243,-1.0559241974565694,-1.0925760851168393,-0.0017453292780017621,0.5183628011581213,0.5550146888183913,0.01990005142348292
85.98828291893005,0.0017453292780017621,-1.0559241974565694,-1.0908307824964558,-0.0017453292780017621,0.5183628011581213,0.5515240502881108,0.01990005142348292
85.98828291893005,0.0017453292780017621,-1.0559241974565694,-1.0908307824964558,-0.0017453292780017621,0.5183628011581213,0.5515240502881108,0.01990005142348292
85.98828291893005,0.0017453292780017621,-1.0559241974565694,-1.0908307824964558,-0.0017453292780017621,0.5183628011581213,0.5515240502881108,0.01990005142348292
85.98828291893005,0.0017453292780017621,-1.0559241974565694,-1.0908307824964558,-0.0017453292780017621,0.5183628011581213,0.5515240502881108,0.01990005142348292
85.98828291893005,0.0017453292780017621,-1.0559241974565694,-1.0629055410961576,-0.0017453292780017621,0.5183628011581213,0.5515240502881108,0.01990005142348292
85.98828291893005,0.0017453292780017621,-1.0559241974565694,-0.9808750529366187,-0.0017453292780017621,0.5183628011581213,0.45204026960862864,0.01990005142348292
85.98828291893005,0.0017453292780017621,-1.0559241974565694,-0.9512044423369095,-0.0017453292780017621,0.5201081037785047,0.4241149949188166,0.01990005142348292
85.98828291893005,0.0017453292780017621,-1.0559241974565694,-0.9512044423369095,-0.0017453292780017621,0.5201081037785047,0.4241149949188166,0.01990005142348292
86.98828291893005,0.0017453292780017621,-1.0559241974565694,-0.9215338317372005,-0.0017453292780017621,0.6318092025377527,0.4241149949188166,0.01990005142348292
86.98828291893005,0.0017453292780017621,-1.0559241974565694,-0.9215338317372005,-0.0017453292780017621,0.6318092025377527,0.4241149949188166,0.01990005142348292
86.98828291893005,0.0017453292780017621,-1.0559241974565694,-0.8412487127770724,-0.0017453292780017621,0.5201081037785047,0.31764993717877343,0.01990005142348292
86.98828291893005,0.0017453292780017621,-1.0559241974565694,-0.8115781021773631,-0.0017453292780017621,0.527089447418093,0.2862339906691673,0.01990005142348292
86.98828291893005,0.0017453292780017621,-1.0559241974565694,-0.7836528607770649,-0.0017453292780017621,0.5253441115081959,0.26005405188925235,0.01990005142348292
86.98828291893005,0.0017453292780017621,-1.0559241974565694,-0.7539822501773559,-0.0017453292780017621,0.5253441115081959,0.23038345793430012,0.01990005142348292
86.98828291893005,0.0017453292780017621,-1.0559241974565694,-0.7243116395776468,-0.0017453292780017621,0.5253441115081959,0.2042035191543852,0.01990005142348292
86.98828291893005,0.0017453292780017621,-1.0559241974565694,-0.7243116395776468,-0.0017453292780017621,0.5253441115081959,0.2042035191543852,0.01990005142348292
86.98828291893005,0.0017453292780017621,-1.0559241974565694,-0.6946410289779377,-0.0017453292780017621,0.5253441115081959,0.19547687289441354,0.01990005142348292
86.98828291893005,0.0017453292780017621,-1.0559241974565694,-0.6632251157578452,-0.0017453292780017621,0.5253441115081959,0.18849556254433897,0.01990005142348292
87.98828291893005,0.0017453292780017621,-1.0559241974565694,-0.6352998743575469,-0.0017453292780017621,0.5253441115081959,0.1832595714594046,0.01990005142348292
87.98828291893005,0.0017453292780017621,-1.0559241974565694,-0.6073745663782212,-0.0017453292780017621,0.5253441115081959,0.17627826110933004,0.01990005142348292
87.98828291893005,0.0017453292780017621,-1.0559241974565694,-0.5794493249779229,-0.0017453292780017621,0.5253441115081959,0.17104227002439565,0.01990005142348292
87.98828291893005,0.0017453292780017621,-1.0559241974565694,-0.5480333784683167,-0.0017453292780017621,0.5253441115081959,0.16231562376442402,0.01990005142348292
87.98828291893005,0.0017453292780017621,-1.0559241974565694,-0.5480333784683167,-0.0017453292780017621,0.5253441115081959,0.16231562376442402,0.01990005142348292
87.98828291893005,0.0017453292780017621,-1.0559241974565694,-0.5183628011581213,-0.0017453292780017621,0.5253441115081959,0.16231562376442402,0.01990005142348292
87.98828291893005,0.0017453292780017621,-1.0559241974565694,-0.5183628011581213,-0.0017453292780017621,0.5253441115081959,0.16231562376442402,0.01990005142348292
87.98828291893005,0.0017453292780017621,-1.0559241974565694,-0.5183628011581213,-0.0017453292780017621,0.5253441115081959,0.16231562376442402,0.01990005142348292
87.98828291893005,0.0017453292780017621,-1.0559241974565694,-0.4363323129985824,-0.0017453292780017621,0.5253441115081959,0.16231562376442402,0.01990005142348292
87.98828291893005,0.0017453292780017621,-1.0559241974565694,-0.4363323129985824,-0.0017453292780017621,0.5253441115081959,0.16231562376442402,0.01990005142348292
88.98828291893005,0.0017453292780017621,-1.0559241974565694,-0.4363323129985824,-0.0017453292780017621,0.5253441115081959,0.16231562376442402,0.01990005142348292
88.98828291893005,0.0017453292780017621,-1.0559241974565694,-0.3560471607489405,0.0,0.5253441115081959,0.5253441115081959,0.01990005142348292
88.98828291893005,0.0017453292780017621,-1.0559241974565694,-0.3560471607489405,0.0,0.5253441115081959,0.5253441115081959,0.01990005142348292
88.98828291893005,0.0017453292780017621,-1.0559241974565694,-0.3560471607489405,0.0,0.5253441115081959,0.5253441115081959,0.01990005142348292
88.98828291893005,0.0017453292780017621,-1.0559241974565694,-0.27401668923415834,0.0,0.5253441115081959,0.5253441115081959,0.01990005142348292
88.98828291893005,0.0017453292780017621,-1.0559241974565694,-0.27401668923415834,0.0,0.5253441115081959,0.5253441115081959,0.01990005142348292
88.98828291893005,0.0017453292780017621,-1.0559241974565694,-0.21991149240918828,0.0,0.5253441115081959,0.09075711777475377,0.01990005142348292
88.98828291893005,0.0017453292780017621,-1.0559241974565694,-0.19198621771937624,0.0,0.5253441115081959,0.08377580742467919,0.01990005142348292
88.98828291893005,0.0017453292780017621,-1.0559241974565694,-0.16231562376442402,0.0017453292780017621,0.527089447418093,0.08028514392726348,0.01990005142348292
88.98828291893005,0.0017453292780017621,-1.0559241974565694,-0.1308996938995747,0.0017453292780017621,0.527089447418093,0.07330382525481047,0.019942876059945876
89.98828291893005,0.0017453292780017621,-1.0559241974565694,-0.10471975511965977,0.0017453292780017621,0.527089447418093,0.08028514392726348,0.01990005142348292
89.98828291893005,0.0017453292780017621,-1.054178894836186,-0.07504916116470753,0.0017453292780017621,0.527089447418093,0.05759586448357503,0.01990005142348292
89.98828291893005,0.0017453292780017621,-1.0559241974565694,-0.04537855888737689,0.0017453292780017621,0.527089447418093,0.05410520514734854,0.01990005142348292
89.98828291893005,0.0017453292780017621,-1.0559241974565694,-0.017453292519943295,0.0017453292780017621,0.527089447418093,0.04712389063608474,0.01990005142348292
89.98828291893005,0.0017453292780017621,-1.054178894836186,0.012217304555900846,0.0034906585560035243,0.527089447418093,0.04014257196363174,0.019942876059945876
89.98828291893005,0.0017453292780017621,-1.054178894836186,0.012217304555900846,0.0034906585560035243,0.527089447418093,0.04014257196363174,0.019942876059945876
89.98828291893005,0.0017453292780017621,-1.0559241974565694,0.041887903712339594,0.0017453292780017621,0.527089447418093,0.04014257196363174,0.019942876059945876
89.98828291893005,0.0017453292780017621,-1.0559241974565694,0.041887903712339594,0.0017453292780017621,0.527089447418093,0.04014257196363174,0.019942876059945876
89.98828291893005,0.0017453292780017621,-1.0559241974565694,0.041887903712339594,0.0017453292780017621,0.527089447418093,0.04014257196363174,0.019942876059945876
89.98828291893005,0.0017453292780017621,-1.054178894836186,0.09424778127216948,0.0017453292780017621,0.527089447418093,0.04014257196363174,0.01990005142348292
90.98828291893005,0.0017453292780017621,-1.054178894836186,0.1518436415945553,0.0034906585560035243,0.527089447418093,0.005235987964042449,0.01990005142348292
90.98828291893005,0.0017453292780017621,-1.054178894836186,0.17802358037447025,0.0034906585560035243,0.527089447418093,0.0034906585560035243,0.019942876059945876
90.98828291893005,0.0017453292780017621,-1.054178894836186,0.20943951023931953,0.0034906585560035243,0.527089447418093,0.0034906585560035243,0.01990005142348292
90.98828291893005,0.0017453292780017621,-1.054178894836186,0.23911010419427178,0.0034906585560035243,0.5288347500384764,0.0034906585560035243,0.019942876059945876
90.98828291893005,0.0017453292780017621,-1.054178894836186,0.26878069814922395,0.0034906585560035243,0.5288347500384764,0.0034906585560035243,0.01990005142348292
90.98828291893005,0.0017453292780017621,-1.054178894836186,0.29670597283903605,0.0034906585560035243,0.527089447418093,0.0034906585560035243,0.01990005142348292
90.98828291893005,0.0017453292780017621,-1.054178894836186,0.32463124752884803,0.0034906585560035243,0.527089447418093,0.0034906585560035243,0.01990005142348292
90.98828291893005,0.0017453292780017621,-1.054178894836186,0.35430182483904343,0.0034906585560035243,0.527089447418093,0.0034906585560035243,0.01990005142348292
90.98828291893005,0.0017453292780017621,-1.054178894836186,0.35430182483904343,0.0034906585560035243,0.527089447418093,0.0034906585560035243,0.01990005142348292
90.98828291893005,0.0017453292780017621,-1.054178894836186,0.3839724354387525,0.0034906585560035243,0.527089447418093,0.0034906585560035243,0.01990005142348292
91.98828291893005,0.0017453292780017621,-1.054178894836186,0.4136430460384616,0.0034906585560035243,0.5288347500384764,0.0034906585560035243,0.019942876059945876
91.98828291893005,0.0017453292780017621,-1.054178894836186,0.445058959258554,0.0034906585560035243,0.5288347500384764,0.0034906585560035243,0.01990005142348292
91.98828291893005,0.0017453292780017621,-1.0524335256367752,0.47298423394836603,0.0017453292780017621,0.527089447418093,0.0034906585560035243,0.01990005142348292
91.98828291893005,0.0017453292780017621,-1.054178894836186,0.49916417272828095,0.0034906585560035243,0.527089447418093,0.0034906585560035243,0.019942876059945876
91.98828291893005,0.0017453292780017621,-1.0524335256367752,0.527089447418093,0.0034906585560035243,0.5288347500384764,0.0034906585560035243,0.019942876059945876
91.98828291893005,0.0017453292780017621,-1.0524335256367752,0.5602506632585689,0.005235987964042449,0.5288347500384764,0.0034906585560035243,0.01990005142348292
91.98828291893005,0.0017453292780017621,-1.0524335256367752,0.5899212738582779,0.0034906585560035243,0.527089447418093,0.0034906585560035243,0.01990005142348292
91.98828291893005,0.0017453292780017621,-1.0524335256367752,0.6178465818376035,0.005235987964042449,0.5288347500384764,0.0034906585560035243,0.01990005142348292
91.98828291893005,0.0017453292780017621,-1.0524335256367752,0.6178465818376035,0.005235987964042449,0.5288347500384764,0.0034906585560035243,0.01990005142348292
91.98828291893005,0.0017453292780017621,-1.0524335256367752,0.6457718232379019,0.0034906585560035243,0.527089447418093,0.0034906585560035243,0.019942876059945876
92.98828291893005,0.0,-1.0524335256367752,0.6736970646382002,0.0034906585560035243,0.527089447418093,0.0034906585560035243,0.019942876059945876
92.98828291893005,0.0017453292780017621,-1.0524335256367752,0.7033676752379093,0.0034906585560035243,0.527089447418093,0.0034906585560035243,0.01990005142348292
92.98828291893005,0.0017453292780017621,-1.0524335256367752,0.7347835884580018,0.0017453292780017621,0.5288347500384764,0.0034906585560035243,0.01990005142348292
92.98828291893005,0.0017453292780017621,-1.0524335256367752,0.7644541990577108,0.0017453292780017621,0.5288347500384764,0.0034906585560035243,0.01990005142348292
92.98828291893005,0.0017453292780017621,-1.0524335256367752,0.7923795070370365,0.005235987964042449,0.5288347500384764,0.0034906585560035243,0.01990005142348292
92.98828291893005,0.0017453292780017621,-1.0524335256367752,0.8203047484373349,0.0034906585560035243,0.527089447418093,0.0034906585560035243,0.019942876059945876
92.98828291893005,0.0017453292780017621,-1.0524335256367752,0.849975359037044,0.0034906585560035243,0.5288347500384764,0.0034906585560035243,0.01990005142348292
92.98828291893005,0.0,-1.0524335256367752,0.879645969636753,0.005235987964042449,0.5288347500384764,0.0034906585560035243,0.01990005142348292
92.98828291893005,0.0,-1.0524335256367752,0.879645969636753,0.005235987964042449,0.5288347500384764,0.0034906585560035243,0.01990005142348292
92.98828291893005,0.0,-1.0524335256367752,0.9075712110370514,0.0034906585560035243,0.527089447418093,0.0034906585560035243,0.01990005142348292
93.98828291893005,0.0,-1.0506882230163919,0.9372418216367605,0.0034906585560035243,0.527089447418093,0.0034906585560035243,0.01990005142348292
93.98828291893005,0.0,-1.0524335256367752,0.9669124322364695,0.0034906585560035243,0.5288347500384764,0.0034906585560035243,0.01990005142348292
93.98828291893005,0.0,-1.0524335256367752,0.9948376736367678,0.0034906585560035243,0.5288347500384764,0.0034906585560035243,0.01990005142348292
93.98828291893005,0.0,-1.0524335256367752,1.0245082842364768,0.0034906585560035243,0.5288347500384764,0.0034906585560035243,0.019942876059945876
93.98828291893005,0.0017453292780017621,-1.0506882230163919,1.0471975511965976,0.0034906585560035243,0.527089447418093,0.0034906585560035243,0.019942876059945876
93.98828291893005,0.0017453292780017621,-1.0506882230163919,1.0471975511965976,0.0034906585560035243,0.527089447418093,0.0034906585560035243,0.019942876059945876
93.98828291893005,0.0017453292780017621,-1.0506882230163919,1.0471975511965976,0.0034906585560035243,0.527089447418093,0.0034906585560035243,0.019942876059945876
93.98828291893005,0.0017453292780017621,-1.0506882230163919,1.0471975511965976,0.0034906585560035243,0.527089447418093,0.0034906585560035243,0.019942876059945876
93.98828291893005,0.0,-1.0506882230163919,1.054178894836186,0.0034906585560035243,0.527089447418093,0.0034906585560035243,0.019942876059945876
93.98828291893005,0.0,-1.0524335256367752,1.054178894836186,0.005235987964042449,0.5288347500384764,0.0034906585560035243,0.019942876059945876
94.98828291893005,0.0,-1.0506882230163919,1.054178894836186,0.0034906585560035243,0.527089447418093,0.0034906585560035243,0.01990005142348292
94.98828291893005,0.0,-1.0506882230163919,1.054178894836186,0.0034906585560035243,0.527089447418093,0.0034906585560035243,0.01990005142348292
94.98828291893005,0.0,-1.0506882230163919,1.054178894836186,0.0034906585560035243,0.527089447418093,0.0034906585560035243,0.01990005142348292
94.98828291893005,0.0,-1.0506882230163919,1.054178894836186,0.0034906585560035243,0.527089447418093,0.0034906585560035243,0.01990005142348292
94.98828291893005,0.0,-1.0506882230163919,1.054178894836186,0.0034906585560035243,0.527089447418093,0.0034906585560035243,0.01990005142348292
94.98828291893005,0.0,-1.0506882230163919,1.054178894836186,0.0034906585560035243,0.527089447418093,0.0034906585560035243,0.01990005142348292
94.98828291893005,0.0,-1.0506882230163919,1.0524335256367752,0.0034906585560035243,0.527089447418093,0.0034906585560035243,0.01990005142348292
94.98828291893005,0.0,-1.0524335256367752,1.054178894836186,0.0034906585560035243,0.5288347500384764,0.0034906585560035243,0.01990005142348292
94.98828291893005,0.0,-1.0506882230163919,1.054178894836186,0.0034906585560035243,0.527089447418093,0.0034906585560035243,0.01990005142348292
94.98828291893005,0.0,-1.0506882230163919,1.0524335256367752,0.0034906585560035243,0.527089447418093,0.0034906585560035243,0.01990005142348292
95.98828291893005,0.0,-1.0506882230163919,1.054178894836186,0.005235987964042449,0.527089447418093,0.0034906585560035243,0.019942876059945876
95.98828291893005,0.0,-1.0506882230163919,1.054178894836186,0.005235987964042449,0.527089447418093,0.0034906585560035243,0.019942876059945876
95.98828291893005,0.0,-1.0314895612970378,1.0629055410961576,0.0034906585560035243,0.5061454830783556,0.0034906585560035243,0.019942876059945876
95.98828291893005,0.0,-1.008800294336917,1.0629055410961576,0.0034906585560035243,0.4799655442984406,0.0034906585560035243,0.01990005142348292
95.98828291893005,0.0,-0.9808750529366187,1.0629055410961576,0.005235987964042449,0.4537856055185257,0.0034906585560035243,0.019942876059945876
95.98828291893005,0.0,-0.9529497449572931,1.0629055410961576,0.005235987964042449,0.42586033082871366,0.0034906585560035243,0.019942876059945876
95.98828291893005,0.0,-0.9250245035569946,1.0629055410961576,0.005235987964042449,0.39968039204879874,0.0034906585560035243,0.01990005142348292
95.98828291893005,0.0,-0.8970992621566962,1.0629055410961576,0.005235987964042449,0.3735004532688838,0.0034906585560035243,0.01990005142348292
95.98828291893005,0.0,-0.8691739541773706,1.0629055410961576,0.005235987964042449,0.3455751785790718,0.0034906585560035243,0.019942876059945876
95.98828291893005,0.0,-0.8412487127770724,1.0629055410961576,0.005235987964042449,0.31764993717877343,0.0034906585560035243,0.019942876059945876
96.98828291893005,0.0,-0.8133234047977467,1.0629055410961576,0.0069813171120070485,0.29321530101924187,0.0034906585560035243,0.01990005142348292
96.98828291893005,0.0,-0.8133234047977467,1.0629055410961576,0.0069813171120070485,0.29321530101924187,0.0034906585560035243,0.01990005142348292
96.98828291893005,0.0,-0.7853981633974483,1.0629055410961576,0.005235987964042449,0.26529004297418673,0.0034906585560035243,0.019942876059945876
96.98828291893005,0.0,-0.7574729219971499,1.0629055410961576,0.005235987964042449,0.23561944901923448,0.0034906585560035243,0.01990005142348292
96.98828291893005,0.0,-0.7295476140178242,1.0629055410961576,0.0069813171120070485,0.20943951023931953,0.0034906585560035243,0.01990005142348292
96.98828291893005,0.0,-0.7033676752379093,1.0629055410961576,0.005235987964042449,0.1832595714594046,0.0034906585560035243,0.01990005142348292
96.98828291893005,0.0034906585560035243,-0.6806784082777885,1.04196157675642,0.02617993877991494,0.1553342967695926,0.017453292519943295,0.01990005142348292
96.98828291893005,0.0034906585560035243,-0.6510077976780795,1.0105456635363277,0.027925268448028194,0.13264502148709337,0.019198622188056545,0.01990005142348292
96.98828291893005,0.0034906585560035243,-0.6248278588981645,0.9843657247564127,0.027925268448028194,0.10821041029469708,0.019198622188056545,0.01990005142348292
96.98828291893005,0.0034906585560035243,-0.5969026174978662,0.9564404167770871,0.027925268448028194,0.08203047151478213,0.019198622188056545,0.010247924726545433
97.98828291893005,0.0034906585560035243,-0.5969026174978662,0.9564404167770871,0.027925268448028194,0.08203047151478213,0.019198622188056545,0.010247924726545433
97.98828291893005,0.0034906585560035243,-0.5672320068981571,0.926769806177378,0.027925268448028194,0.05585053689605639,0.019198622188056545,0.010247924726545433
97.98828291893005,0.0034906585560035243,-0.5393067322083451,0.8988445647770796,0.027925268448028194,0.03141592570366009,0.019198622188056545,0.010247924726545433
97.98828291893005,0.0034906585560035243,-0.5393067322083451,0.8988445647770796,0.027925268448028194,0.03141592570366009,0.019198622188056545,0.010247924726545433
97.98828291893005,0.0034906585560035243,-0.5131267934284302,0.8761552978169588,0.027925268448028194,0.005235987964042449,0.019198622188056545,0.010247924726545433
97.98828291893005,0.0034906585560035243,-0.5131267934284302,0.8761552978169588,0.027925268448028194,0.005235987964042449,0.019198622188056545,0.010247924726545433
97.98828291893005,0.0034906585560035243,-0.5131267934284302,0.8744099286175482,0.027925268448028194,-0.06457718315602803,0.017453292519943295,0.01990005142348292
97.98828291893005,0.0034906585560035243,-0.5131267934284302,0.8744099286175482,0.027925268448028194,-0.06457718315602803,0.017453292519943295,0.01990005142348292
97.98828291893005,0.0034906585560035243,-0.5131267934284302,0.8744099286175482,0.027925268448028194,-0.06457718315602803,0.017453292519943295,0.01990005142348292
97.98828291893005,0.0034906585560035243,-0.40666170239887334,0.8744099286175482,0.027925268448028194,-0.06457718315602803,0.017453292519943295,0.01990005142348292
98.98828291893005,0.0034906585560035243,-0.40666170239887334,0.8744099286175482,0.027925268448028194,-0.06457718315602803,0.017453292519943295,0.01990005142348292
98.98828291893005,0.0034906585560035243,-0.40666170239887334,0.8744099286175482,0.027925268448028194,-0.06457718315602803,0.017453292519943295,0.01990005142348292
98.98828291893005,0.0034906585560035243,-0.40666170239887334,0.8761552978169588,0.027925268448028194,-0.11519172896715006,0.017453292519943295,0.01990005142348292
98.98828291893005,0.0034906585560035243,-0.40666170239887334,0.8761552978169588,0.027925268448028194,-0.11519172896715006,0.017453292519943295,0.01990005142348292
98.98828291893005,0.0034906585560035243,-0.22689280275926285,0.8744099286175482,0.027925268448028194,-0.11519172896715006,0.04537855888737689,0.01990005142348292
98.98828291893005,0.0034906585560035243,-0.22689280275926285,0.8744099286175482,0.027925268448028194,-0.11519172896715006,0.04537855888737689,0.01990005142348292
98.98828291893005,0.0034906585560035243,-0.22689280275926285,0.8744099286175482,0.027925268448028194,-0.11519172896715006,0.04537855888737689,0.01990005142348292
98.98828291893005,0.0069813171120070485,-0.20071286397934787,0.8744099286175482,0.05585053689605639,-0.134390349074612,0.04537855888737689,0.01990005142348292
98.98828291893005,0.0069813171120070485,-0.20071286397934787,0.8744099286175482,0.05585053689605639,-0.134390349074612,0.04537855888737689,0.01990005142348292
98.98828291893005,0.0069813171120070485,-0.20071286397934787,0.8744099286175482,0.05585053689605639,-0.134390349074612,0.04537855888737689,0.01990005142348292
99.98828291893005,0.0069813171120070485,-0.20071286397934787,0.8744099286175482,0.05585053689605639,-0.134390349074612,0.04537855888737689,0.01990005142348292
99.98828291893005,0.0069813171120070485,-0.20071286397934787,0.8744099286175482,0.05585053689605639,-0.134390349074612,0.04537855888737689,0.01990005142348292
99.98828291893005,0.0069813171120070485,-0.20071286397934787,0.8744099286175482,0.05585053689605639,-0.134390349074612,0.04537855888737689,0.019942876059945876
99.98828291893005,0.036651912627405234,0.0,0.8744099286175482,0.20769417432942244,-0.1378810125720277,0.1797689162843673,0.020028527962656462
99.98828291893005,0.036651912627405234,0.027925268448028194,0.8744099286175482,0.20769417432942244,-0.1378810125720277,0.1797689162843673,0.01990005142348292
99.98828291893005,0.036651912627405234,0.027925268448028194,0.8744099286175482,0.20769417432942244,-0.1378810125720277,0.1797689162843673,0.01990005142348292
99.98828291893005,0.036651912627405234,0.027925268448028194,0.8744099286175482,0.20769417432942244,-0.1378810125720277,0.1797689162843673,0.01990005142348292
99.98828291893005,0.036651912627405234,0.08203047151478213,0.8744099286175482,0.20943951023931953,-0.1378810125720277,0.1797689162843673,0.01990005142348292
99.98828291893005,0.036651912627405234,0.08203047151478213,0.8744099286175482,0.20943951023931953,-0.1378810125720277,0.1797689162843673,0.01990005142348292
99.98828291893005,0.036651912627405234,0.08203047151478213,0.8744099286175482,0.20943951023931953,-0.1378810125720277,0.1797689162843673,0.01990005142348292
100.98828291893005,0.036651912627405234,0.134390349074612,0.8744099286175482,0.20943951023931953,-0.13962634015954636,0.1797689162843673,0.01990005142348292
100.98828291893005,0.036651912627405234,0.134390349074612,0.8744099286175482,0.20943951023931953,-0.13962634015954636,0.1797689162843673,0.01990005142348292
100.98828291893005,0.03316125537177334,0.134390349074612,0.8744099286175482,0.20943951023931953,-0.13962634015954636,0.1797689162843673,0.01990005142348292
100.98828291893005,0.03316125537177334,0.134390349074612,0.8744099286175482,0.20943951023931953,-0.13962634015954636,0.1797689162843673,0.01990005142348292
100.98828291893005,0.03141592570366009,0.134390349074612,0.8744099286175482,0.20943951023931953,-0.1378810125720277,0.1797689162843673,0.020028527962656462
100.98828291893005,0.03141592570366009,0.17802358037447025,0.8726646259971648,0.20943951023931953,-0.13962634015954636,0.1797689162843673,0.01990005142348292
100.98828291893005,0.03141592570366009,0.17802358037447025,0.8744099286175482,0.20943951023931953,-0.13962634015954636,0.1797689162843673,0.020071355502632084
100.98828291893005,0.03141592570366009,0.17802358037447025,0.8744099286175482,0.20943951023931953,-0.1378810125720277,0.1797689162843673,0.01990005142348292
100.98828291893005,0.03141592570366009,0.17802358037447025,0.8744099286175482,0.20943951023931953,-0.13962634015954636,0.1797689162843673,0.01990005142348292
100.98828291893005,0.03141592570366009,0.17802358037447025,0.8744099286175482,0.20943951023931953,-0.13962634015954636,0.1797689162843673,0.01990005142348292
101.98828291893005,0.03141592570366009,0.17802358037447025,0.8744099286175482,0.20943951023931953,-0.13962634015954636,0.1797689162843673,0.019942876059945876
101.98828291893005,0.03141592570366009,0.17802358037447025,0.8744099286175482,0.20943951023931953,-0.1378810125720277,0.1797689162843673,0.019942876059945876
101.98828291893005,0.03141592570366009,0.17802358037447025,0.8744099286175482,0.20943951023931953,-0.1378810125720277,0.1797689162843673,0.019942876059945876
101.98828291893005,0.03141592570366009,0.17802358037447025,0.8744099286175482,0.20943951023931953,-0.1378810125720277,0.1797689162843673,0.01990005142348292
101.98828291893005,0.03141592570366009,0.17802358037447025,0.8744099286175482,0.20943951023931953,-0.13962634015954636,0.1797689162843673,0.01990005142348292
101.98828291893005,0.03141592570366009,0.17802358037447025,0.8744099286175482,0.20943951023931953,-0.13962634015954636,0.1797689162843673,0.01990005142348292
101.98828291893005,0.03141592570366009,0.17802358037447025,0.8744099286175482,0.20943951023931953,-0.1378810125720277,0.1797689162843673,0.019942876059945876
101.98828291893005,0.03141592570366009,0.17802358037447025,0.8744099286175482,0.20943951023931953,-0.1378810125720277,0.19373155362927333,0.019942876059945876
101.98828291893005,0.03141592570366009,0.17802358037447025,0.8726646259971648,0.20943951023931953,-0.1378810125720277,0.1797689162843673,0.01990005142348292
101.98828291893005,0.03141592570366009,0.17802358037447025,0.8744099286175482,0.20943951023931953,-0.1378810125720277,0.1797689162843673,0.01990005142348292
102.98828291893005,0.03141592570366009,0.17802358037447025,0.8744099286175482,0.20943951023931953,-0.13962634015954636,0.1797689162843673,0.019942876059945876
102.98828291893005,0.03141592570366009,0.17802358037447025,0.8744099286175482,0.20943951023931953,-0.13962634015954636,0.1797689162843673,0.01990005142348292
102.98828291893005,0.03141592570366009,0.17802358037447025,0.8744099286175482,0.20943951023931953,-0.13962634015954636,0.1797689162843673,0.01990005142348292
102.98828291893005,0.03141592570366009,0.17802358037447025,0.8744099286175482,0.20943951023931953,-0.1378810125720277,0.1797689162843673,0.01990005142348292
102.98828291893005,0.03141592570366009,0.17802358037447025,0.8744099286175482,0.20943951023931953,-0.13962634015954636,0.1797689162843673,0.01990005142348292
102.98828291893005,0.03141592570366009,0.17802358037447025,0.8744099286175482,0.20943951023931953,-0.13962634015954636,0.1797689162843673,0.01990005142348292
102.98828291893005,0.03141592570366009,0.17802358037447025,0.8744099286175482,0.20943951023931953,-0.1378810125720277,0.1797689162843673,0.019985701118953102
102.98828291893005,0.03141592570366009,0.17802358037447025,0.8744099286175482,0.20943951023931953,-0.1378810125720277,0.1797689162843673,0.019985701118953102
102.98828291893005,0.03141592570366009,0.17802358037447025,0.8744099286175482,0.20943951023931953,-0.1378810125720277,0.1797689162843673,0.01990005142348292
102.98828291893005,0.03141592570366009,0.17802358037447025,0.8726646259971648,0.20943951023931953,-0.13962634015954636,0.1797689162843673,0.01990005142348292
103.98828291893005,0.03141592570366009,0.17802358037447025,0.8726646259971648,0.20943951023931953,-0.13962634015954636,0.1797689162843673,0.01990005142348292
103.98828291893005,0.03141592570366009,0.17802358037447025,0.8744099286175482,0.20943951023931953,-0.13962634015954636,0.1797689162843673,0.01990005142348292
103.98828291893005,0.03141592570366009,0.17802358037447025,0.8744099286175482,0.20943951023931953,-0.13962634015954636,0.1797689162843673,0.01990005142348292
103.98828291893005,0.03141592570366009,0.17802358037447025,0.8726646259971648,0.20943951023931953,-0.1378810125720277,0.1797689162843673,0.01990005142348292
103.98828291893005,0.03141592570366009,0.17802358037447025,0.8744099286175482,0.20943951023931953,-0.1378810125720277,0.1797689162843673,0.01990005142348292
103.98828291893005,0.03141592570366009,0.17802358037447025,0.8744099286175482,0.20943951023931953,-0.1378810125720277,0.1797689162843673,0.019942876059945876
103.98828291893005,0.03141592570366009,0.17802358037447025,0.8744099286175482,0.20943951023931953,-0.1378810125720277,0.1797689162843673,0.019942876059945876
103.98828291893005,0.03141592570366009,0.17802358037447025,0.8744099286175482,0.20943951023931953,-0.13962634015954636,0.1797689162843673,0.01990005142348292
103.98828291893005,0.03141592570366009,0.17802358037447025,0.8744099286175482,0.20943951023931953,-0.13962634015954636,0.1797689162843673,0.01990005142348292
103.98828291893005,0.03141592570366009,0.17802358037447025,0.8744099286175482,0.20943951023931953,-0.13962634015954636,0.1797689162843673,0.01990005142348292
104.98828291893005,0.03141592570366009,0.17802358037447025,0.8744099286175482,0.20943951023931953,-0.1378810125720277,0.1797689162843673,0.019942876059945876
104.98828291893005,0.03141592570366009,0.17802358037447025,0.8744099286175482,0.20943951023931953,-0.13962634015954636,0.1797689162843673,0.01990005142348292
104.98828291893005,0.03141592570366009,0.17802358037447025,0.8744099286175482,0.20943951023931953,-0.1378810125720277,0.1797689162843673,0.01990005142348292
104.98828291893005,0.03141592570366009,0.17802358037447025,0.8744099286175482,0.20943951023931953,-0.13962634015954636,0.1797689162843673,0.01990005142348292
104.98828291893005,0.03141592570366009,0.17802358037447025,0.8744099286175482,0.20943951023931953,-0.13962634015954636,0.1797689162843673,0.01990005142348292
104.98828291893005,0.03141592570366009,0.17802358037447025,0.8744099286175482,0.20943951023931953,-0.13962634015954636,0.1797689162843673,0.01990005142348292
104.98828291893005,0.03141592570366009,0.17802358037447025,0.8744099286175482,0.20943951023931953,-0.13962634015954636,0.1797689162843673,0.01990005142348292
104.98828291893005,0.03141592570366009,0.17802358037447025,0.8744099286175482,0.20943951023931953,-0.13962634015954636,0.1797689162843673,0.019942876059945876
104.98828291893005,0.03141592570366009,0.17802358037447025,0.8744099286175482,0.20943951023931953,-0.1378810125720277,0.1797689162843673,0.019942876059945876
104.98828291893005,0.03141592570366009,0.17802358037447025,0.8744099286175482,0.20943951023931953,-0.1378810125720277,0.1797689162843673,0.019942876059945876
105.98828291893005,0.03141592570366009,0.17802358037447025,0.8744099286175482,0.20943951023931953,-0.1378810125720277,0.1797689162843673,0.019942876059945876
105.98828291893005,0.03141592570366009,0.17802358037447025,0.8744099286175482,0.20943951023931953,-0.13962634015954636,0.1797689162843673,0.019942876059945876
105.98828291893005,0.03141592570366009,0.17802358037447025,0.8744099286175482,0.20943951023931953,-0.1378810125720277,0.1797689162843673,0.019942876059945876
105.98828291893005,0.03141592570366009,0.17802358037447025,0.8744099286175482,0.20943951023931953,-0.1378810125720277,0.1797689162843673,0.01990005142348292
105.98828291893005,0.03141592570366009,0.17627826110933004,0.8744099286175482,0.20943951023931953,-0.1378810125720277,0.1797689162843673,0.01990005142348292
105.98828291893005,0.03141592570366009,0.17627826110933004,0.8744099286175482,0.20943951023931953,-0.1378810125720277,0.1797689162843673,0.01990005142348292
105.98828291893005,0.03141592570366009,0.17802358037447025,0.8744099286175482,0.20943951023931953,-0.13962634015954636,0.1797689162843673,0.01990005142348292
105.98828291893005,0.03141592570366009,0.17802358037447025,0.8744099286175482,0.20943951023931953,-0.13962634015954636,0.1797689162843673,0.01990005142348292
105.98828291893005,0.03141592570366009,0.17802358037447025,0.8744099286175482,0.20943951023931953,-0.13962634015954636,0.1797689162843673,0.01990005142348292
105.98828291893005,0.03141592570366009,0.17802358037447025,0.8744099286175482,0.20943951023931953,-0.1378810125720277,0.1797689162843673,0.01990005142348292
106.98828291893005,0.03141592570366009,0.17802358037447025,0.8744099286175482,0.20943951023931953,-0.1378810125720277,0.1797689162843673,0.01990005142348292
106.98828291893005,0.03141592570366009,0.17802358037447025,0.8744099286175482,0.20943951023931953,-0.1378810125720277,0.1797689162843673,0.01990005142348292
106.98828291893005,0.03141592570366009,0.17802358037447025,0.8744099286175482,0.20943951023931953,-0.1378810125720277,0.1797689162843673,0.01990005142348292
106.98828291893005,0.03141592570366009,0.17802358037447025,0.8744099286175482,0.20943951023931953,-0.1378810125720277,0.1797689162843673,0.01990005142348292
106.98828291893005,0.03141592570366009,0.17802358037447025,0.8744099286175482,0.20943951023931953,-0.1378810125720277,0.1797689162843673,0.01990005142348292
106.98828291893005,0.03141592570366009,0.17802358037447025,0.8726646259971648,0.20943951023931953,-0.13962634015954636,0.1797689162843673,0.0061697837470794555
106.98828291893005,0.03141592570366009,0.17802358037447025,0.8744099286175482,0.20943951023931953,-0.1378810125720277,0.1797689162843673,0.0061697837470794555
106.98828291893005,0.03141592570366009,0.17802358037447025,0.8744099286175482,0.20943951023931953,-0.13962634015954636,0.1797689162843673,0.0061697837470794555
106.98828291893005,0.03141592570366009,0.17802358037447025,0.8744099286175482,0.20943951023931953,-0.13962634015954636,0.1797689162843673,0.019942876059945876
106.98828291893005,0.03141592570366009,0.17802358037447025,0.8726646259971648,0.20943951023931953,-0.13962634015954636,0.1797689162843673,0.019942876059945876
107.98828291893005,0.03141592570366009,0.17802358037447025,0.8744099286175482,0.20943951023931953,-0.13962634015954636,0.1797689162843673,0.019942876059945876
107.98828291893005,0.03141592570366009,0.17802358037447025,0.8744099286175482,0.20943951023931953,-0.1378810125720277,0.1797689162843673,0.019942876059945876
107.98828291893005,0.03141592570366009,0.17802358037447025,0.8744099286175482,0.20943951023931953,-0.1378810125720277,0.1797689162843673,0.019942876059945876
107.98828291893005,0.03141592570366009,0.17802358037447025,0.8744099286175482,0.20943951023931953,-0.13962634015954636,0.1797689162843673,0.019942876059945876
107.98828291893005,0.03141592570366009,0.17802358037447025,0.8744099286175482,0.20943951023931953,-0.13962634015954636,0.1797689162843673,0.019942876059945876
107.98828291893005,0.03141592570366009,0.17802358037447025,0.8726646259971648,0.20943951023931953,-0.1378810125720277,0.1797689162843673,0.019942876059945876
107.98828291893005,0.03141592570366009,0.17802358037447025,0.8726646259971648,0.20943951023931953,-0.1378810125720277,0.1797689162843673,0.019942876059945876
107.98828291893005,0.03141592570366009,0.17802358037447025,0.8726646259971648,0.20943951023931953,-0.13962634015954636,0.1797689162843673,0.01990005142348292
107.98828291893005,0.03141592570366009,0.17802358037447025,0.8744099286175482,0.20943951023931953,-0.1378810125720277,0.1797689162843673,0.01990005142348292
107.98828291893005,0.03141592570366009,0.17802358037447025,0.8726646259971648,0.20943951023931953,-0.13962634015954636,0.1797689162843673,0.019942876059945876
108.98828291893005,0.03141592570366009,0.17802358037447025,0.8744099286175482,0.20943951023931953,-0.1378810125720277,0.1797689162843673,0.019942876059945876
108.98828291893005,0.03141592570366009,0.17802358037447025,0.8744099286175482,0.20943951023931953,-0.1378810125720277,0.1797689162843673,0.019942876059945876
108.98828291893005,0.03141592570366009,0.17802358037447025,0.8744099286175482,0.20943951023931953,-0.1378810125720277,0.1797689162843673,0.019942876059945876
108.98828291893005,0.03141592570366009,0.17802358037447025,0.8744099286175482,0.20943951023931953,-0.1378810125720277,0.1797689162843673,0.019942876059945876
108.98828291893005,0.03141592570366009,0.17802358037447025,0.8744099286175482,0.20943951023931953,-0.13962634015954636,0.1797689162843673,0.019942876059945876
108.98828291893005,0.03141592570366009,0.17802358037447025,0.8744099286175482,0.20943951023931953,-0.1378810125720277,0.1797689162843673,0.013720869236237599
108.98828291893005,0.03141592570366009,0.17802358037447025,0.8744099286175482,0.20943951023931953,-0.13962634015954636,0.1797689162843673,0.019942876059945876
108.98828291893005,0.03141592570366009,0.17802358037447025,0.8744099286175482,0.20943951023931953,-0.13962634015954636,0.1797689162843673,0.019942876059945876
108.98828291893005,0.03141592570366009,0.17802358037447025,0.8744099286175482,0.20943951023931953,-0.13962634015954636,0.1797689162843673,0.019942876059945876
108.98828291893005,0.03141592570366009,0.17802358037447025,0.8744099286175482,0.20943951023931953,-0.1378810125720277,0.1797689162843673,0.019942876059945876
109.98828291893005,0.03141592570366009,0.17802358037447025,0.8744099286175482,0.20943951023931953,-0.1378810125720277,0.1797689162843673,0.019942876059945876
109.98828291893005,0.03141592570366009,0.17802358037447025,0.8744099286175482,0.20943951023931953,-0.1378810125720277,0.1797689162843673,0.019942876059945876
109.98828291893005,0.03141592570366009,0.17802358037447025,0.8726646259971648,0.20943951023931953,-0.1378810125720277,0.1797689162843673,0.019942876059945876
109.98828291893005,0.03141592570366009,0.17802358037447025,0.8726646259971648,0.20943951023931953,-0.1378810125720277,0.1797689162843673,0.019942876059945876
109.98828291893005,0.03141592570366009,0.17802358037447025,0.8744099286175482,0.20943951023931953,-0.13962634015954636,0.1797689162843673,0.019942876059945876
109.98828291893005,0.03141592570366009,0.17802358037447025,0.8744099286175482,0.20943951023931953,-0.13962634015954636,0.1797689162843673,0.019942876059945876
109.98828291893005,0.03141592570366009,0.17802358037447025,0.8709193233767814,0.20769417432942244,-0.1378810125720277,0.1797689162843673,0.019942876059945876
109.98828291893005,0.03141592570366009,0.17802358037447025,0.8709193233767814,0.20769417432942244,-0.1378810125720277,0.1797689162843673,0.019942876059945876
109.98828291893005,0.03141592570366009,0.17802358037447025,0.8709193233767814,0.20769417432942244,-0.1378810125720277,0.1797689162843673,0.019942876059945876
109.98828291893005,0.05235987755982988,0.202458199889245,0.8447393845968664,0.17802358037447025,-0.1378810125720277,0.1797689162843673,0.019942876059945876
110.98828291893005,0.09948376403472542,0.28448865475927027,0.7644541990577108,0.09773843644720677,-0.03490658503988659,0.08203047151478213,0.019942876059945876
110.98828291893005,0.09948376403472542,0.28448865475927027,0.7644541990577108,0.09773843644720677,-0.03490658503988659,0.08203047151478213,0.019942876059945876
110.98828291893005,0.09773843644720677,0.3141592653589793,0.7347835884580018,0.06806784249225453,-0.005235987964042449,0.08203047151478213,0.019942876059945876
110.98828291893005,0.09773843644720677,0.3141592653589793,0.7347835884580018,0.06806784249225453,-0.005235987964042449,0.08203047151478213,0.019942876059945876
110.98828291893005,0.09773843644720677,0.3979350561389017,0.6527531668774902,-0.012217304555900846,0.07330382525481047,-0.017453292519943295,0.01990005142348292
110.98828291893005,0.09773843644720677,0.3979350561389017,0.6527531668774902,-0.012217304555900846,0.07330382525481047,-0.017453292519943295,0.01990005142348292
110.98828291893005,0.09948376403472542,0.4241149949188166,0.6213371870783704,-0.03839724437611309,0.09948376403472542,-0.05410520514734854,0.019942876059945876
110.98828291893005,0.09948376403472542,0.4241149949188166,0.6213371870783704,-0.03839724437611309,0.09948376403472542,-0.05410520514734854,0.019942876059945876
110.98828291893005,0.09948376403472542,0.4241149949188166,0.6213371870783704,-0.03839724437611309,0.09948376403472542,-0.05410520514734854,0.019942876059945876
110.98828291893005,0.09773843644720677,0.45204026960862864,0.5899212738582779,-0.06457718315602803,0.09948376403472542,-0.05410520514734854,0.019942876059945876
111.98828291893005,0.10297442753214112,0.5218534396884018,0.5061454830783556,-0.13613568498450906,0.1850049073693017,-0.10995574620459413,0.019942876059945876
111.98828291893005,0.10297442753214112,0.5218534396884018,0.5061454830783556,-0.13613568498450906,0.1850049073693017,-0.10995574620459413,0.019942876059945876
111.98828291893005,0.10297442753214112,0.5218534396884018,0.5061454830783556,-0.13613568498450906,0.1850049073693017,-0.10995574620459413,0.019942876059945876
111.98828291893005,0.10297442753214112,0.5218534396884018,0.4223696922984332,-0.134390349074612,0.24434609527920614,-0.11170107379211278,0.019942876059945876
111.98828291893005,0.10297442753214112,0.5218534396884018,0.4223696922984332,-0.134390349074612,0.24434609527920614,-0.11170107379211278,0.019942876059945876
111.98828291893005,0.10297442753214112,0.5218534396884018,0.4223696922984332,-0.134390349074612,0.24434609527920614,-0.11170107379211278,0.019942876059945876
111.98828291893005,0.10297442753214112,0.5218534396884018,0.4223696922984332,-0.134390349074612,0.24434609527920614,-0.11170107379211278,0.019942876059945876
111.98828291893005,0.10297442753214112,0.5218534396884018,0.4223696922984332,-0.134390349074612,0.24434609527920614,-0.11170107379211278,0.019942876059945876
111.98828291893005,0.10471975511965977,0.5218534396884018,0.3577924966588375,-0.134390349074612,0.24434609527920614,-0.11170107379211278,0.019942876059945876
111.98828291893005,0.10471975511965977,0.6946410289779377,0.24958208636414048,-0.13613568498450906,0.28448865475927027,-0.10995574620459413,0.01990005142348292
112.98828291893005,0.10471975511965977,0.712094321497881,0.22340214758422555,-0.13613568498450906,0.28448865475927027,-0.10995574620459413,0.01990005142348292
112.98828291893005,0.10471975511965977,0.7278023113974409,0.19547687289441354,-0.13613568498450906,0.28448865475927027,-0.11170107379211278,0.01990005142348292
112.98828291893005,0.10471975511965977,0.7417649320975901,0.1658062789394613,-0.134390349074612,0.28448865475927027,-0.10995574620459413,0.01990005142348292
112.98828291893005,0.10471975511965977,0.7696901734978885,0.13264502148709337,-0.13613568498450906,0.28448865475927027,-0.10995574620459413,0.01990005142348292
112.98828291893005,0.10471975511965977,0.7696901734978885,0.13264502148709337,-0.13613568498450906,0.28448865475927027,-0.10995574620459413,0.01990005142348292
112.98828291893005,0.10471975511965977,0.77841681975786,0.10821041029469708,-0.13613568498450906,0.28448865475927027,-0.10995574620459413,0.01990005142348292
112.98828291893005,0.10471975511965977,0.8045967585377749,0.08028514392726348,-0.13613568498450906,0.28448865475927027,-0.10995574620459413,0.01990005142348292
112.98828291893005,0.10471975511965977,0.8115781021773631,0.05235987755982988,-0.13613568498450906,0.2862339906691673,-0.10995574620459413,0.01990005142348292
112.98828291893005,0.10471975511965977,0.8290313946973066,0.020943951856169797,-0.13613568498450906,0.28448865475927027,-0.10995574620459413,0.01990005142348292
112.98828291893005,0.10471975511965977,0.849975359037044,-0.0069813171120070485,-0.134390349074612,0.28448865475927027,-0.11170107379211278,0.01990005142348292
113.98828291893005,0.10471975511965977,0.8656832823575766,-0.03490658503988659,-0.13613568498450906,0.28448865475927027,-0.11170107379211278,0.01990005142348292
113.98828291893005,0.10471975511965977,0.886627246697314,-0.06283185140732019,-0.13613568498450906,0.28448865475927027,-0.10995574620459413,0.01990005142348292
113.98828291893005,0.10471975511965977,0.9040805392172573,-0.09250245368465083,-0.13613568498450906,0.28448865475927027,-0.11170107379211278,0.01990005142348292
113.98828291893005,0.10471975511965977,0.9215338317372005,-0.12217304763960307,-0.13613568498450906,0.28448865475927027,-0.10995574620459413,0.01990005142348292
113.98828291893005,0.10471975511965977,0.9215338317372005,-0.12217304763960307,-0.13613568498450906,0.28448865475927027,-0.10995574620459413,0.01990005142348292
113.98828291893005,0.10471975511965977,0.9407324934565545,-0.1518436415945553,-0.13613568498450906,0.28448865475927027,-0.10995574620459413,0.01990005142348292
113.98828291893005,0.10471975511965977,0.9546951141567037,-0.1797689162843673,-0.13613568498450906,0.28448865475927027,-0.10995574620459413,0.01990005142348292
113.98828291893005,0.10471975511965977,0.9756390784964412,-0.20943951023931953,-0.13613568498450906,0.28448865475927027,-0.11170107379211278,0.01990005142348292
113.98828291893005,0.10471975511965977,0.9913470018169738,-0.23911010419427178,-0.13613568498450906,0.28448865475927027,-0.10995574620459413,0.01990005142348292
113.98828291893005,0.10471975511965977,1.0105456635363277,-0.26878069814922395,-0.13613568498450906,0.28448865475927027,-0.10995574620459413,0.01990005142348292
114.98828291893005,0.10471975511965977,1.027998956056271,-0.29670597283903605,-0.134390349074612,0.28448865475927027,-0.10995574620459413,0.01990005142348292
114.98828291893005,0.10471975511965977,1.0454522485762143,-0.3263765834387451,-0.13613568498450906,0.28448865475927027,-0.10995574620459413,0.01990005142348292
114.98828291893005,0.10471975511965977,1.0663961463369245,-0.3560471607489405,-0.13613568498450906,0.28448865475927027,-0.10995574620459413,0.01990005142348292
114.98828291893005,0.10471975511965977,1.0838494388568676,-0.3839724354387525,-0.134390349074612,0.28448865475927027,-0.10995574620459413,0.01990005142348292
114.98828291893005,0.10471975511965977,1.0838494388568676,-0.3839724354387525,-0.134390349074612,0.28448865475927027,-0.10995574620459413,0.01990005142348292
114.98828291893005,0.10471975511965977,1.1013027313768111,-0.41189771012856446,-0.13613568498450906,0.28448865475927027,-0.10995574620459413,0.01990005142348292
114.98828291893005,0.10471975511965977,1.1187560238967542,-0.4415682874387599,-0.13613568498450906,0.28448865475927027,-0.10995574620459413,0.01990005142348292
114.98828291893005,0.10471975511965977,1.1344640137963142,-0.47123889803846897,-0.13613568498450906,0.28448865475927027,-0.10995574620459413,0.01990005142348292
114.98828291893005,0.10471975511965977,1.1484267010754905,-0.49916417272828095,-0.13613568498450906,0.28448865475927027,-0.11170107379211278,0.01990005142348292
114.98828291893005,0.10471975511965977,1.1571533473354623,-0.5235987755982988,-0.13613568498450906,0.2862339906691673,-0.10995574620459413,0.01990005142348292
115.98828291893005,0.10471975511965977,1.164134557816996,-0.5462880425584197,-0.13613568498450906,0.28972466248896145,-0.11170107379211278,0.01990005142348292
115.98828291893005,0.10471975511965977,1.1711159014565842,-0.5794493249779229,-0.13613568498450906,0.32288591161895097,-0.11170107379211278,0.01990005142348292
115.98828291893005,0.10471975511965977,1.1780972450961724,-0.6056292637578378,-0.13613568498450906,0.3577924966588375,-0.11170107379211278,0.01990005142348292
115.98828291893005,0.10646508270717842,1.1798425477165557,-0.6335545051581362,-0.13613568498450906,0.40666170239887334,-0.11170107379211278,0.01990005142348292
115.98828291893005,0.10646508270717842,1.1798425477165557,-0.6335545051581362,-0.13613568498450906,0.40666170239887334,-0.11170107379211278,0.01990005142348292
115.98828291893005,0.10646508270717842,1.1798425477165557,-0.6632251157578452,-0.13613568498450906,0.47647487247864656,-0.11170107379211278,0.01990005142348292
115.98828291893005,0.10471975511965977,1.1815878503369392,-0.6946410289779377,-0.1378810125720277,0.5427974040281393,-0.11170107379211278,0.01990005142348292
115.98828291893005,0.10471975511965977,1.1815878503369392,-0.7225663369572632,-0.13613568498450906,0.6178465818376035,-0.11170107379211278,0.01990005142348292
115.98828291893005,0.10646508270717842,1.1850785887357607,-0.7504915783575616,-0.1378810125720277,0.6352998743575469,-0.11170107379211278,0.01990005142348292
115.98828291893005,0.10471975511965977,1.1885691939765275,-0.7766715171374767,-0.1378810125720277,0.6387904795983137,-0.11170107379211278,0.01990005142348292
116.98828291893005,0.10471975511965977,1.1920599323753487,-0.8028514559173915,-0.13962634015954636,0.6457718232379019,-0.11170107379211278,0.01990005142348292
116.98828291893005,0.10471975511965977,1.1920599323753487,-0.8028514559173915,-0.13962634015954636,0.6457718232379019,-0.11170107379211278,0.01990005142348292
116.98828291893005,0.10471975511965977,1.1955505376161157,-0.8290313946973066,-0.13613568498450906,0.656243772118257,-0.11170107379211278,0.019942876059945876
116.98828291893005,0.10122909994462247,1.1972958402364993,-0.8813912722571364,-0.1378810125720277,0.656243772118257,-0.008726646259971648,0.019942876059945876
116.98828291893005,0.10122909994462247,1.1972958402364993,-0.9110618828568454,-0.1378810125720277,0.656243772118257,-0.12915436631205607,0.019942876059945876
116.98828291893005,0.10122909994462247,1.1972958402364993,-0.9110618828568454,-0.1378810125720277,0.656243772118257,-0.12915436631205607,0.019942876059945876
116.98828291893005,0.10122909994462247,1.1972958402364993,-0.9424777960769379,-0.1378810125720277,0.656243772118257,-0.1308996938995747,0.019942876059945876
116.98828291893005,0.10122909994462247,1.1972958402364993,-0.9686577348568529,-0.134390349074612,0.656243772118257,-0.13613568498450906,0.019942876059945876
116.98828291893005,0.10122909994462247,1.1972958402364993,-0.9686577348568529,-0.134390349074612,0.656243772118257,-0.13613568498450906,0.019942876059945876
116.98828291893005,0.10122909994462247,1.1972958402364993,-0.9965829762571513,-0.1378810125720277,0.656243772118257,-0.13613568498450906,0.019942876059945876
117.98828291893005,0.10122909994462247,1.1972958402364993,-0.9965829762571513,-0.1378810125720277,0.656243772118257,-0.13613568498450906,0.019942876059945876
117.98828291893005,0.10122909994462247,1.1972958402364993,-1.0786134644166903,-0.13613568498450906,0.6579891413176676,-0.15358897750445236,0.0061978536166500085
117.98828291893005,0.10122909994462247,1.1972958402364993,-1.0786134644166903,-0.13613568498450906,0.6579891413176676,-0.15358897750445236,0.0061978536166500085
117.98828291893005,0.10122909994462247,1.1972958402364993,-1.1344640137963142,-0.1378810125720277,0.656243772118257,-0.16057028785452696,0.019942876059945876
117.98828291893005,0.10122909994462247,1.1972958402364993,-1.1344640137963142,-0.1378810125720277,0.656243772118257,-0.16057028785452696,0.019942876059945876
117.98828291893005,0.10122909994462247,1.1972958402364993,-1.1885691939765275,-0.13613568498450906,0.656243772118257,-0.16057028785452696,0.019942876059945876
117.98828291893005,0.10122909994462247,1.1972958402364993,-1.2199851737756473,-0.1378810125720277,0.656243772118257,-0.16057028785452696,0.019942876059945876
117.98828291893005,0.10122909994462247,1.1972958402364993,-1.2461651125555622,-0.1378810125720277,0.656243772118257,-0.15882496858938674,0.019942876059945876
117.98828291893005,0.10122909994462247,1.1972958402364993,-1.2740903539558606,-0.13962634015954636,0.656243772118257,-0.16057028785452696,0.019942876059945876
117.98828291893005,0.10646508270717842,1.1972958402364993,-1.2880530412350368,-0.15009832232941506,0.6510077976780795,-0.16755161484935838,0.019942876059945876
118.98828291893005,0.10646508270717842,1.1972958402364993,-1.2880530412350368,-0.15009832232941506,0.6510077976780795,-0.16755161484935838,0.019942876059945876
118.98828291893005,0.10646508270717842,1.1972958402364993,-1.2880530412350368,-0.15009832232941506,0.6510077976780795,-0.16755161484935838,0.019942876059945876
118.98828291893005,0.11693705655466871,1.1746066398554056,-1.2566370614359172,-0.17802358037447025,0.6213371870783704,-0.16755161484935838,0.019942876059945876
118.98828291893005,0.11693705655466871,1.1746066398554056,-1.2566370614359172,-0.17802358037447025,0.6213371870783704,-0.16755161484935838,0.019942876059945876
118.98828291893005,0.11693705655466871,1.09432145431625,-1.1728612040769675,-0.25481807744907486,0.5445427399380363,-0.26529004297418673,0.019942876059945876
118.98828291893005,0.12217304763960307,1.0629055410961576,-1.1414453574359023,-0.28274335213888685,0.5131267934284302,-0.2914699983988585,0.019942876059945876
118.98828291893005,0.12042772005208441,1.0332349304964485,-1.1117747468361934,-0.29496063692913893,0.48520151873861816,-0.3159046012688764,0.019942876059945876
118.98828291893005,0.12217304763960307,1.005309622517123,-1.0821041362364843,-0.29321530101924187,0.4572762773383198,-0.3385938682289972,0.019942876059945876
118.98828291893005,0.12217304763960307,0.9773843811168246,-1.0524335256367752,-0.29496063692913893,0.4276056667386107,-0.34382987595868836,0.019942876059945876
118.98828291893005,0.12042772005208441,0.9477137705171155,-1.0210176124166828,-0.29670597283903605,0.40142572795869574,-0.3455751785790718,0.019942876059945876
119.98828291893005,0.12217304763960307,0.9197885291168171,-0.9913470018169738,-0.29670597283903605,0.37175511735898675,-0.3455751785790718,0.019942876059945876
119.98828291893005,0.12217304763960307,0.890117918517108,-0.9616763912172647,-0.29496063692913893,0.3682644788287062,-0.3455751785790718,0.019942876059945876
119.98828291893005,0.12217304763960307,0.890117918517108,-0.9616763912172647,-0.29496063692913893,0.3682644788287062,-0.3455751785790718,0.019942876059945876
119.98828291893005,0.12042772005208441,0.860447307917399,-0.9285151753767887,-0.29321530101924187,0.3665191429188092,-0.3455751785790718,0.019942876059945876
119.98828291893005,0.12217304763960307,0.8552113334772214,-0.8988445647770796,-0.2984513087489331,0.3647738070089121,-0.3455751785790718,0.019942876059945876
119.98828291893005,0.12217304763960307,0.8552113334772214,-0.8656832823575766,-0.29670597283903605,0.3665191429188092,-0.3455751785790718,0.019942876059945876
119.98828291893005,0.12042772005208441,0.8552113334772214,-0.8377580409572781,-0.29670597283903605,0.3647738070089121,-0.3455751785790718,0.019942876059945876
119.98828291893005,0.12217304763960307,0.8552113334772214,-0.8080874303575691,-0.29496063692913893,0.3665191429188092,-0.3455751785790718,0.019942876059945876
119.98828291893005,0.12042772005208441,0.8552113334772214,-0.77841681975786,-0.2984513087489331,0.3647738070089121,-0.3455751785790718,0.019942876059945876
119.98828291893005,0.12217304763960307,0.8552113334772214,-0.7470009065377676,-0.2984513087489331,0.3665191429188092,-0.3455751785790718,0.019942876059945876
120.98828291893005,0.12217304763960307,0.8552113334772214,-0.7173302959380586,-0.2984513087489331,0.3665191429188092,-0.3455751785790718,0.019942876059945876
120.98828291893005,0.12217304763960307,0.8552113334772214,-0.6876597519173767,-0.2984513087489331,0.3665191429188092,-0.3455751785790718,0.019942876059945876
120.98828291893005,0.12217304763960307,0.8552113334772214,-0.6876597519173767,-0.2984513087489331,0.3665191429188092,-0.3455751785790718,0.019942876059945876
120.98828291893005,0.12217304763960307,0.8552113334772214,-0.656243772118257,-0.29496063692913893,0.3665191429188092,-0.3455751785790718,0.019942876059945876
120.98828291893005,0.12217304763960307,0.8552113334772214,-0.656243772118257,-0.29496063692913893,0.3665191429188092,-0.3455751785790718,0.019942876059945876
120.98828291893005,0.12217304763960307,0.8552113334772214,-0.656243772118257,-0.29496063692913893,0.3665191429188092,-0.3455751785790718,0.019942876059945876
120.98828291893005,0.12740903872453743,0.849975359037044,-0.6265732280975752,-0.3141592653589793,0.3665191429188092,-0.3455751785790718,0.019942876059945876
120.98828291893005,0.16057028785452696,0.7661995682571215,-0.5462880425584197,-0.39444441760862115,0.27227136996901813,-0.4328416411787883,0.019942876059945876
120.98828291893005,0.1553342967695926,0.7365289576574124,-0.5201081037785047,-0.4241149949188166,0.24434609527920614,-0.45902157995870324,0.019942876059945876
120.98828291893005,0.15358897750445236,0.7068583470577035,-0.49218286237820635,-0.45204026960862864,0.21991149240918828,-0.48345621611823475,0.019942876059945876
121.98828291893005,0.1553342967695926,0.6771877364579943,-0.46076691586860025,-0.4799655442984406,0.19198621771937624,-0.5078908189882526,0.019942876059945876
121.98828291893005,0.1553342967695926,0.6492624950576961,-0.4328416411787883,-0.5113814575185331,0.16231562376442402,-0.5323254218582705,0.019942876059945876
121.98828291893005,0.1553342967695926,0.6230825562777811,-0.40491639977848987,-0.5410520681182421,0.16231562376442402,-0.5567600247282883,0.019942876059945876
121.98828291893005,0.1553342967695926,0.5934119456780721,-0.37699112508867794,-0.5672320068981571,0.16231562376442402,-0.5811946275983063,0.019942876059945876
121.98828291893005,0.1553342967695926,0.5934119456780721,-0.37699112508867794,-0.5672320068981571,0.16231562376442402,-0.5811946275983063,0.019942876059945876
121.98828291893005,0.1553342967695926,0.563741335078363,-0.34732051448896883,-0.5969026174978662,0.16231562376442402,-0.6056292637578378,0.019942876059945876
121.98828291893005,0.1553342967695926,0.563741335078363,-0.34732051448896883,-0.5969026174978662,0.16231562376442402,-0.6056292637578378,0.019942876059945876
121.98828291893005,0.1553342967695926,0.563741335078363,-0.34732051448896883,-0.5969026174978662,0.16231562376442402,-0.6056292637578378,0.019942876059945876
121.98828291893005,0.1553342967695926,0.563741335078363,-0.34732051448896883,-0.5969026174978662,0.16231562376442402,-0.6056292637578378,0.019942876059945876
121.98828291893005,0.1553342967695926,0.563741335078363,-0.26878069814922395,-0.6771877364579943,0.16406094302956423,-0.6056292637578378,0.019942876059945876
122.98828291893005,0.1553342967695926,0.563741335078363,-0.26878069814922395,-0.6771877364579943,0.16406094302956423,-0.6056292637578378,0.019942876059945876
122.98828291893005,0.1553342967695926,0.41015237421866746,-0.18849556254433897,-0.7592182246175333,0.16231562376442402,-0.6719517620178169,0.019942876059945876
122.98828291893005,0.1553342967695926,0.40666170239887334,-0.15882496858938674,-0.7871434660178317,0.16057028785452696,-0.6771877364579943,0.0061978536166500085
122.98828291893005,0.1553342967695926,0.40666170239887334,-0.15882496858938674,-0.7871434660178317,0.16057028785452696,-0.6771877364579943,0.0061978536166500085
122.98828291893005,0.1553342967695926,0.40666170239887334,-0.15882496858938674,-0.8395033435776615,0.16057028785452696,-0.6859143827179661,0.019942876059945876
122.98828291893005,0.1553342967695926,0.40666170239887334,-0.07853981633974483,-0.8709193233767814,0.16057028785452696,-0.6876597519173767,0.019942876059945876
122.98828291893005,0.1553342967695926,0.40666170239887334,-0.04537855888737689,-0.8988445647770796,0.16057028785452696,-0.6928957263575543,0.019942876059945876
122.98828291893005,0.1553342967695926,0.40666170239887334,-0.04537855888737689,-0.8988445647770796,0.16057028785452696,-0.6928957263575543,0.019942876059945876
122.98828291893005,0.1553342967695926,0.40666170239887334,-0.04537855888737689,-0.8988445647770796,0.16057028785452696,-0.6928957263575543,0.019942876059945876
122.98828291893005,0.15358897750445236,0.40666170239887334,-0.04537855888737689,-0.9529497449572931,0.16057028785452696,0.16057028785452696,0.019942876059945876
123.98828291893005,0.15358897750445236,0.40666170239887334,-0.04537855888737689,-0.9529497449572931,0.16057028785452696,0.16057028785452696,0.019942876059945876
123.98828291893005,0.15358897750445236,0.40666170239887334,0.08028514392726348,-0.9756390784964412,0.16057028785452696,-0.7103490188774976,0.019942876059945876
123.98828291893005,0.1553342967695926,0.40666170239887334,0.10297442753214112,-0.9773843811168246,0.15707963267948966,-0.7138396906972916,0.019942876059945876
123.98828291893005,0.1553342967695926,0.40666170239887334,0.10297442753214112,-0.9773843811168246,0.15707963267948966,-0.7138396906972916,0.019942876059945876
123.98828291893005,0.1553342967695926,0.40666170239887334,0.12740903872453743,-0.9756390784964412,0.15882496858938674,-0.7173302959380586,0.019942876059945876
123.98828291893005,0.1553342967695926,0.40666170239887334,0.12740903872453743,-0.9756390784964412,0.15882496858938674,-0.7173302959380586,0.019942876059945876
123.98828291893005,0.1553342967695926,0.40666170239887334,0.17278758928953586,-0.9773843811168246,0.15882496858938674,-0.7225663369572632,0.019942876059945876
123.98828291893005,0.1553342967695926,0.40666170239887334,0.19547687289441354,-0.9773843811168246,0.15882496858938674,-0.7260569421980302,0.019942876059945876
123.98828291893005,0.1553342967695926,0.40666170239887334,0.21991149240918828,-0.9773843811168246,0.15707963267948966,-0.7260569421980302,0.019942876059945876
123.98828291893005,0.1553342967695926,0.40666170239887334,0.21991149240918828,-0.9773843811168246,0.15707963267948966,-0.7260569421980302,0.019942876059945876
124.98828291893005,0.1553342967695926,0.40666170239887334,0.21991149240918828,-0.9773843811168246,0.15707963267948966,-0.7260569421980302,0.019942876059945876
124.98828291893005,0.1553342967695926,0.40666170239887334,0.26529004297418673,-0.9773843811168246,0.1553342967695926,-0.7260569421980302,0.019942876059945876
124.98828291893005,0.1553342967695926,0.40666170239887334,0.26529004297418673,-0.9773843811168246,0.1553342967695926,-0.7260569421980302,0.019942876059945876
124.98828291893005,0.1553342967695926,0.40666170239887334,0.3333578937888197,-0.9773843811168246,0.1553342967695926,-0.7260569421980302,0.019942876059945876
124.98828291893005,0.1553342967695926,0.40666170239887334,0.3560471607489405,-0.9773843811168246,0.15882496858938674,-0.7260569421980302,0.019942876059945876
124.98828291893005,0.1553342967695926,0.40666170239887334,0.3822270995288554,-0.9773843811168246,0.15882496858938674,-0.7260569421980302,0.019942876059945876
124.98828291893005,0.1553342967695926,0.40666170239887334,0.40491639977848987,-0.9773843811168246,0.15882496858938674,-0.7260569421980302,0.019942876059945876
124.98828291893005,0.1553342967695926,0.40666170239887334,0.40491639977848987,-0.9773843811168246,0.15882496858938674,-0.7260569421980302,0.019942876059945876
124.98828291893005,0.1553342967695926,0.40666170239887334,0.4310963385584048,-0.9756390784964412,0.15882496858938674,-0.7260569421980302,0.019942876059945876
124.98828291893005,0.1553342967695926,0.40666170239887334,0.4310963385584048,-0.9756390784964412,0.15882496858938674,-0.7260569421980302,0.019942876059945876
125.98828291893005,0.1553342967695926,0.40666170239887334,0.4310963385584048,-0.9756390784964412,0.15882496858938674,-0.7260569421980302,0.019942876059945876
125.98828291893005,0.1553342967695926,0.40666170239887334,0.4956735009084869,-0.9773843811168246,0.15882496858938674,-0.7260569421980302,0.019942876059945876
125.98828291893005,0.1553342967695926,0.40666170239887334,0.5183628011581213,-0.9773843811168246,0.15882496858938674,-0.7260569421980302,0.019942876059945876
125.98828291893005,0.1553342967695926,0.40666170239887334,0.5445427399380363,-0.9773843811168246,0.15882496858938674,-0.7260569421980302,0.019942876059945876
125.98828291893005,0.1553342967695926,0.40666170239887334,0.5445427399380363,-0.9773843811168246,0.15882496858938674,-0.7260569421980302,0.019942876059945876
125.98828291893005,0.1553342967695926,0.40666170239887334,0.5602506632585689,-0.9773843811168246,0.15707963267948966,-0.7260569421980302,0.019942876059945876
125.98828291893005,0.1553342967695926,0.40666170239887334,0.5585053606381855,-0.9773843811168246,0.15882496858938674,-0.7260569421980302,0.019942876059945876
125.98828291893005,0.1553342967695926,0.40666170239887334,0.5602506632585689,-0.9773843811168246,0.15707963267948966,-0.7260569421980302,0.019942876059945876
125.98828291893005,0.1553342967695926,0.40666170239887334,0.5585053606381855,-0.9773843811168246,0.15707963267948966,-0.7260569421980302,0.019942876059945876
125.98828291893005,0.1553342967695926,0.40666170239887334,0.5602506632585689,-0.9773843811168246,0.15707963267948966,-0.7260569421980302,0.019942876059945876
126.98828291893005,0.1553342967695926,0.40666170239887334,0.5602506632585689,-0.9773843811168246,0.15707963267948966,-0.7260569421980302,0.019942876059945876
126.98828291893005,0.1553342967695926,0.40666170239887334,0.5602506632585689,-0.9773843811168246,0.15707963267948966,-0.7260569421980302,0.019942876059945876
126.98828291893005,0.1553342967695926,0.40666170239887334,0.5585053606381855,-0.9773843811168246,0.15707963267948966,-0.7260569421980302,0.019942876059945876
126.98828291893005,0.1553342967695926,0.40666170239887334,0.5585053606381855,-0.9773843811168246,0.15707963267948966,-0.7260569421980302,0.019942876059945876
126.98828291893005,0.1553342967695926,0.40666170239887334,0.5585053606381855,-0.9773843811168246,0.15707963267948966,-0.7260569421980302,0.019942876059945876
126.98828291893005,0.1553342967695926,0.40666170239887334,0.5585053606381855,-0.9773843811168246,0.15707963267948966,-0.7260569421980302,0.019942876059945876
126.98828291893005,0.1553342967695926,0.40666170239887334,0.5585053606381855,-0.9773843811168246,0.15707963267948966,-0.7260569421980302,0.019942876059945876
126.98828291893005,0.1553342967695926,0.40666170239887334,0.5585053606381855,-0.9773843811168246,0.15707963267948966,-0.7260569421980302,0.019942876059945876
126.98828291893005,0.1553342967695926,0.40666170239887334,0.5585053606381855,-0.9773843811168246,0.15707963267948966,-0.7260569421980302,0.019942876059945876
126.98828291893005,0.1553342967695926,0.40666170239887334,0.5602506632585689,-0.9773843811168246,0.15707963267948966,-0.7260569421980302,0.019942876059945876
127.98828291893005,0.1553342967695926,0.40666170239887334,0.5602506632585689,-0.9773843811168246,0.15707963267948966,-0.7260569421980302,0.019942876059945876
127.98828291893005,0.1553342967695926,0.40666170239887334,0.5602506632585689,-0.9773843811168246,0.15707963267948966,-0.7260569421980302,0.019942876059945876
127.98828291893005,0.1553342967695926,0.40666170239887334,0.5602506632585689,-0.9773843811168246,0.15707963267948966,-0.7260569421980302,0.019942876059945876
127.98828291893005,0.1553342967695926,0.40666170239887334,0.5602506632585689,-0.9773843811168246,0.15707963267948966,-0.7260569421980302,0.019942876059945876
127.98828291893005,0.1553342967695926,0.40666170239887334,0.5585053606381855,-0.9773843811168246,0.15707963267948966,-0.7260569421980302,0.019942876059945876
127.98828291893005,0.1553342967695926,0.40666170239887334,0.5602506632585689,-0.9773843811168246,0.15707963267948966,-0.7260569421980302,0.019942876059945876
127.98828291893005,0.1553342967695926,0.40666170239887334,0.5602506632585689,-0.9773843811168246,0.15707963267948966,-0.7260569421980302,0.019942876059945876
127.98828291893005,0.1553342967695926,0.40666170239887334,0.5585053606381855,-0.9773843811168246,0.15707963267948966,-0.7260569421980302,0.019942876059945876
127.98828291893005,0.1553342967695926,0.40666170239887334,0.5585053606381855,-0.9773843811168246,0.15707963267948966,-0.7260569421980302,0.019942876059945876
127.98828291893005,0.1553342967695926,0.40666170239887334,0.5585053606381855,-0.9773843811168246,0.15707963267948966,-0.7260569421980302,0.019942876059945876
128.98828291893005,0.1553342967695926,0.40666170239887334,0.5585053606381855,-0.9773843811168246,0.15707963267948966,-0.7260569421980302,0.019942876059945876
128.98828291893005,0.1553342967695926,0.40666170239887334,0.5585053606381855,-0.9773843811168246,0.15707963267948966,-0.7260569421980302,0.019942876059945876
128.98828291893005,0.1553342967695926,0.40666170239887334,0.5585053606381855,-0.9773843811168246,0.15707963267948966,-0.7260569421980302,0.019942876059945876
128.98828291893005,0.1553342967695926,0.40666170239887334,0.5585053606381855,-0.9773843811168246,0.15707963267948966,-0.7260569421980302,0.019942876059945876
128.98828291893005,0.1553342967695926,0.40666170239887334,0.5585053606381855,-0.9773843811168246,0.15707963267948966,-0.7260569421980302,0.019942876059945876
128.98828291893005,0.1553342967695926,0.40666170239887334,0.5585053606381855,-0.9773843811168246,0.15707963267948966,-0.7260569421980302,0.019942876059945876
128.98828291893005,0.1553342967695926,0.40666170239887334,0.5585053606381855,-0.9773843811168246,0.15707963267948966,-0.7260569421980302,0.019942876059945876
128.98828291893005,0.1553342967695926,0.40666170239887334,0.5602506632585689,-0.9773843811168246,0.15707963267948966,-0.7260569421980302,0.019942876059945876
128.98828291893005,0.1553342967695926,0.40491639977848987,0.5602506632585689,-0.9773843811168246,0.15707963267948966,-0.7260569421980302,0.019942876059945876
128.98828291893005,0.1553342967695926,0.40666170239887334,0.5602506632585689,-0.9773843811168246,0.15707963267948966,-0.7260569421980302,0.019942876059945876
129.98828291893005,0.1553342967695926,0.40666170239887334,0.5602506632585689,-0.9773843811168246,0.15707963267948966,-0.7260569421980302,0.019942876059945876
129.98828291893005,0.1553342967695926,0.40666170239887334,0.5602506632585689,-0.9773843811168246,0.15707963267948966,-0.7260569421980302,0.019942876059945876
129.98828291893005,0.1553342967695926,0.40666170239887334,0.5602506632585689,-0.9773843811168246,0.15707963267948966,-0.7260569421980302,0.019942876059945876
129.98828291893005,0.1553342967695926,0.40666170239887334,0.5602506632585689,-0.9773843811168246,0.15707963267948966,-0.7260569421980302,0.019942876059945876
129.98828291893005,0.1553342967695926,0.40666170239887334,0.5602506632585689,-0.9773843811168246,0.15707963267948966,-0.7260569421980302,0.019942876059945876
129.98828291893005,0.1553342967695926,0.40491639977848987,0.5602506632585689,-0.9773843811168246,0.15707963267948966,-0.7260569421980302,0.019942876059945876
129.98828291893005,0.1553342967695926,0.40666170239887334,0.5585053606381855,-0.9773843811168246,0.15707963267948966,-0.7260569421980302,0.019942876059945876
129.98828291893005,0.1553342967695926,0.40666170239887334,0.5602506632585689,-0.9773843811168246,0.15707963267948966,-0.7260569421980302,0.020028527962656462
129.98828291893005,0.1553342967695926,0.40666170239887334,0.5585053606381855,-0.9773843811168246,0.15707963267948966,-0.7260569421980302,0.019942876059945876
129.98828291893005,0.1553342967695926,0.40666170239887334,0.5602506632585689,-0.9773843811168246,0.15707963267948966,-0.7260569421980302,0.019942876059945876
130.98828291893005,0.1553342967695926,0.40666170239887334,0.5585053606381855,-0.9773843811168246,0.15707963267948966,-0.7260569421980302,0.019942876059945876
130.98828291893005,0.1553342967695926,0.40491639977848987,0.5585053606381855,-0.9773843811168246,0.15707963267948966,-0.7260569421980302,0.019942876059945876
130.98828291893005,0.1553342967695926,0.40491639977848987,0.5585053606381855,-0.9773843811168246,0.15707963267948966,-0.7260569421980302,0.019942876059945876
130.98828291893005,0.1553342967695926,0.40666170239887334,0.5602506632585689,-0.9773843811168246,0.15707963267948966,-0.7260569421980302,0.019942876059945876
130.98828291893005,0.1553342967695926,0.40666170239887334,0.5585053606381855,-0.9773843811168246,0.15707963267948966,-0.7260569421980302,0.019942876059945876
130.98828291893005,0.1553342967695926,0.40666170239887334,0.5585053606381855,-0.9773843811168246,0.15707963267948966,-0.7260569421980302,0.019942876059945876
130.98828291893005,0.1553342967695926,0.40666170239887334,0.5585053606381855,-0.9773843811168246,0.15707963267948966,-0.7260569421980302,0.019942876059945876
130.98828291893005,0.16231562376442402,0.3979350561389017,0.5585053606381855,-0.9930923710163844,0.15707963267948966,-0.7260569421980302,0.019942876059945876
130.98828291893005,0.16231562376442402,0.3979350561389017,0.5585053606381855,-0.9930923710163844,0.15707963267948966,-0.7260569421980302,0.019942876059945876
130.98828291893005,0.16231562376442402,0.3979350561389017,0.5585053606381855,-0.9930923710163844,0.15707963267948966,-0.7260569421980302,0.019942876059945876
131.98828291893005,0.16231562376442402,0.3979350561389017,0.5585053606381855,-0.9930923710163844,0.15707963267948966,-0.7260569421980302,0.019942876059945876
131.98828291893005,0.24434609527920614,0.3141592653589793,0.5602506632585689,-0.9930923710163844,0.15707963267948966,-0.7260569421980302,0.019942876059945876
131.98828291893005,0.29496063692913893,0.20769417432942244,0.5602506632585689,-1.1798425477165557,0.2565633967142151,-0.8970992621566962,0.019942876059945876
131.98828291893005,0.29496063692913893,0.17802358037447025,0.5602506632585689,-1.2060224864964708,0.2565633967142151,-0.9197885291168171,0.019942876059945876
131.98828291893005,0.29496063692913893,0.15009832232941506,0.5585053606381855,-1.235693163675207,0.2565633967142151,-0.9442230986973214,0.019942876059945876
131.98828291893005,0.29496063692913893,0.12217304763960307,0.5602506632585689,-1.2653637076958888,0.2565633967142151,-0.9686577348568529,0.019942876059945876
131.98828291893005,0.29496063692913893,0.09424778127216948,0.5602506632585689,-1.2932889490961872,0.2565633967142151,-0.9930923710163844,0.019942876059945876
131.98828291893005,0.29496063692913893,0.09424778127216948,0.5602506632585689,-1.2932889490961872,0.2565633967142151,-0.9930923710163844,0.019942876059945876
131.98828291893005,0.29496063692913893,0.06457718315602803,0.5602506632585689,-1.319468887876102,0.2565633967142151,-1.005309622517123,0.019942876059945876
131.98828291893005,0.29496063692913893,0.06457718315602803,0.5602506632585689,-1.319468887876102,0.2565633967142151,-1.005309622517123,0.019942876059945876
132.98828291893005,0.29496063692913893,0.03316125537177334,0.5602506632585689,-1.3770648064551367,0.2565633967142151,-1.005309622517123,0.019942876059945876
132.98828291893005,0.29496063692913893,0.03316125537177334,0.5602506632585689,-1.3770648064551367,0.2565633967142151,-1.005309622517123,0.019942876059945876
132.98828291893005,0.29496063692913893,0.019198622188056545,0.5602506632585689,-1.4329152892557337,0.2530727415391778,-1.005309622517123,0.019942876059945876
132.98828291893005,0.29496063692913893,0.017453292519943295,0.5602506632585689,-1.4590952280356484,0.2530727415391778,-1.005309622517123,0.0061978536166500085
132.98828291893005,0.29496063692913893,0.017453292519943295,0.5602506632585689,-1.4905112078347682,0.2530727415391778,-1.005309622517123,0.019942876059945876
132.98828291893005,0.29496063692913893,0.017453292519943295,0.5602506632585689,-1.5201817518554501,0.2513274056292807,-1.005309622517123,0.020028527962656462
132.98828291893005,0.29496063692913893,0.017453292519943295,0.5602506632585689,-1.5481069932557485,0.2513274056292807,-1.005309622517123,0.019942876059945876
132.98828291893005,0.29496063692913893,0.017453292519943295,0.5602506632585689,-1.5481069932557485,0.2513274056292807,-1.005309622517123,0.019942876059945876
132.98828291893005,0.29496063692913893,0.017453292519943295,0.5602506632585689,-1.5725416294152799,0.2513274056292807,-1.005309622517123,0.019942876059945876
132.98828291893005,0.29496063692913893,0.017453292519943295,0.5602506632585689,-1.5725416294152799,0.2513274056292807,-1.005309622517123,0.019942876059945876
133.98828291893005,0.29496063692913893,0.017453292519943295,0.5602506632585689,-1.6004668708155785,0.2513274056292807,-1.005309622517123,0.019942876059945876
133.98828291893005,0.29496063692913893,0.017453292519943295,0.5602506632585689,-1.602212306594016,0.2513274056292807,-1.005309622517123,0.019942876059945876
133.98828291893005,0.29496063692913893,0.017453292519943295,0.5602506632585689,-1.602212306594016,0.2513274056292807,-1.005309622517123,0.019942876059945876
133.98828291893005,0.29496063692913893,0.017453292519943295,0.5602506632585689,-1.602212306594016,0.2513274056292807,-0.5585053606381855,0.019942876059945876
133.98828291893005,0.29496063692913893,0.017453292519943295,0.5602506632585689,-1.602212306594016,0.2513274056292807,-1.005309622517123,0.019942876059945876
133.98828291893005,0.29496063692913893,0.017453292519943295,0.5602506632585689,-1.6004668708155785,0.2513274056292807,-1.005309622517123,0.019942876059945876
133.98828291893005,0.29496063692913893,0.017453292519943295,0.5602506632585689,-1.6004668708155785,0.2513274056292807,-1.005309622517123,0.019942876059945876
133.98828291893005,0.29496063692913893,0.017453292519943295,0.5602506632585689,-1.602212306594016,0.2513274056292807,-1.005309622517123,0.019942876059945876
133.98828291893005,0.29496063692913893,0.017453292519943295,0.5602506632585689,-1.602212306594016,0.2513274056292807,-1.005309622517123,0.019942876059945876
133.98828291893005,0.29496063692913893,0.017453292519943295,0.5602506632585689,-1.602212306594016,0.2513274056292807,-1.005309622517123,0.019942876059945876
134.98828291893005,0.29496063692913893,0.017453292519943295,0.5602506632585689,-1.602212306594016,0.2513274056292807,-1.005309622517123,0.019942876059945876
134.98828291893005,0.29496063692913893,0.017453292519943295,0.5602506632585689,-1.602212306594016,0.2513274056292807,-1.005309622517123,0.019942876059945876
134.98828291893005,0.29496063692913893,0.017453292519943295,0.5602506632585689,-1.602212306594016,0.2513274056292807,-1.005309622517123,0.019942876059945876
134.98828291893005,0.29496063692913893,0.017453292519943295,0.5602506632585689,-1.602212306594016,0.2513274056292807,-1.005309622517123,0.019942876059945876
134.98828291893005,0.29496063692913893,0.017453292519943295,0.5602506632585689,-1.602212306594016,0.2513274056292807,-1.005309622517123,0.019942876059945876
134.98828291893005,0.29496063692913893,0.017453292519943295,0.5602506632585689,-1.602212306594016,0.2513274056292807,-1.005309622517123,0.019942876059945876
134.98828291893005,0.29496063692913893,0.017453292519943295,0.5602506632585689,-1.602212306594016,0.2513274056292807,-1.005309622517123,0.019942876059945876
134.98828291893005,0.29496063692913893,-0.012217304555900846,0.5881759712378944,-1.5777776704344846,0.2513274056292807,-1.005309622517123,0.019942876059945876
134.98828291893005,0.29496063692913893,-0.09424778127216948,0.6684610901980228,-1.4957471156959186,0.3630284710990151,-0.9145525546766397,0.019942876059945876
134.98828291893005,0.29496063692913893,-0.12391837522712172,0.6981317007977318,-1.4660765716752369,0.39269908169872414,-0.890117918517108,0.019942876059945876
135.98828291893005,0.29496063692913893,-0.12391837522712172,0.6981317007977318,-1.4660765716752369,0.39269908169872414,-0.890117918517108,0.019942876059945876
135.98828291893005,0.29496063692913893,-0.1518436415945553,0.7243116395776468,-1.4381513302749385,0.4206243563885362,-0.8656832823575766,0.019942876059945876
135.98828291893005,0.29496063692913893,-0.1518436415945553,0.7243116395776468,-1.4381513302749385,0.4206243563885362,-0.8656832823575766,0.019942876059945876
135.98828291893005,0.29496063692913893,-0.18151423554950752,0.7539822501773559,-1.4067353504758187,0.4485496310783481,-0.8656832823575766,0.019942876059945876
135.98828291893005,0.29496063692913893,-0.18151423554950752,0.7539822501773559,-1.4067353504758187,0.4485496310783481,-0.8656832823575766,0.019942876059945876
135.98828291893005,0.29496063692913893,-0.18151423554950752,0.7539822501773559,-1.4067353504758187,0.4485496310783481,-0.8656832823575766,0.019942876059945876
135.98828291893005,0.29496063692913893,-0.18151423554950752,0.7539822501773559,-1.4067353504758187,0.4485496310783481,-0.8656832823575766,0.019942876059945876
135.98828291893005,0.29496063692913893,-0.2617993877991494,0.7539822501773559,-1.4067353504758187,0.4485496310783481,-0.8656832823575766,0.019942876059945876
135.98828291893005,0.29496063692913893,-0.34382987595868836,0.9180431599174065,-1.2426743741567408,0.49392816499858977,-0.7260569421980302,0.019942876059945876
135.98828291893005,0.29496063692913893,-0.37175511735898675,0.9459684678967321,-1.213003830136059,0.4956735009084869,-0.7260569421980302,0.019942876059945876
136.98828291893005,0.29496063692913893,-0.40317106386859286,0.9791296837372079,-1.1850785887357607,0.49916417272828095,-0.7260569421980302,0.019942876059945876
136.98828291893005,0.29496063692913893,-0.4328416411787883,1.001819017276356,-1.1554079115570244,0.500909508638178,-0.7260569421980302,0.019942876059945876
136.98828291893005,0.29496063692913893,-0.4625122517784973,1.0035643198967394,-1.127482670156726,0.49916417272828095,-0.7260569421980302,0.019942876059945876
136.98828291893005,0.29496063692913893,-0.49043752646830935,1.0035643198967394,-1.0960667569366334,0.49916417272828095,-0.7260569421980302,0.019942876059945876
136.98828291893005,0.29496063692913893,-0.49043752646830935,1.0035643198967394,-1.0960667569366334,0.49916417272828095,-0.7260569421980302,0.019942876059945876
136.98828291893005,0.29496063692913893,-0.5201081037785047,1.005309622517123,-1.068141515536335,0.49916417272828095,-0.7260569421980302,0.019942876059945876
136.98828291893005,0.29496063692913893,-0.5497787143782138,1.005309622517123,-1.0402162075570094,0.500909508638178,-0.7260569421980302,0.019942876059945876
136.98828291893005,0.29496063692913893,-0.5794493249779229,1.005309622517123,-1.0105456635363277,0.500909508638178,-0.7260569421980302,0.019942876059945876
136.98828291893005,0.29496063692913893,-0.6091199355776319,1.005309622517123,-0.9791296837372079,0.500909508638178,-0.7260569421980302,0.019942876059945876
136.98828291893005,0.29496063692913893,-0.6387904795983137,1.005309622517123,-0.9512044423369095,0.500909508638178,-0.7260569421980302,0.019942876059945876
137.98828291893005,0.29496063692913893,-0.6387904795983137,1.005309622517123,-0.9512044423369095,0.500909508638178,-0.7260569421980302,0.019942876059945876
137.98828291893005,0.29496063692913893,-0.6387904795983137,1.005309622517123,-0.8953538929572856,0.500909508638178,-0.7260569421980302,0.020028527962656462
137.98828291893005,0.29496063692913893,-0.7225663369572632,1.005309622517123,-0.8674286515569872,0.500909508638178,-0.7260569421980302,0.019942876059945876
137.98828291893005,0.29496063692913893,-0.752236880977945,1.005309622517123,-0.8377580409572781,0.500909508638178,-0.7260569421980302,0.019942876059945876
137.98828291893005,0.29496063692913893,-0.7766715171374767,1.005309622517123,-0.8080874303575691,0.500909508638178,-0.7260569421980302,0.019942876059945876
137.98828291893005,0.29496063692913893,-0.8080874303575691,1.005309622517123,-0.77841681975786,0.500909508638178,-0.7260569421980302,0.019942876059945876
137.98828291893005,0.29496063692913893,-0.8080874303575691,1.005309622517123,-0.77841681975786,0.500909508638178,-0.7260569421980302,0.019942876059945876
137.98828291893005,0.29496063692913893,-0.8377580409572781,1.005309622517123,-0.7487462757371782,0.500909508638178,-0.7260569421980302,0.019942876059945876
137.98828291893005,0.29496063692913893,-0.8377580409572781,1.005309622517123,-0.7487462757371782,0.500909508638178,-0.7260569421980302,0.019942876059945876
137.98828291893005,0.29496063692913893,-0.8656832823575766,1.005309622517123,-0.6928957263575543,0.500909508638178,-0.7260569421980302,0.019942876059945876
138.98828291893005,0.29496063692913893,-0.9197885291168171,1.005309622517123,-0.6649704183782287,0.5026548112585615,-0.7260569421980302,0.019942876059945876
138.98828291893005,0.29496063692913893,-0.9442230986973214,1.0035643198967394,-0.6352998743575469,0.5026548112585615,-0.7260569421980302,0.019942876059945876
138.98828291893005,0.29496063692913893,-0.9459684678967321,1.005309622517123,-0.6073745663782212,0.5026548112585615,-0.7260569421980302,0.019942876059945876
138.98828291893005,0.29496063692913893,-0.9477137705171155,1.005309622517123,-0.5794493249779229,0.5026548112585615,-0.7260569421980302,0.0061978536166500085
138.98828291893005,0.29496063692913893,-0.9477137705171155,1.005309622517123,-0.5794493249779229,0.5026548112585615,-0.7260569421980302,0.0061978536166500085
138.98828291893005,0.29496063692913893,-0.9494591397165261,1.005309622517123,-0.5218534396884018,0.5026548112585615,-0.7260569421980302,0.019942876059945876
138.98828291893005,0.29496063692913893,-0.9494591397165261,1.005309622517123,-0.49218286237820635,0.5026548112585615,-0.7260569421980302,0.019942876059945876
138.98828291893005,0.29496063692913893,-0.9477137705171155,1.005309622517123,-0.4625122517784973,0.5026548112585615,-0.7260569421980302,0.019942876059945876
138.98828291893005,0.29496063692913893,-0.9477137705171155,1.005309622517123,-0.4625122517784973,0.5026548112585615,-0.7260569421980302,0.019942876059945876
138.98828291893005,0.29496063692913893,-0.9494591397165261,1.005309622517123,-0.4345869770886853,0.5026548112585615,-0.7260569421980302,0.0061978536166500085
139.98828291893005,0.29496063692913893,-0.9494591397165261,1.005309622517123,-0.4345869770886853,0.5026548112585615,-0.7260569421980302,0.0061978536166500085
139.98828291893005,0.29496063692913893,-0.9494591397165261,1.005309622517123,-0.38048176361895836,0.5026548112585615,-0.7260569421980302,0.019942876059945876
139.98828291893005,0.29496063692913893,-0.9494591397165261,1.005309622517123,-0.3490658503988659,0.5026548112585615,-0.7260569421980302,0.019942876059945876
139.98828291893005,0.29496063692913893,-0.9477137705171155,1.005309622517123,-0.31939523979915685,0.5026548112585615,-0.7260569421980302,0.019942876059945876
139.98828291893005,0.29496063692913893,-0.9494591397165261,1.005309622517123,-0.2914699983988585,0.5026548112585615,-0.7260569421980302,0.019942876059945876
139.98828291893005,0.29496063692913893,-0.9494591397165261,1.005309622517123,-0.2617993877991494,0.5026548112585615,-0.7260569421980302,0.019942876059945876
139.98828291893005,0.29496063692913893,-0.9494591397165261,1.005309622517123,-0.23212879384419718,0.5026548112585615,-0.7260569421980302,0.019942876059945876
139.98828291893005,0.29496063692913893,-0.9477137705171155,1.005309622517123,-0.2042035191543852,0.5026548112585615,-0.7260569421980302,0.019942876059945876
139.98828291893005,0.29496063692913893,-0.9477137705171155,1.005309622517123,-0.17453292519943295,0.5026548112585615,-0.7260569421980302,0.019942876059945876
139.98828291893005,0.29496063692913893,-0.9477137705171155,1.005309622517123,-0.17453292519943295,0.5026548112585615,-0.7260569421980302,0.019942876059945876
140.98828291893005,0.29496063692913893,-0.9477137705171155,1.005309622517123,-0.17453292519943295,0.5026548112585615,-0.7260569421980302,0.019942876059945876
140.98828291893005,0.29496063692913893,-0.9494591397165261,1.0070549917165335,-0.15358897750445236,0.5026548112585615,-0.7260569421980302,0.019942876059945876
140.98828291893005,0.29496063692913893,-0.9494591397165261,1.0070549917165335,-0.15358897750445236,0.5026548112585615,-0.7260569421980302,0.019942876059945876
140.98828291893005,0.2146755013242539,-0.9669124322364695,1.0122909661567112,-0.12217304763960307,0.5078908189882526,-0.6579891413176676,0.019942876059945876
140.98828291893005,0.1850049073693017,-0.9669124322364695,1.0105456635363277,-0.12217304763960307,0.5078908189882526,-0.6248278588981645,0.019942876059945876
140.98828291893005,0.1553342967695926,-0.9669124322364695,1.0122909661567112,-0.11868239246456576,0.5078908189882526,-0.5951572482984555,0.019942876059945876
140.98828291893005,0.12740903872453743,-0.9669124322364695,1.0122909661567112,-0.11868239246456576,0.5078908189882526,-0.5707226787179511,0.019942876059945876
140.98828291893005,0.09948376403472542,-0.9669124322364695,1.0122909661567112,-0.12042772005208441,0.5078908189882526,-0.5393067322083451,0.019942876059945876
140.98828291893005,0.09948376403472542,-0.9669124322364695,1.0122909661567112,-0.12042772005208441,0.5078908189882526,-0.5393067322083451,0.019942876059945876
140.98828291893005,0.09948376403472542,-0.9669124322364695,1.0122909661567112,-0.12042772005208441,0.5078908189882526,-0.5393067322083451,0.019942876059945876
141.98828291893005,0.09948376403472542,-0.9669124322364695,1.0122909661567112,-0.12042772005208441,0.5078908189882526,-0.46076691586860025,0.019942876059945876
141.98828291893005,0.020943951856169797,-0.9669124322364695,1.0105456635363277,-0.12042772005208441,0.5078908189882526,-0.42586033082871366,0.019942876059945876
141.98828291893005,0.020943951856169797,-0.9669124322364695,1.0122909661567112,-0.11868239246456576,0.5078908189882526,-0.40317106386859286,0.019942876059945876
141.98828291893005,0.022689279443688443,-0.9669124322364695,1.0122909661567112,-0.11868239246456576,0.5078908189882526,-0.3665191429188092,0.019942876059945876
141.98828291893005,0.022689279443688443,-0.9669124322364695,1.0122909661567112,-0.11868239246456576,0.5078908189882526,-0.3665191429188092,0.019942876059945876
141.98828291893005,0.022689279443688443,-0.9669124322364695,1.0105456635363277,-0.12217304763960307,0.5078908189882526,-0.3455751785790718,0.019942876059945876
141.98828291893005,0.022689279443688443,-0.9669124322364695,1.0105456635363277,-0.12217304763960307,0.5078908189882526,-0.3455751785790718,0.019942876059945876
141.98828291893005,0.022689279443688443,-0.9669124322364695,1.0105456635363277,-0.12042772005208441,0.5078908189882526,-0.3455751785790718,0.019942876059945876
141.98828291893005,0.022689279443688443,-0.9669124322364695,1.0105456635363277,-0.12042772005208441,0.5078908189882526,-0.3455751785790718,0.019942876059945876
141.98828291893005,0.022689279443688443,-0.9669124322364695,1.0105456635363277,-0.12042772005208441,0.5078908189882526,-0.2338741131093374,0.019942876059945876
142.98828291893005,0.022689279443688443,-0.9669124322364695,1.0105456635363277,-0.12042772005208441,0.5078908189882526,-0.20071286397934787,0.019942876059945876
142.98828291893005,0.022689279443688443,-0.9669124322364695,1.0105456635363277,-0.12217304763960307,0.5078908189882526,-0.17627826110933004,0.019942876059945876
142.98828291893005,0.022689279443688443,-0.9669124322364695,1.0105456635363277,-0.12217304763960307,0.5078908189882526,-0.17627826110933004,0.019942876059945876
142.98828291893005,0.020943951856169797,-0.9669124322364695,1.0175269405968885,-0.11519172896715006,0.6230825562777811,-0.17627826110933004,0.019942876059945876
142.98828291893005,0.020943951856169797,-0.9669124322364695,1.0175269405968885,-0.11519172896715006,0.6230825562777811,-0.17627826110933004,0.019942876059945876
142.98828291893005,0.020943951856169797,-0.9669124322364695,1.0175269405968885,-0.11519172896715006,0.6230825562777811,-0.17627826110933004,0.019942876059945876
142.98828291893005,0.020943951856169797,-0.9826203555570021,1.0210176124166828,-0.09424778127216948,0.5113814575185331,-0.17627826110933004,0.019942876059945876
142.98828291893005,0.020943951856169797,-0.9826203555570021,1.0210176124166828,-0.09424778127216948,0.5113814575185331,-0.17627826110933004,0.019942876059945876
142.98828291893005,0.020943951856169797,-0.9826203555570021,1.0210176124166828,-0.09424778127216948,0.5113814575185331,-0.17627826110933004,0.019942876059945876
142.98828291893005,0.020943951856169797,-0.9843657247564127,1.0210176124166828,-0.09424778127216948,0.5113814575185331,-0.17627826110933004,0.019942876059945876
143.98828291893005,0.020943951856169797,-0.9843657247564127,1.0210176124166828,-0.09424778127216948,0.5113814575185331,-0.17627826110933004,0.019942876059945876
143.98828291893005,0.020943951856169797,-0.9843657247564127,1.0210176124166828,-0.09424778127216948,0.5113814575185331,-0.17627826110933004,0.019942876059945876
143.98828291893005,0.020943951856169797,-0.9843657247564127,1.0210176124166828,-0.09424778127216948,0.6230825562777811,-0.17627826110933004,0.019942876059945876
143.98828291893005,0.020943951856169797,-0.9843657247564127,1.0210176124166828,-0.09424778127216948,0.6230825562777811,-0.17627826110933004,0.019942876059945876
143.98828291893005,0.020943951856169797,-0.9843657247564127,1.0210176124166828,-0.09424778127216948,0.6230825562777811,-0.17627826110933004,0.019942876059945876
143.98828291893005,0.020943951856169797,-0.9843657247564127,1.0210176124166828,-0.09424778127216948,0.6230825562777811,-0.17627826110933004,0.019942876059945876
143.98828291893005,0.020943951856169797,-0.9843657247564127,1.0210176124166828,-0.09424778127216948,0.6230825562777811,-0.17627826110933004,0.019942876059945876
143.98828291893005,0.020943951856169797,-0.9843657247564127,1.0210176124166828,-0.09424778127216948,0.6230825562777811,-0.17627826110933004,0.019942876059945876
143.98828291893005,0.020943951856169797,-0.9843657247564127,1.0210176124166828,-0.09424778127216948,0.6230825562777811,-0.17627826110933004,0.019942876059945876
143.98828291893005,0.015707962851830046,-0.9861110273767961,1.0262535868568603,-0.09075711777475377,0.6213371870783704,-0.12042772005208441,0.019942876059945876
144.98828291893005,0.015707962851830046,-0.9861110273767961,1.0262535868568603,-0.09075711777475377,0.6213371870783704,-0.12042772005208441,0.019942876059945876
144.98828291893005,0.015707962851830046,-0.9861110273767961,1.0262535868568603,-0.09075711777475377,0.6213371870783704,-0.12042772005208441,0.019942876059945876
144.98828291893005,0.0034906585560035243,-0.9861110273767961,1.0262535868568603,-0.022689279443688443,0.5201081037785047,-0.09424778127216948,0.019942876059945876
144.98828291893005,0.0069813171120070485,-1.0332349304964485,1.0454522485762143,-0.020943951856169797,0.5218534396884018,-0.09424778127216948,0.019942876059945876
144.98828291893005,0.0069813171120070485,-1.0332349304964485,1.0454522485762143,-0.019198622188056545,0.5218534396884018,-0.09424778127216948,0.019942876059945876
144.98828291893005,0.0034906585560035243,-1.0402162075570094,1.0454522485762143,-0.010471975928084899,0.5218534396884018,-0.09424778127216948,0.019942876059945876
144.98828291893005,0.0034906585560035243,-1.04196157675642,1.0454522485762143,-0.010471975928084899,0.5218534396884018,-0.09424778127216948,0.019942876059945876
144.98828291893005,0.0034906585560035243,-1.0437068793768036,1.0454522485762143,-0.008726646259971648,0.5218534396884018,-0.09424778127216948,0.019942876059945876
144.98828291893005,0.0034906585560035243,-1.04196157675642,1.0506882230163919,-0.0069813171120070485,0.5253441115081959,-0.09424778127216948,0.019942876059945876
144.98828291893005,0.0034906585560035243,-1.04196157675642,1.0524335256367752,-0.0034906585560035243,0.5253441115081959,-0.09424778127216948,0.019942876059945876
145.98828291893005,0.0034906585560035243,-1.0437068793768036,1.0524335256367752,-0.0017453292780017621,0.5253441115081959,-0.09424778127216948,0.019942876059945876
145.98828291893005,0.0034906585560035243,-1.0437068793768036,1.0524335256367752,-0.0017453292780017621,0.5253441115081959,-0.09424778127216948,0.019942876059945876
145.98828291893005,0.0034906585560035243,-1.0471975511965976,1.0524335256367752,-0.0017453292780017621,0.5253441115081959,-0.09424778127216948,0.019942876059945876
145.98828291893005,0.0034906585560035243,-1.0471975511965976,1.0524335256367752,0.0,0.5253441115081959,-0.09424778127216948,0.019942876059945876
145.98828291893005,0.0034906585560035243,-1.0471975511965976,1.0524335256367752,0.0,0.5253441115081959,-0.09424778127216948,0.019942876059945876
145.98828291893005,0.0034906585560035243,-1.0471975511965976,1.0506882230163919,0.0,0.5253441115081959,-0.09424778127216948,0.019942876059945876
145.98828291893005,0.0034906585560035243,-1.0471975511965976,1.0506882230163919,0.0,0.5253441115081959,-0.09424778127216948,0.019942876059945876
145.98828291893005,0.0034906585560035243,-1.0471975511965976,1.0506882230163919,0.0,0.5253441115081959,-0.09424778127216948,0.019942876059945876
145.98828291893005,0.0034906585560035243,-1.0471975511965976,1.0524335256367752,0.0,0.5253441115081959,-0.10995574620459413,0.019942876059945876
145.98828291893005,0.0034906585560035243,-1.0471975511965976,1.0524335256367752,0.0,0.5253441115081959,-0.09424778127216948,0.019942876059945876
146.98828291893005,0.0034906585560035243,-1.0471975511965976,1.0524335256367752,0.0,0.5253441115081959,-0.09424778127216948,0.019942876059945876
146.98828291893005,0.0034906585560035243,-1.0471975511965976,1.0524335256367752,0.0,0.5253441115081959,-0.09424778127216948,0.019942876059945876
146.98828291893005,0.0034906585560035243,-1.0471975511965976,1.0524335256367752,0.0,0.5253441115081959,-0.09424778127216948,0.019942876059945876
146.98828291893005,0.0034906585560035243,-1.0471975511965976,1.0524335256367752,0.0,0.5253441115081959,-0.09424778127216948,0.019942876059945876
146.98828291893005,0.0034906585560035243,-1.0471975511965976,1.0524335256367752,0.0017453292780017621,0.5253441115081959,-0.09424778127216948,0.019942876059945876
146.98828291893005,0.0034906585560035243,-1.0471975511965976,1.0506882230163919,0.0017453292780017621,0.5253441115081959,-0.09424778127216948,0.019942876059945876
146.98828291893005,0.0034906585560035243,-1.0471975511965976,1.0524335256367752,0.0017453292780017621,0.5253441115081959,-0.09424778127216948,0.019942876059945876
146.98828291893005,0.0034906585560035243,-1.0471975511965976,1.0506882230163919,0.0017453292780017621,0.5253441115081959,-0.09424778127216948,0.019942876059945876
146.98828291893005,0.0034906585560035243,-1.0471975511965976,1.0524335256367752,0.0017453292780017621,0.5253441115081959,-0.09424778127216948,0.019942876059945876
146.98828291893005,0.0034906585560035243,-1.0471975511965976,1.0524335256367752,0.0017453292780017621,0.5253441115081959,-0.09424778127216948,0.019942876059945876
147.98828291893005,0.0034906585560035243,-1.0471975511965976,1.0524335256367752,0.0034906585560035243,0.5253441115081959,-0.09424778127216948,0.019942876059945876
147.98828291893005,0.0034906585560035243,-1.0454522485762143,1.0524335256367752,0.0017453292780017621,0.5253441115081959,-0.09424778127216948,0.019942876059945876
147.98828291893005,0.0034906585560035243,-1.0471975511965976,1.0524335256367752,0.0017453292780017621,0.5253441115081959,-0.09424778127216948,0.019942876059945876
147.98828291893005,0.0034906585560035243,-1.0471975511965976,1.0524335256367752,0.0017453292780017621,0.5253441115081959,-0.09424778127216948,0.019942876059945876
147.98828291893005,0.0034906585560035243,-1.0471975511965976,1.0524335256367752,0.0017453292780017621,0.5253441115081959,-0.09424778127216948,0.019942876059945876
147.98828291893005,0.0034906585560035243,-1.0471975511965976,1.0506882230163919,0.0017453292780017621,0.5253441115081959,-0.09424778127216948,0.019942876059945876
147.98828291893005,0.0034906585560035243,-1.0471975511965976,1.0524335256367752,0.0017453292780017621,0.5253441115081959,-0.09424778127216948,0.019942876059945876
147.98828291893005,0.0034906585560035243,-1.0471975511965976,1.0524335256367752,0.0017453292780017621,0.5253441115081959,-0.09424778127216948,0.019942876059945876
147.98828291893005,0.0034906585560035243,-1.0471975511965976,1.0524335256367752,0.0017453292780017621,0.5253441115081959,-0.09424778127216948,0.019942876059945876
147.98828291893005,0.0017453292780017621,-1.0454522485762143,1.0576695000769527,0.0017453292780017621,0.5253441115081959,-0.09424778127216948,0.019942876059945876
148.98828291893005,-0.008726646259971648,-0.9704030374772363,1.068141515536335,0.03839724437611309,0.4468042951684511,-0.05585053689605639,0.019942876059945876
148.98828291893005,-0.0017453292780017621,-0.9512044423369095,1.068141515536335,0.041887903712339594,0.4241149949188166,-0.05585053689605639,0.019942876059945876
148.98828291893005,-0.0017453292780017621,-0.9285151753767887,1.068141515536335,0.041887903712339594,0.40317106386859286,-0.05585053689605639,0.019942876059945876
148.98828291893005,-0.0034906585560035243,-0.9058259084166679,1.068141515536335,0.041887903712339594,0.3822270995288554,-0.05585053689605639,0.019942876059945876
148.98828291893005,-0.0034906585560035243,-0.8848819440769304,1.068141515536335,0.041887903712339594,0.3612831684786316,-0.05585053689605639,0.019942876059945876
148.98828291893005,-0.0034906585560035243,-0.8848819440769304,1.068141515536335,0.041887903712339594,0.3612831684786316,-0.05585053689605639,0.019942876059945876
148.98828291893005,-0.0034906585560035243,-0.8621926771168096,1.068141515536335,0.041887903712339594,0.3385938682289972,-0.05585053689605639,0.019942876059945876
148.98828291893005,-0.0034906585560035243,-0.8395033435776615,1.068141515536335,0.041887903712339594,0.31939523979915685,-0.05585053689605639,0.019942876059945876
148.98828291893005,-0.0034906585560035243,-0.8168140766175408,1.068141515536335,0.041887903712339594,0.2984513087489331,-0.05585053689605639,0.019942876059945876
148.98828291893005,-0.0034906585560035243,-0.7941248096574199,1.068141515536335,0.041887903712339594,0.27401668923415834,-0.05585053689605639,0.019942876059945876
149.98828291893005,-0.0034906585560035243,-0.7731808453176825,1.068141515536335,0.041887903712339594,0.25481807744907486,-0.05585053689605639,0.019942876059945876
149.98828291893005,-0.0034906585560035243,-0.7731808453176825,1.068141515536335,0.041887903712339594,0.25481807744907486,-0.05585053689605639,0.019942876059945876
149.98828291893005,-0.0034906585560035243,-0.7731808453176825,1.068141515536335,0.041887903712339594,0.25481807744907486,-0.05585053689605639,0.019942876059945876
149.98828291893005,-0.0034906585560035243,-0.7731808453176825,1.068141515536335,0.041887903712339594,0.21293016541435683,-0.05585053689605639,0.019942876059945876
149.98828291893005,0.012217304555900846,-0.6928957263575543,1.038470904936626,0.048869218223603385,0.17104227002439565,-0.05585053689605639,0.019942876059945876
149.98828291893005,0.008726646259971648,-0.6649704183782287,1.008800294336917,0.048869218223603385,0.14660765050962093,-0.05585053689605639,0.019942876059945876
149.98828291893005,0.008726646259971648,-0.6405358487977243,0.9808750529366187,0.048869218223603385,0.12566370281464037,-0.05585053689605639,0.020028527962656462
149.98828291893005,0.008726646259971648,-0.6126105408183988,0.9529497449572931,0.048869218223603385,0.09948376403472542,-0.05585053689605639,0.019942876059945876
149.98828291893005,0.008726646259971648,-0.6126105408183988,0.9529497449572931,0.048869218223603385,0.09948376403472542,-0.05585053689605639,0.019942876059945876
149.98828291893005,0.008726646259971648,-0.6126105408183988,0.9529497449572931,0.048869218223603385,0.09948376403472542,-0.05585053689605639,0.019942876059945876
150.98828291893005,0.008726646259971648,-0.5864306020384837,0.9250245035569946,0.048869218223603385,0.07504916116470753,-0.05585053689605639,0.019942876059945876
150.98828291893005,0.008726646259971648,-0.5864306020384837,0.9250245035569946,0.048869218223603385,0.07504916116470753,-0.05585053689605639,0.019942876059945876
150.98828291893005,0.008726646259971648,-0.5864306020384837,0.9250245035569946,0.048869218223603385,0.07504916116470753,-0.05585053689605639,0.019942876059945876
150.98828291893005,0.008726646259971648,-0.5113814575185331,0.8831365748775198,0.048869218223603385,0.008726646259971648,-0.05585053689605639,0.019942876059945876
150.98828291893005,0.008726646259971648,-0.5113814575185331,0.8831365748775198,0.048869218223603385,0.008726646259971648,-0.05585053689605639,0.019942876059945876
150.98828291893005,0.008726646259971648,-0.4363323129985824,0.8813912722571364,0.048869218223603385,-0.05585053689605639,-0.05585053689605639,0.019942876059945876
150.98828291893005,0.008726646259971648,-0.41015237421866746,0.8813912722571364,0.048869218223603385,-0.08028514392726348,-0.05585053689605639,0.019942876059945876
150.98828291893005,0.008726646259971648,-0.38571777134864954,0.8813912722571364,0.048869218223603385,-0.10297442753214112,-0.05585053689605639,0.019942876059945876
150.98828291893005,0.008726646259971648,-0.3577924966588375,0.8813912722571364,0.048869218223603385,-0.10646508270717842,-0.05585053689605639,0.019942876059945876
150.98828291893005,0.008726646259971648,-0.3316125578789226,0.8813912722571364,0.048869218223603385,-0.10646508270717842,-0.05585053689605639,0.019942876059945876
151.98828291893005,0.008726646259971648,-0.30543261909900765,0.8813912722571364,0.048869218223603385,-0.10646508270717842,-0.05585053689605639,0.019942876059945876
151.98828291893005,0.008726646259971648,-0.2775073444091956,0.8813912722571364,0.048869218223603385,-0.10646508270717842,-0.05585053689605639,0.019942876059945876
151.98828291893005,0.008726646259971648,-0.2513274056292807,0.8813912722571364,0.048869218223603385,-0.10646508270717842,-0.05585053689605639,0.019942876059945876
151.98828291893005,0.008726646259971648,-0.2513274056292807,0.8813912722571364,0.048869218223603385,-0.10646508270717842,-0.05585053689605639,0.019942876059945876
151.98828291893005,0.008726646259971648,-0.22514746684936576,0.8813912722571364,0.048869218223603385,-0.10646508270717842,-0.05585053689605639,0.019942876059945876
151.98828291893005,0.015707962851830046,-0.19896752806945078,0.856956636097605,0.07330382525481047,-0.12391837522712172,-0.03839724437611309,0.019942876059945876
151.98828291893005,0.015707962851830046,-0.17104227002439565,0.8290313946973066,0.08726646259971647,-0.12915436631205607,-0.017453292519943295,0.019942876059945876
151.98828291893005,0.015707962851830046,-0.14486233124448072,0.8028514559173915,0.08726646259971647,-0.12915436631205607,-0.017453292519943295,0.019942876059945876
151.98828291893005,0.015707962851830046,-0.11693705655466871,0.7714355426972991,0.08726646259971647,-0.12915436631205607,-0.017453292519943295,0.019942876059945876
151.98828291893005,0.015707962851830046,-0.09075711777475377,0.7435102347179735,0.08726646259971647,-0.12915436631205607,-0.017453292519943295,0.019942876059945876
152.98828291893005,0.015707962851830046,-0.06457718315602803,0.715584993317675,0.08726646259971647,-0.12915436631205607,-0.017453292519943295,0.019942876059945876
152.98828291893005,0.015707962851830046,-0.036651912627405234,0.6894050545377601,0.08726646259971647,-0.12915436631205607,-0.017453292519943295,0.019942876059945876
152.98828291893005,0.015707962851830046,-0.036651912627405234,0.6894050545377601,0.08726646259971647,-0.12915436631205607,-0.017453292519943295,0.019942876059945876
152.98828291893005,0.015707962851830046,-0.0069813171120070485,0.6579891413176676,0.08726646259971647,-0.12915436631205607,-0.017453292519943295,0.019942876059945876
152.98828291893005,0.015707962851830046,0.015707962851830046,0.630063833338342,0.08726646259971647,-0.12915436631205607,-0.017453292519943295,0.019942876059945876
152.98828291893005,0.015707962851830046,0.04363323129985824,0.6021385919380436,0.08726646259971647,-0.12915436631205607,-0.017453292519943295,0.019942876059945876
152.98828291893005,0.015707962851830046,0.07330382525481047,0.5724679813383347,0.08726646259971647,-0.12915436631205607,-0.017453292519943295,0.019942876059945876
152.98828291893005,0.015707962851830046,0.09773843644720677,0.5445427399380363,0.08726646259971647,-0.1308996938995747,-0.017453292519943295,0.019942876059945876
152.98828291893005,0.015707962851830046,0.12566370281464037,0.5253441115081959,0.08901179018723512,-0.12915436631205607,-0.017453292519943295,0.019942876059945876
152.98828291893005,0.015707962851830046,0.1553342967695926,0.5253441115081959,0.08901179018723512,-0.12915436631205607,-0.017453292519943295,0.019942876059945876
153.98828291893005,0.015707962851830046,0.17453292519943295,0.49916417272828095,0.11170107379211278,-0.09948376403472542,-0.013962634224014097,0.019942876059945876
153.98828291893005,0.015707962851830046,0.202458199889245,0.47298423394836603,0.12391837522712172,-0.08726646259971647,-0.013962634224014097,0.019942876059945876
153.98828291893005,0.015707962851830046,0.202458199889245,0.47298423394836603,0.12391837522712172,-0.08726646259971647,-0.013962634224014097,0.019942876059945876
153.98828291893005,0.015707962851830046,0.202458199889245,0.47298423394836603,0.12391837522712172,-0.08726646259971647,-0.013962634224014097,0.019942876059945876
153.98828291893005,0.015707962851830046,0.22340214758422555,0.445058959258554,0.12391837522712172,-0.08726646259971647,-0.013962634224014097,0.019942876059945876
153.98828291893005,0.015707962851830046,0.22340214758422555,0.445058959258554,0.12391837522712172,-0.08726646259971647,-0.013962634224014097,0.019942876059945876
153.98828291893005,0.015707962851830046,0.2914699983988585,0.3682644788287062,0.12391837522712172,-0.08726646259971647,-0.013962634224014097,0.019942876059945876
153.98828291893005,0.017453292519943295,0.3106685935391852,0.3385938682289972,0.12391837522712172,-0.08726646259971647,-0.013962634224014097,0.019942876059945876
153.98828291893005,0.015707962851830046,0.3106685935391852,0.32463124752884803,0.12566370281464037,-0.08726646259971647,-0.013962634224014097,0.019942876059945876
153.98828291893005,0.019198622188056545,0.3106685935391852,0.32463124752884803,0.12391837522712172,-0.08726646259971647,-0.013962634224014097,0.019942876059945876
154.98828291893005,0.017453292519943295,0.3106685935391852,0.32463124752884803,0.12391837522712172,-0.08726646259971647,-0.013962634224014097,0.019942876059945876
154.98828291893005,0.017453292519943295,0.3106685935391852,0.32463124752884803,0.12391837522712172,-0.08726646259971647,-0.013962634224014097,0.019942876059945876
154.98828291893005,0.017453292519943295,0.3106685935391852,0.32288591161895097,0.12566370281464037,-0.08726646259971647,-0.013962634224014097,0.019942876059945876
154.98828291893005,0.015707962851830046,0.3106685935391852,0.32288591161895097,0.12391837522712172,-0.08726646259971647,-0.013962634224014097,0.019942876059945876
154.98828291893005,0.017453292519943295,0.3106685935391852,0.32463124752884803,0.12391837522712172,-0.08726646259971647,-0.013962634224014097,0.019942876059945876
154.98828291893005,0.017453292519943295,0.3106685935391852,0.32463124752884803,0.12391837522712172,-0.08726646259971647,-0.013962634224014097,0.019942876059945876
154.98828291893005,0.017453292519943295,0.3106685935391852,0.32463124752884803,0.12566370281464037,-0.08726646259971647,-0.013962634224014097,0.019942876059945876
154.98828291893005,0.017453292519943295,0.3106685935391852,0.32463124752884803,0.12391837522712172,-0.08726646259971647,-0.013962634224014097,0.019942876059945876
154.98828291893005,0.017453292519943295,0.3106685935391852,0.32463124752884803,0.12391837522712172,-0.08726646259971647,-0.013962634224014097,0.019942876059945876
154.98828291893005,0.015707962851830046,0.3106685935391852,0.32463124752884803,0.12391837522712172,-0.08726646259971647,-0.013962634224014097,0.019942876059945876
155.98828291893005,0.015707962851830046,0.3106685935391852,0.32463124752884803,0.12391837522712172,-0.08726646259971647,-0.013962634224014097,0.019942876059945876
155.98828291893005,0.017453292519943295,0.3106685935391852,0.32463124752884803,0.12391837522712172,-0.08726646259971647,-0.013962634224014097,0.019942876059945876
155.98828291893005,0.015707962851830046,0.3106685935391852,0.32288591161895097,0.12391837522712172,-0.08726646259971647,-0.013962634224014097,0.019942876059945876
155.98828291893005,0.017453292519943295,0.3106685935391852,0.32463124752884803,0.12391837522712172,-0.08726646259971647,-0.013962634224014097,0.019942876059945876
155.98828291893005,0.015707962851830046,0.3106685935391852,0.32463124752884803,0.12566370281464037,-0.08726646259971647,-0.013962634224014097,0.019942876059945876
155.98828291893005,0.015707962851830046,0.3106685935391852,0.32463124752884803,0.12566370281464037,-0.08726646259971647,-0.013962634224014097,0.019942876059945876
155.98828291893005,0.015707962851830046,0.3106685935391852,0.32463124752884803,0.12391837522712172,-0.08726646259971647,-0.013962634224014097,0.019942876059945876
155.98828291893005,0.017453292519943295,0.3106685935391852,0.32463124752884803,0.12391837522712172,-0.08726646259971647,-0.013962634224014097,0.019942876059945876
155.98828291893005,0.015707962851830046,0.3106685935391852,0.32463124752884803,0.12566370281464037,-0.08726646259971647,-0.013962634224014097,0.019942876059945876
155.98828291893005,0.017453292519943295,0.3106685935391852,0.32463124752884803,0.12391837522712172,-0.08726646259971647,-0.013962634224014097,0.019942876059945876
156.98828291893005,0.015707962851830046,0.3106685935391852,0.32463124752884803,0.12566370281464037,-0.08726646259971647,-0.013962634224014097,0.019942876059945876
156.98828291893005,0.015707962851830046,0.3106685935391852,0.32463124752884803,0.12566370281464037,-0.08726646259971647,-0.013962634224014097,0.019942876059945876
156.98828291893005,0.015707962851830046,0.3106685935391852,0.32463124752884803,0.12566370281464037,-0.08726646259971647,-0.013962634224014097,0.019942876059945876
156.98828291893005,0.015707962851830046,0.3106685935391852,0.32463124752884803,0.12566370281464037,-0.08726646259971647,-0.013962634224014097,0.019942876059945876
156.98828291893005,0.015707962851830046,0.3106685935391852,0.32463124752884803,0.12566370281464037,-0.08377580742467919,-0.013962634224014097,0.019942876059945876
156.98828291893005,0.017453292519943295,0.2914699983988585,0.3420845400487913,0.12391837522712172,-0.07155849766729183,-0.013962634224014097,0.019942876059945876
156.98828291893005,0.015707962851830046,0.27227136996901813,0.3490658503988659,0.12391837522712172,-0.06632251074354668,-0.013962634224014097,0.019942876059945876
156.98828291893005,0.017453292519943295,0.2617993877991494,0.35081118630876296,0.12391837522712172,-0.05585053689605639,-0.013962634224014097,0.019942876059945876
156.98828291893005,0.017453292519943295,0.24609143118910323,0.3612831684786316,0.12391837522712172,-0.05410520514734854,-0.013962634224014097,0.019942876059945876
156.98828291893005,0.017453292519943295,0.24609143118910323,0.3612831684786316,0.12391837522712172,-0.05410520514734854,-0.013962634224014097,0.019942876059945876
157.98828291893005,0.015707962851830046,0.23561944901923448,0.37000981473860334,0.12391837522712172,-0.04712389063608474,-0.013962634224014097,0.019942876059945876
157.98828291893005,0.015707962851830046,0.2216568116743285,0.3752457891787808,0.11693705655466871,-0.036651912627405234,-0.013962634224014097,0.019942876059945876
157.98828291893005,0.015707962851830046,0.2216568116743285,0.3752457891787808,0.11693705655466871,-0.036651912627405234,-0.013962634224014097,0.019942876059945876
157.98828291893005,0.015707962851830046,0.20769417432942244,0.3839724354387525,0.11693705655466871,-0.03490658503988659,-0.013962634224014097,0.019942876059945876
157.98828291893005,0.015707962851830046,0.20769417432942244,0.3839724354387525,0.11693705655466871,-0.03490658503988659,-0.013962634224014097,0.019942876059945876
157.98828291893005,0.015707962851830046,0.20071286397934787,0.38571777134864954,0.11693705655466871,-0.03490658503988659,-0.013962634224014097,0.019942876059945876
157.98828291893005,0.015707962851830046,0.20071286397934787,0.38571777134864954,0.11693705655466871,-0.03490658503988659,-0.013962634224014097,0.019942876059945876
157.98828291893005,0.015707962851830046,0.20071286397934787,0.38571777134864954,0.11693705655466871,-0.03490658503988659,-0.013962634224014097,0.019942876059945876
157.98828291893005,0.015707962851830046,0.20071286397934787,0.38571777134864954,0.11693705655466871,-0.03490658503988659,-0.013962634224014097,0.019942876059945876
157.98828291893005,0.017453292519943295,0.19722220880431057,0.38571777134864954,0.10995574620459413,-0.03490658503988659,-0.013962634224014097,0.019942876059945876
158.98828291893005,0.017453292519943295,0.19722220880431057,0.38571777134864954,0.10995574620459413,-0.03490658503988659,-0.013962634224014097,0.019942876059945876
158.98828291893005,0.017453292519943295,0.11344640137963143,0.4328416411787883,0.10995574620459413,0.0,0.0069813171120070485,0.019942876059945876
158.98828291893005,0.017453292519943295,0.11344640137963143,0.4328416411787883,0.10995574620459413,0.0,0.0069813171120070485,0.019942876059945876
158.98828291893005,0.017453292519943295,0.09948376403472542,0.445058959258554,0.10995574620459413,0.0,0.0069813171120070485,0.019942876059945876
158.98828291893005,0.015707962851830046,0.09424778127216948,0.445058959258554,0.10995574620459413,0.0,0.0069813171120070485,0.019942876059945876
158.98828291893005,0.015707962851830046,0.09424778127216948,0.445058959258554,0.10995574620459413,0.0,0.0069813171120070485,0.019942876059945876
158.98828291893005,0.015707962851830046,0.07330382525481047,0.45902157995870324,0.09424778127216948,0.019198622188056545,0.0069813171120070485,0.019942876059945876
158.98828291893005,0.015707962851830046,0.04363323129985824,0.4886921905584123,0.09424778127216948,0.048869218223603385,0.0069813171120070485,0.019942876059945876
158.98828291893005,0.013962634224014097,0.017453292519943295,0.5235987755982988,0.09424778127216948,0.08028514392726348,0.0069813171120070485,0.019942876059945876
158.98828291893005,0.013962634224014097,-0.005235987964042449,0.5358160936780646,0.09424778127216948,0.09075711777475377,0.0069813171120070485,0.019942876059945876
159.98828291893005,0.013962634224014097,-0.03316125537177334,0.5358160936780646,0.09424778127216948,0.09075711777475377,0.0069813171120070485,0.019942876059945876
159.98828291893005,0.013962634224014097,-0.06283185140732019,0.537561396298448,0.09424778127216948,0.09075711777475377,0.0069813171120070485,0.019942876059945876
159.98828291893005,0.013962634224014097,-0.08901179018723512,0.537561396298448,0.08377580742467919,0.09773843644720677,0.0069813171120070485,0.019942876059945876
159.98828291893005,0.013962634224014097,-0.11519172896715006,0.5707226787179511,0.06632251074354668,0.12566370281464037,0.0069813171120070485,0.019942876059945876
159.98828291893005,0.013962634224014097,-0.14311699533458366,0.6021385919380436,0.06632251074354668,0.15707963267948966,0.0069813171120070485,0.019942876059945876
159.98828291893005,0.013962634224014097,-0.1692969341144986,0.630063833338342,0.06632251074354668,0.1867502266344419,0.0069813171120070485,0.019942876059945876
159.98828291893005,0.013962634224014097,-0.1692969341144986,0.630063833338342,0.06632251074354668,0.1867502266344419,0.0069813171120070485,0.019942876059945876
159.98828291893005,0.012217304555900846,-0.19547687289441354,0.659734443938051,0.06632251074354668,0.21293016541435683,0.0069813171120070485,0.019942876059945876
159.98828291893005,0.012217304555900846,-0.2216568116743285,0.6859143827179661,0.06632251074354668,0.2146755013242539,0.0069813171120070485,0.019942876059945876
159.98828291893005,0.012217304555900846,-0.24958208636414048,0.6859143827179661,0.06632251074354668,0.2146755013242539,0.0069813171120070485,0.019942876059945876
160.98828291893005,0.012217304555900846,-0.2757620251440554,0.6841690800975826,0.06632251074354668,0.2146755013242539,0.0069813171120070485,0.019942876059945876
160.98828291893005,0.012217304555900846,-0.3036872831891106,0.6859143827179661,0.06632251074354668,0.2146755013242539,0.0069813171120070485,0.019942876059945876
160.98828291893005,0.012217304555900846,-0.3298672219690255,0.6859143827179661,0.06632251074354668,0.2146755013242539,0.0069813171120070485,0.019942876059945876
160.98828291893005,0.012217304555900846,-0.3298672219690255,0.6859143827179661,0.06632251074354668,0.2146755013242539,0.0069813171120070485,0.019942876059945876
160.98828291893005,0.012217304555900846,-0.3298672219690255,0.6859143827179661,0.06632251074354668,0.2146755013242539,0.0069813171120070485,0.019942876059945876
160.98828291893005,0.012217304555900846,-0.3298672219690255,0.6859143827179661,0.06632251074354668,0.2146755013242539,0.0069813171120070485,0.019942876059945876
160.98828291893005,0.012217304555900846,-0.3298672219690255,0.6859143827179661,0.06632251074354668,0.2146755013242539,0.0069813171120070485,0.019942876059945876
160.98828291893005,0.012217304555900846,-0.3612831684786316,0.6859143827179661,0.06632251074354668,0.2146755013242539,0.0069813171120070485,0.019942876059945876
160.98828291893005,0.012217304555900846,-0.3612831684786316,0.6859143827179661,0.06632251074354668,0.2146755013242539,0.0069813171120070485,0.019942876059945876
160.98828291893005,0.012217304555900846,-0.3612831684786316,0.6859143827179661,0.06632251074354668,0.2146755013242539,0.0069813171120070485,0.019942876059945876
161.98828291893005,0.012217304555900846,-0.3612831684786316,0.6859143827179661,0.06632251074354668,0.2146755013242539,0.0069813171120070485,0.019942876059945876
161.98828291893005,0.012217304555900846,-0.3612831684786316,0.6859143827179661,0.06632251074354668,0.2146755013242539,0.0069813171120070485,0.019942876059945876
161.98828291893005,0.012217304555900846,-0.3612831684786316,0.6841690800975826,0.06632251074354668,0.2146755013242539,0.0069813171120070485,0.019942876059945876
161.98828291893005,0.012217304555900846,-0.3612831684786316,0.6859143827179661,0.06632251074354668,0.2146755013242539,0.0069813171120070485,0.019942876059945876
161.98828291893005,0.012217304555900846,-0.3612831684786316,0.6859143827179661,0.06632251074354668,0.2146755013242539,0.0069813171120070485,0.019942876059945876
161.98828291893005,0.012217304555900846,-0.3612831684786316,0.6859143827179661,0.06632251074354668,0.2146755013242539,0.0069813171120070485,0.019942876059945876
161.98828291893005,0.012217304555900846,-0.3612831684786316,0.6859143827179661,0.06632251074354668,0.2146755013242539,0.0069813171120070485,0.019942876059945876
161.98828291893005,0.012217304555900846,-0.3612831684786316,0.6859143827179661,0.06632251074354668,0.2146755013242539,0.0069813171120070485,0.019942876059945876
161.98828291893005,0.012217304555900846,-0.3612831684786316,0.6859143827179661,0.06632251074354668,0.2146755013242539,0.0069813171120070485,0.019942876059945876
161.98828291893005,0.012217304555900846,-0.3612831684786316,0.6859143827179661,0.06632251074354668,0.2146755013242539,0.0069813171120070485,0.019942876059945876
162.98828291893005,0.012217304555900846,-0.3612831684786316,0.6859143827179661,0.06632251074354668,0.2146755013242539,0.0069813171120070485,0.019942876059945876
162.98828291893005,0.012217304555900846,-0.3612831684786316,0.6859143827179661,0.06632251074354668,0.2146755013242539,0.0069813171120070485,0.019942876059945876
162.98828291893005,0.012217304555900846,-0.3612831684786316,0.6859143827179661,0.06632251074354668,0.2146755013242539,0.0069813171120070485,0.019942876059945876
162.98828291893005,0.012217304555900846,-0.3612831684786316,0.6859143827179661,0.06632251074354668,0.2146755013242539,0.0069813171120070485,0.019942876059945876
162.98828291893005,0.012217304555900846,-0.3612831684786316,0.6859143827179661,0.06632251074354668,0.2146755013242539,0.0069813171120070485,0.019942876059945876
162.98828291893005,0.012217304555900846,-0.3612831684786316,0.6859143827179661,0.06632251074354668,0.2146755013242539,0.0069813171120070485,0.019942876059945876
162.98828291893005,0.012217304555900846,-0.3612831684786316,0.6859143827179661,0.06632251074354668,0.2146755013242539,0.0069813171120070485,0.019942876059945876
162.98828291893005,0.012217304555900846,-0.3612831684786316,0.6859143827179661,0.06632251074354668,0.2146755013242539,0.0069813171120070485,0.019942876059945876
162.98828291893005,0.012217304555900846,-0.3612831684786316,0.6859143827179661,0.06632251074354668,0.2146755013242539,0.0069813171120070485,0.019942876059945876
162.98828291893005,0.012217304555900846,-0.3612831684786316,0.6859143827179661,0.06632251074354668,0.2146755013242539,0.0069813171120070485,0.019942876059945876
163.98828291893005,0.012217304555900846,-0.3612831684786316,0.6859143827179661,0.06632251074354668,0.2146755013242539,0.0069813171120070485,0.019942876059945876
163.98828291893005,0.012217304555900846,-0.3612831684786316,0.6859143827179661,0.06632251074354668,0.2146755013242539,0.0069813171120070485,0.019942876059945876
163.98828291893005,0.012217304555900846,-0.3612831684786316,0.6859143827179661,0.06632251074354668,0.2146755013242539,0.0069813171120070485,0.019942876059945876
163.98828291893005,0.012217304555900846,-0.3612831684786316,0.6859143827179661,0.06632251074354668,0.2146755013242539,0.0069813171120070485,0.019942876059945876
163.98828291893005,0.012217304555900846,-0.3612831684786316,0.6859143827179661,0.06632251074354668,0.2146755013242539,0.0069813171120070485,0.019942876059945876
163.98828291893005,0.012217304555900846,-0.3612831684786316,0.6859143827179661,0.06632251074354668,0.2146755013242539,0.0069813171120070485,0.019942876059945876
163.98828291893005,0.012217304555900846,-0.3612831684786316,0.6859143827179661,0.06632251074354668,0.2146755013242539,0.0069813171120070485,0.019942876059945876
163.98828291893005,0.012217304555900846,-0.3612831684786316,0.6859143827179661,0.06632251074354668,0.2146755013242539,0.0069813171120070485,0.019942876059945876
163.98828291893005,0.012217304555900846,-0.3612831684786316,0.6859143827179661,0.06632251074354668,0.2146755013242539,0.0069813171120070485,0.019942876059945876
163.98828291893005,0.012217304555900846,-0.3612831684786316,0.6859143827179661,0.06632251074354668,0.2146755013242539,0.0069813171120070485,0.019942876059945876
164.98828291893005,0.012217304555900846,-0.3612831684786316,0.6859143827179661,0.06632251074354668,0.2146755013242539,0.0069813171120070485,0.019942876059945876
164.98828291893005,0.012217304555900846,-0.3612831684786316,0.6859143827179661,0.06632251074354668,0.2146755013242539,0.0069813171120070485,0.019942876059945876
164.98828291893005,0.012217304555900846,-0.3612831684786316,0.6859143827179661,0.06632251074354668,0.2146755013242539,0.0069813171120070485,0.019942876059945876
164.98828291893005,0.012217304555900846,-0.3630284710990151,0.6859143827179661,0.06632251074354668,0.2164208205893941,0.0069813171120070485,0.019942876059945876
164.98828291893005,0.0034906585560035243,-0.38746310725854666,0.7068583470577035,0.03490658503988659,0.24434609527920614,0.0034906585560035243,0.019942876059945876
164.98828291893005,0.0034906585560035243,-0.417133684568742,0.7400196294772067,0.012217304555900846,0.27227136996901813,0.0034906585560035243,0.019942876059945876
164.98828291893005,0.0034906585560035243,-0.4485496310783481,0.767944870877505,0.012217304555900846,0.30194194727921353,0.0034906585560035243,0.019942876059945876
164.98828291893005,0.0034906585560035243,-0.47472956985826303,0.7976154814772141,0.012217304555900846,0.3298672219690255,0.0034906585560035243,0.019942876059945876
164.98828291893005,0.0034906585560035243,-0.5044001471684585,0.8290313946973066,0.012217304555900846,0.3612831684786316,0.0034906585560035243,0.019942876059945876
164.98828291893005,0.0034906585560035243,-0.5340707577681675,0.856956636097605,0.012217304555900846,0.38920840987893,0.0034906585560035243,0.019942876059945876
165.98828291893005,0.0034906585560035243,-0.563741335078363,0.8831365748775198,0.012217304555900846,0.4206243563885362,0.0034906585560035243,0.019942876059945876
165.98828291893005,0.0034906585560035243,-0.5916666430576886,0.9145525546766397,0.012217304555900846,0.4502949336987315,0.0034906585560035243,0.019942876059945876
165.98828291893005,0.0034906585560035243,-0.5916666430576886,0.9145525546766397,0.012217304555900846,0.4502949336987315,0.0034906585560035243,0.019942876059945876
165.98828291893005,0.0034906585560035243,-0.6248278588981645,0.9442230986973214,0.010471975928084899,0.47822020838854357,0.0034906585560035243,0.019942876059945876
165.98828291893005,0.0034906585560035243,-0.6510077976780795,0.9756390784964412,0.010471975928084899,0.48345621611823475,0.0034906585560035243,0.019942876059945876
165.98828291893005,0.0034906585560035243,-0.6806784082777885,0.9965829762571513,0.010471975928084899,0.48345621611823475,0.0034906585560035243,0.019942876059945876
165.98828291893005,0.0034906585560035243,-0.7103490188774976,1.001819017276356,0.010471975928084899,0.48345621611823475,0.0034906585560035243,0.019942876059945876
165.98828291893005,0.0034906585560035243,-0.7400196294772067,1.001819017276356,0.010471975928084899,0.48520151873861816,0.0034906585560035243,0.019942876059945876
165.98828291893005,0.0034906585560035243,-0.767944870877505,1.0000736480769454,0.010471975928084899,0.48520151873861816,0.0034906585560035243,0.019942876059945876
165.98828291893005,0.0034906585560035243,-0.7976154814772141,1.001819017276356,0.010471975928084899,0.48520151873861816,0.0034906585560035243,0.019942876059945876
166.98828291893005,0.0034906585560035243,-0.8272860920769232,1.001819017276356,0.010471975928084899,0.48520151873861816,0.0034906585560035243,0.019942876059945876
166.98828291893005,0.0034906585560035243,-0.8552113334772214,1.001819017276356,0.010471975928084899,0.48520151873861816,0.0034906585560035243,0.019942876059945876
166.98828291893005,0.0034906585560035243,-0.8552113334772214,1.001819017276356,0.010471975928084899,0.48520151873861816,0.0034906585560035243,0.019942876059945876
166.98828291893005,0.0034906585560035243,-0.886627246697314,1.001819017276356,0.010471975928084899,0.48520151873861816,0.0034906585560035243,0.019942876059945876
166.98828291893005,0.0034906585560035243,-0.9145525546766397,1.001819017276356,0.008726646259971648,0.48520151873861816,0.0034906585560035243,0.019942876059945876
166.98828291893005,0.0034906585560035243,-0.9424777960769379,1.001819017276356,0.010471975928084899,0.48520151873861816,0.0034906585560035243,0.019942876059945876
166.98828291893005,0.0017453292780017621,-0.9634217604166753,1.008800294336917,0.008726646259971648,0.49392816499858977,0.0034906585560035243,0.019942876059945876
166.98828291893005,0.0017453292780017621,-0.9808750529366187,1.0192723097962995,0.0069813171120070485,0.500909508638178,0.0034906585560035243,0.019942876059945876
166.98828291893005,0.0017453292780017621,-0.9983283454565619,1.0262535868568603,0.0069813171120070485,0.5096361548981497,0.0034906585560035243,0.019942876059945876
166.98828291893005,0.0,-1.0175269405968885,1.0367256023162426,0.005235987964042449,0.5131267934284302,0.0034906585560035243,0.019942876059945876
167.98828291893005,0.0017453292780017621,-1.0245082842364768,1.0402162075570094,0.005235987964042449,0.5201081037785047,0.0034906585560035243,0.019942876059945876
167.98828291893005,0.0017453292780017621,-1.0245082842364768,1.0402162075570094,0.005235987964042449,0.5201081037785047,0.0034906585560035243,0.019942876059945876
167.98828291893005,0.0,-1.04196157675642,1.0454522485762143,0.005235987964042449,0.5253441115081959,0.0034906585560035243,0.019942876059945876
167.98828291893005,0.0,-1.0471975511965976,1.0471975511965976,0.0069813171120070485,0.5253441115081959,0.0034906585560035243,0.019942876059945876
167.98828291893005,0.0,-1.0471975511965976,1.0489428538169812,0.0034906585560035243,0.5253441115081959,0.0034906585560035243,0.019942876059945876
167.98828291893005,0.0,-1.0489428538169812,1.0471975511965976,0.0034906585560035243,0.5253441115081959,0.0034906585560035243,0.019942876059945876
167.98828291893005,0.0,-1.0506882230163919,1.0471975511965976,0.0034906585560035243,0.5253441115081959,0.0034906585560035243,0.019942876059945876
167.98828291893005,0.0,-1.0489428538169812,1.0471975511965976,0.005235987964042449,0.5253441115081959,0.0034906585560035243,0.019942876059945876
167.98828291893005,0.0,-1.0489428538169812,1.0471975511965976,0.005235987964042449,0.5253441115081959,0.0034906585560035243,0.019942876059945876
167.98828291893005,0.0,-1.0489428538169812,1.0471975511965976,0.0034906585560035243,0.5253441115081959,0.0034906585560035243,0.019942876059945876
168.98828291893005,0.0,-1.0489428538169812,1.0471975511965976,0.0069813171120070485,0.5253441115081959,0.0034906585560035243,0.019942876059945876
168.98828291893005,0.0,-1.0489428538169812,1.0471975511965976,0.0069813171120070485,0.5253441115081959,0.0034906585560035243,0.019942876059945876
168.98828291893005,0.0,-1.0489428538169812,1.0471975511965976,0.0034906585560035243,0.5253441115081959,0.0034906585560035243,0.019942876059945876
168.98828291893005,0.0,-1.0506882230163919,1.0489428538169812,0.0034906585560035243,0.5253441115081959,0.0034906585560035243,0.019942876059945876
168.98828291893005,0.0,-1.0489428538169812,1.0471975511965976,0.0034906585560035243,0.5253441115081959,0.0034906585560035243,0.019942876059945876
168.98828291893005,0.0,-1.0506882230163919,1.0471975511965976,0.005235987964042449,0.5253441115081959,0.0034906585560035243,0.019942876059945876
168.98828291893005,0.0,-1.0489428538169812,1.0471975511965976,0.005235987964042449,0.5253441115081959,0.0034906585560035243,0.019942876059945876
168.98828291893005,0.0,-1.0506882230163919,1.0471975511965976,0.005235987964042449,0.5253441115081959,0.0034906585560035243,0.019942876059945876
168.98828291893005,0.0,-1.0489428538169812,1.0471975511965976,0.0069813171120070485,0.5253441115081959,0.0034906585560035243,0.019942876059945876
168.98828291893005,0.0,-1.0489428538169812,1.0471975511965976,0.005235987964042449,0.5253441115081959,0.0034906585560035243,0.019942876059945876
169.98828291893005,0.0,-1.0489428538169812,1.0471975511965976,0.005235987964042449,0.5253441115081959,0.0034906585560035243,0.019942876059945876
169.98828291893005,0.0,-1.0489428538169812,1.0471975511965976,0.005235987964042449,0.5253441115081959,0.0034906585560035243,0.019942876059945876
169.98828291893005,0.0,-1.0489428538169812,1.0471975511965976,0.005235987964042449,0.5253441115081959,0.0034906585560035243,0.019942876059945876
169.98828291893005,0.0,-1.0489428538169812,1.0471975511965976,0.005235987964042449,0.5253441115081959,0.0034906585560035243,0.019942876059945876
169.98828291893005,0.0,-1.0489428538169812,1.0471975511965976,0.0034906585560035243,0.5253441115081959,0.0034906585560035243,0.019942876059945876
169.98828291893005,0.0,-1.0489428538169812,1.0471975511965976,0.0034906585560035243,0.5253441115081959,0.0034906585560035243,0.019942876059945876
169.98828291893005,0.0,-1.0489428538169812,1.0471975511965976,0.0034906585560035243,0.5253441115081959,0.0034906585560035243,0.019942876059945876
169.98828291893005,0.0,-1.0489428538169812,1.0471975511965976,0.005235987964042449,0.5253441115081959,0.0034906585560035243,0.019942876059945876
169.98828291893005,0.020943951856169797,-1.0437068793768036,1.0471975511965976,0.02967059811614144,0.5532693861980079,-0.005235987964042449,0.019942876059945876
169.98828291893005,0.05410520514734854,-1.04196157675642,1.0471975511965976,0.05410520514734854,0.563741335078363,-0.008726646259971648,0.019942876059945876
170.98828291893005,0.08028514392726348,-1.04196157675642,1.0471975511965976,0.05585053689605639,0.563741335078363,-0.017453292519943295,0.019942876059945876
170.98828291893005,0.10646508270717842,-1.0437068793768036,1.0471975511965976,0.05759586448357503,0.563741335078363,-0.022689279443688443,0.019942876059945876
170.98828291893005,0.10646508270717842,-1.04196157675642,1.0471975511965976,0.05759586448357503,0.563741335078363,-0.02967059811614144,0.019942876059945876
170.98828291893005,0.10471975511965977,-1.0437068793768036,1.0471975511965976,0.05759586448357503,0.563741335078363,-0.03490658503988659,0.019942876059945876
170.98828291893005,0.10471975511965977,-1.0437068793768036,1.0471975511965976,0.05759586448357503,0.563741335078363,-0.041887903712339594,0.019942876059945876
170.98828291893005,0.10471975511965977,-1.0437068793768036,1.0471975511965976,0.05759586448357503,0.563741335078363,-0.041887903712339594,0.019942876059945876
170.98828291893005,0.11519172896715006,-1.04196157675642,1.0454522485762143,0.05061454997231123,0.5724679813383347,-0.05061454997231123,0.019942876059945876
170.98828291893005,0.11519172896715006,-1.04196157675642,1.0454522485762143,0.05061454997231123,0.5724679813383347,-0.05061454997231123,0.019942876059945876
170.98828291893005,0.11519172896715006,-1.04196157675642,1.0454522485762143,0.05061454997231123,0.5724679813383347,-0.05061454997231123,0.019942876059945876
170.98828291893005,0.14835298641951802,-1.04196157675642,1.0454522485762143,0.05061454997231123,0.5724679813383347,-0.07155849766729183,0.019942876059945876
171.98828291893005,0.17278758928953586,-1.04196157675642,1.0454522485762143,0.05759586448357503,0.5724679813383347,-0.08028514392726348,0.019942876059945876
171.98828291893005,0.17278758928953586,-1.0437068793768036,1.0454522485762143,0.05061454997231123,0.5724679813383347,-0.08726646259971647,0.019942876059945876
171.98828291893005,0.17278758928953586,-1.0437068793768036,1.0454522485762143,0.05061454997231123,0.5724679813383347,-0.09424778127216948,0.019942876059945876
171.98828291893005,0.17278758928953586,-1.0437068793768036,1.0454522485762143,0.05235987755982988,0.5724679813383347,-0.10122909994462247,0.019942876059945876
171.98828291893005,0.17278758928953586,-1.04196157675642,1.0454522485762143,0.05061454997231123,0.5724679813383347,-0.10821041029469708,0.019942876059945876
171.98828291893005,0.17278758928953586,-1.04196157675642,1.0454522485762143,0.05235987755982988,0.5724679813383347,-0.11519172896715006,0.019942876059945876
171.98828291893005,0.17278758928953586,-1.04196157675642,1.0454522485762143,0.05235987755982988,0.5724679813383347,-0.11519172896715006,0.019942876059945876
171.98828291893005,0.17453292519943295,-1.0437068793768036,1.0454522485762143,0.05061454997231123,0.5742133505377452,-0.11519172896715006,0.019942876059945876
171.98828291893005,0.17453292519943295,-1.0437068793768036,1.0454522485762143,0.05061454997231123,0.5742133505377452,-0.11519172896715006,0.019942876059945876
171.98828291893005,0.17453292519943295,-1.0437068793768036,1.0454522485762143,0.05061454997231123,0.5742133505377452,-0.11519172896715006,0.019942876059945876
172.98828291893005,0.17453292519943295,-1.0437068793768036,1.0454522485762143,0.02617993877991494,0.5759586531581288,-0.1797689162843673,0.019942876059945876
172.98828291893005,0.2530727415391778,-1.0437068793768036,1.0454522485762143,0.02617993877991494,0.5759586531581288,-0.1832595714594046,0.019942876059945876
172.98828291893005,0.2513274056292807,-1.04196157675642,1.0454522485762143,0.02617993877991494,0.5759586531581288,-0.19198621771937624,0.019942876059945876
172.98828291893005,0.2530727415391778,-1.04196157675642,1.0454522485762143,0.024434609111801692,0.5759586531581288,-0.19547687289441354,0.019942876059945876
172.98828291893005,0.2513274056292807,-1.0437068793768036,1.0454522485762143,0.027925268448028194,0.5759586531581288,-0.2042035191543852,0.019942876059945876
172.98828291893005,0.2513274056292807,-1.0437068793768036,1.0454522485762143,0.027925268448028194,0.5759586531581288,-0.2042035191543852,0.019942876059945876
172.98828291893005,0.2513274056292807,-1.0437068793768036,1.0454522485762143,0.027925268448028194,0.5759586531581288,-0.2042035191543852,0.019942876059945876
172.98828291893005,0.2513274056292807,-1.0437068793768036,1.0454522485762143,0.027925268448028194,0.5759586531581288,-0.21991149240918828,0.019942876059945876
172.98828291893005,0.2513274056292807,-1.04196157675642,1.0454522485762143,0.027925268448028194,0.5759586531581288,-0.22689280275926285,0.019942876059945876
172.98828291893005,0.2513274056292807,-1.04196157675642,1.0454522485762143,0.027925268448028194,0.5759586531581288,-0.23212879384419718,0.019942876059945876
173.98828291893005,0.2513274056292807,-1.04196157675642,1.0454522485762143,0.027925268448028194,0.5759586531581288,-0.23911010419427178,0.019942876059945876
173.98828291893005,0.2513274056292807,-1.04196157675642,1.0454522485762143,0.027925268448028194,0.5759586531581288,-0.23911010419427178,0.019942876059945876
173.98828291893005,0.2513274056292807,-1.04196157675642,1.0454522485762143,0.027925268448028194,0.5759586531581288,-0.24434609527920614,0.019942876059945876
173.98828291893005,0.2513274056292807,-1.04196157675642,1.0454522485762143,0.027925268448028194,0.5759586531581288,-0.2513274056292807,0.019942876059945876
173.98828291893005,0.2513274056292807,-1.0437068793768036,1.0454522485762143,0.027925268448028194,0.5759586531581288,-0.25830873262411214,0.020028527962656462
173.98828291893005,0.2513274056292807,-1.0437068793768036,1.0454522485762143,0.027925268448028194,0.5759586531581288,-0.26529004297418673,0.019942876059945876
173.98828291893005,0.2530727415391778,-1.0437068793768036,1.0454522485762143,0.027925268448028194,0.5759586531581288,-0.27052603405912107,0.019942876059945876
173.98828291893005,0.2513274056292807,-1.0437068793768036,1.0454522485762143,0.027925268448028194,0.5759586531581288,-0.2775073444091956,0.019942876059945876
173.98828291893005,0.2513274056292807,-1.04196157675642,1.0454522485762143,0.027925268448028194,0.5759586531581288,-0.28274335213888685,0.019942876059945876
173.98828291893005,0.2513274056292807,-1.04196157675642,1.0454522485762143,0.027925268448028194,0.5759586531581288,-0.2914699983988585,0.019942876059945876
174.98828291893005,0.2513274056292807,-1.04196157675642,1.0454522485762143,0.027925268448028194,0.5759586531581288,-0.29670597283903605,0.019942876059945876
174.98828291893005,0.2513274056292807,-1.04196157675642,1.0454522485762143,0.027925268448028194,0.5759586531581288,-0.30194194727921353,0.019942876059945876
174.98828291893005,0.2513274056292807,-1.04196157675642,1.0454522485762143,0.027925268448028194,0.5759586531581288,-0.30194194727921353,0.019942876059945876
174.98828291893005,0.2513274056292807,-1.0437068793768036,1.0454522485762143,0.027925268448028194,0.5759586531581288,-0.3089232909188018,0.019942876059945876
174.98828291893005,0.2513274056292807,-1.0437068793768036,1.0454522485762143,0.027925268448028194,0.5759586531581288,-0.3141592653589793,0.019942876059945876
174.98828291893005,0.2513274056292807,-1.0437068793768036,1.0454522485762143,0.027925268448028194,0.5759586531581288,-0.31939523979915685,0.019942876059945876
174.98828291893005,0.2513274056292807,-1.0437068793768036,1.0454522485762143,0.027925268448028194,0.5759586531581288,-0.32463124752884803,0.019942876059945876
174.98828291893005,0.2513274056292807,-1.0437068793768036,1.0454522485762143,0.027925268448028194,0.5759586531581288,-0.3281218860591285,0.019942876059945876
174.98828291893005,0.2513274056292807,-1.04196157675642,1.0454522485762143,0.027925268448028194,0.5759586531581288,-0.3333578937888197,0.019942876059945876
174.98828291893005,0.2513274056292807,-1.04196157675642,1.0454522485762143,0.027925268448028194,0.5759586531581288,-0.3333578937888197,0.019942876059945876
175.98828291893005,0.2513274056292807,-1.0437068793768036,1.0454522485762143,0.027925268448028194,0.5759586531581288,-0.3420845400487913,0.019942876059945876
175.98828291893005,0.2513274056292807,-1.04196157675642,1.0454522485762143,0.027925268448028194,0.5759586531581288,-0.3490658503988659,0.019942876059945876
175.98828291893005,0.2513274056292807,-1.0437068793768036,1.0454522485762143,0.027925268448028194,0.5759586531581288,-0.3560471607489405,0.019942876059945876
175.98828291893005,0.2513274056292807,-1.0437068793768036,1.0454522485762143,0.027925268448028194,0.5759586531581288,-0.3560471607489405,0.019942876059945876
175.98828291893005,0.2513274056292807,-1.0437068793768036,1.0454522485762143,0.027925268448028194,0.5759586531581288,-0.3577924966588375,0.019942876059945876
175.98828291893005,0.2513274056292807,-1.04196157675642,1.0454522485762143,0.027925268448028194,0.5759586531581288,-0.3647738070089121,0.019942876059945876
175.98828291893005,0.2513274056292807,-1.0437068793768036,1.0454522485762143,0.027925268448028194,0.5759586531581288,-0.3682644788287062,0.019942876059945876
175.98828291893005,0.2513274056292807,-1.04196157675642,1.0454522485762143,0.027925268448028194,0.5759586531581288,-0.3735004532688838,0.019942876059945876
175.98828291893005,0.2513274056292807,-1.0437068793768036,1.0454522485762143,0.027925268448028194,0.5759586531581288,-0.38048176361895836,0.019942876059945876
175.98828291893005,0.2513274056292807,-1.0437068793768036,1.0454522485762143,0.027925268448028194,0.5759586531581288,-0.3839724354387525,0.019942876059945876
176.98828291893005,0.2513274056292807,-1.0437068793768036,1.0454522485762143,0.027925268448028194,0.5759586531581288,-0.38920840987893,0.019942876059945876
176.98828291893005,0.2513274056292807,-1.04196157675642,1.0454522485762143,0.027925268448028194,0.5759586531581288,-0.38920840987893,0.019942876059945876
176.98828291893005,0.2513274056292807,-1.04196157675642,1.0454522485762143,0.027925268448028194,0.5759586531581288,-0.38920840987893,0.019942876059945876
176.98828291893005,0.2513274056292807,-1.04196157675642,1.0454522485762143,0.027925268448028194,0.5759586531581288,-0.38920840987893,0.019942876059945876
176.98828291893005,0.2513274056292807,-1.04196157675642,1.0454522485762143,0.027925268448028194,0.5759586531581288,-0.38920840987893,0.019942876059945876
176.98828291893005,0.2530727415391778,-1.04196157675642,1.0454522485762143,0.027925268448028194,0.5759586531581288,-0.38920840987893,0.019942876059945876
176.98828291893005,0.2530727415391778,-1.04196157675642,1.0454522485762143,0.027925268448028194,0.5759586531581288,-0.38920840987893,0.019942876059945876
176.98828291893005,0.2513274056292807,-1.04196157675642,1.0454522485762143,0.027925268448028194,0.5759586531581288,-0.38920840987893,0.019942876059945876
176.98828291893005,0.2513274056292807,-1.0437068793768036,1.0454522485762143,0.027925268448028194,0.5759586531581288,-0.3979350561389017,0.019942876059945876
176.98828291893005,0.2513274056292807,-1.0437068793768036,1.0454522485762143,0.027925268448028194,0.5759586531581288,-0.39968039204879874,0.019942876059945876
177.98828291893005,0.2513274056292807,-1.0437068793768036,1.0454522485762143,0.027925268448028194,0.5759586531581288,-0.39968039204879874,0.019942876059945876
177.98828291893005,0.2513274056292807,-1.0437068793768036,1.0454522485762143,0.027925268448028194,0.5759586531581288,-0.39968039204879874,0.019942876059945876
177.98828291893005,0.25481807744907486,-1.04196157675642,1.0437068793768036,0.017453292519943295,0.5759586531581288,-0.39968039204879874,0.019942876059945876
177.98828291893005,0.2879793265790644,-1.0437068793768036,1.034980233116832,-0.05235987755982988,0.5881759712378944,-0.46076691586860025,0.019942876059945876
177.98828291893005,0.2879793265790644,-1.0437068793768036,1.034980233116832,-0.05235987755982988,0.5881759712378944,-0.46076691586860025,0.019942876059945876
177.98828291893005,0.2879793265790644,-1.0437068793768036,1.0367256023162426,-0.05585053689605639,0.5881759712378944,-0.47123889803846897,0.019942876059945876
177.98828291893005,0.3001966446588301,-1.0437068793768036,1.034980233116832,-0.07330382525481047,0.6108652381980153,-0.47298423394836603,0.019942876059945876
177.98828291893005,0.3089232909188018,-1.04196157675642,1.034980233116832,-0.09948376403472542,0.6143559100178094,-0.47822020838854357,0.019942876059945876
177.98828291893005,0.3089232909188018,-1.04196157675642,1.034980233116832,-0.09948376403472542,0.6143559100178094,-0.47822020838854357,0.019942876059945876
177.98828291893005,0.3089232909188018,-1.0437068793768036,1.0367256023162426,-0.11868239246456576,0.6143559100178094,-0.48520151873861816,0.019942876059945876
178.98828291893005,0.3089232909188018,-1.0437068793768036,1.0367256023162426,-0.11868239246456576,0.6143559100178094,-0.48520151873861816,0.019942876059945876
178.98828291893005,0.3089232909188018,-1.0437068793768036,1.0367256023162426,-0.11868239246456576,0.6143559100178094,-0.48520151873861816,0.019942876059945876
178.98828291893005,0.3071779550089047,-1.0437068793768036,1.0245082842364768,-0.16057028785452696,0.6457718232379019,-0.49392816499858977,0.019942876059945876
178.98828291893005,0.3071779550089047,-1.0437068793768036,1.0245082842364768,-0.16057028785452696,0.6457718232379019,-0.49392816499858977,0.019942876059945876
178.98828291893005,0.3071779550089047,-1.0437068793768036,1.0227629150370663,-0.16406094302956423,0.6457718232379019,-0.500909508638178,0.019942876059945876
178.98828291893005,0.3071779550089047,-1.0437068793768036,1.0227629150370663,-0.16231562376442402,0.6457718232379019,-0.5026548112585615,0.019942876059945876
178.98828291893005,0.3071779550089047,-1.0437068793768036,1.0245082842364768,-0.1658062789394613,0.6457718232379019,-0.5044001471684585,0.019942876059945876
178.98828291893005,0.3071779550089047,-1.0437068793768036,1.0227629150370663,-0.1658062789394613,0.6457718232379019,-0.5113814575185331,0.019942876059945876
178.98828291893005,0.3071779550089047,-1.04196157675642,1.0245082842364768,-0.1658062789394613,0.6457718232379019,-0.5148721293383272,0.019942876059945876
178.98828291893005,0.3071779550089047,-1.0437068793768036,1.0245082842364768,-0.16406094302956423,0.6457718232379019,-0.5183628011581213,0.019942876059945876
179.98828291893005,0.3071779550089047,-1.04196157675642,1.0245082842364768,-0.16406094302956423,0.6457718232379019,-0.5201081037785047,0.019942876059945876
179.98828291893005,0.3071779550089047,-1.0437068793768036,1.0245082842364768,-0.1658062789394613,0.6475171258582854,-0.5253441115081959,0.019942876059945876
179.98828291893005,0.3071779550089047,-1.0437068793768036,1.0245082842364768,-0.1658062789394613,0.6475171258582854,-0.5253441115081959,0.019942876059945876
179.98828291893005,0.3071779550089047,-1.0437068793768036,1.0227629150370663,-0.1658062789394613,0.6457718232379019,-0.527089447418093,0.019942876059945876
179.98828291893005,0.3071779550089047,-1.0437068793768036,1.0245082842364768,-0.1658062789394613,0.6457718232379019,-0.5358160936780646,0.019942876059945876
179.98828291893005,0.3071779550089047,-1.0437068793768036,1.0227629150370663,-0.16231562376442402,0.6457718232379019,-0.5358160936780646,0.019942876059945876
179.98828291893005,0.3089232909188018,-1.0402162075570094,1.0227629150370663,-0.17104227002439565,0.6475171258582854,-0.537561396298448,0.019942876059945876
179.98828291893005,0.3298672219690255,-1.0297442586766543,1.0245082842364768,-0.18151423554950752,0.6492624950576961,-0.5619960324579796,0.019942876059945876
179.98828291893005,0.3298672219690255,-1.0297442586766543,1.0245082842364768,-0.18151423554950752,0.6492624950576961,-0.5619960324579796,0.019942876059945876
179.98828291893005,0.3298672219690255,-1.0297442586766543,1.0245082842364768,-0.18151423554950752,0.6492624950576961,-0.5619960324579796,0.019942876059945876
180.98828291893005,0.3281218860591285,-1.0297442586766543,1.0227629150370663,-0.18151423554950752,0.6492624950576961,-0.5619960324579796,0.019942876059945876
180.98828291893005,0.3281218860591285,-1.0297442586766543,1.0245082842364768,-0.18151423554950752,0.6492624950576961,-0.5986479201182496,0.019942876059945876
180.98828291893005,0.3281218860591285,-1.0297442586766543,1.0245082842364768,-0.1832595714594046,0.6492624950576961,-0.5986479201182496,0.019942876059945876
180.98828291893005,0.3281218860591285,-1.0297442586766543,1.0227629150370663,-0.18151423554950752,0.6475171258582854,-0.5986479201182496,0.019942876059945876
180.98828291893005,0.3281218860591285,-1.0297442586766543,1.0227629150370663,-0.18151423554950752,0.6475171258582854,-0.5986479201182496,0.019942876059945876
180.98828291893005,0.3281218860591285,-1.0297442586766543,1.0245082842364768,-0.18849556254433897,0.6475171258582854,-0.5986479201182496,0.019942876059945876
180.98828291893005,0.30194194727921353,-1.0297442586766543,1.0332349304964485,-0.2164208205893941,0.6248278588981645,-0.5986479201182496,0.019942876059945876
180.98828291893005,0.30194194727921353,-1.0297442586766543,1.0332349304964485,-0.2164208205893941,0.6248278588981645,-0.5986479201182496,0.019942876059945876
180.98828291893005,0.30194194727921353,-1.0297442586766543,1.0332349304964485,-0.2164208205893941,0.6248278588981645,-0.5986479201182496,0.019942876059945876
180.98828291893005,0.30194194727921353,-1.0297442586766543,1.0332349304964485,-0.26703537888408374,0.6213371870783704,-0.5986479201182496,0.019942876059945876
181.98828291893005,0.30194194727921353,-1.0297442586766543,1.0332349304964485,-0.26703537888408374,0.6213371870783704,-0.5986479201182496,0.019942876059945876
181.98828291893005,0.30194194727921353,-1.0297442586766543,1.0332349304964485,-0.26529004297418673,0.6213371870783704,-0.5986479201182496,0.019942876059945876
181.98828291893005,0.30194194727921353,-1.0297442586766543,1.0332349304964485,-0.26529004297418673,0.6213371870783704,-0.5986479201182496,0.019942876059945876
181.98828291893005,0.30194194727921353,-1.0297442586766543,1.0332349304964485,-0.26529004297418673,0.6213371870783704,-0.5986479201182496,0.019942876059945876
181.98828291893005,0.30194194727921353,-1.0297442586766543,1.0332349304964485,-0.2635447237090465,0.6213371870783704,-0.5986479201182496,0.019942876059945876
181.98828291893005,0.30194194727921353,-1.0297442586766543,1.0332349304964485,-0.2635447237090465,0.6213371870783704,-0.5986479201182496,0.019942876059945876
181.98828291893005,0.16755161484935838,-1.0297442586766543,1.0437068793768036,-0.24958208636414048,0.6038838945584271,-0.5986479201182496,0.019942876059945876
181.98828291893005,0.16755161484935838,-1.0297442586766543,1.0437068793768036,-0.24958208636414048,0.6038838945584271,-0.5986479201182496,0.019942876059945876
181.98828291893005,0.16755161484935838,-1.0297442586766543,1.0437068793768036,-0.24609143118910323,0.5899212738582779,-0.5986479201182496,0.019942876059945876
181.98828291893005,0.16755161484935838,-1.0297442586766543,1.0437068793768036,-0.24609143118910323,0.5899212738582779,-0.5986479201182496,0.019942876059945876
182.98828291893005,0.16755161484935838,-1.0297442586766543,1.0437068793768036,-0.24609143118910323,0.5899212738582779,-0.5986479201182496,0.019942876059945876
182.98828291893005,0.16755161484935838,-1.0297442586766543,1.0437068793768036,-0.24609143118910323,0.5899212738582779,-0.6003932893176602,0.019942876059945876
182.98828291893005,0.16755161484935838,-1.0297442586766543,1.0437068793768036,-0.24609143118910323,0.5899212738582779,-0.6003932893176602,0.019942876059945876
182.98828291893005,0.16755161484935838,-1.0297442586766543,1.0437068793768036,-0.24609143118910323,0.5899212738582779,-0.6003932893176602,0.019942876059945876
182.98828291893005,0.10297442753214112,-1.0297442586766543,1.0437068793768036,-0.24783675045424344,0.5899212738582779,-0.6003932893176602,0.019942876059945876
182.98828291893005,0.10297442753214112,-1.0297442586766543,1.0437068793768036,-0.24783675045424344,0.5899212738582779,-0.6003932893176602,0.019942876059945876
182.98828291893005,0.10297442753214112,-1.0297442586766543,1.04196157675642,-0.24609143118910323,0.5899212738582779,-0.5986479201182496,0.019942876059945876
182.98828291893005,0.10297442753214112,-1.0297442586766543,1.04196157675642,-0.24609143118910323,0.5899212738582779,-0.5986479201182496,0.019942876059945876
182.98828291893005,0.10297442753214112,-1.0297442586766543,1.04196157675642,-0.24609143118910323,0.5899212738582779,-0.5986479201182496,0.019942876059945876
182.98828291893005,0.09948376403472542,-1.0314895612970378,1.04196157675642,-0.24260075936930903,0.5899212738582779,-0.5986479201182496,0.019942876059945876
183.98828291893005,0.06632251074354668,-1.0314895612970378,1.0437068793768036,-0.20943951023931953,0.582939996797717,-0.5707226787179511,0.019942876059945876
183.98828291893005,0.05934119623228288,-1.034980233116832,1.0437068793768036,-0.19198621771937624,0.582939996797717,-0.5497787143782138,0.019942876059945876
183.98828291893005,0.061086523819801536,-1.0332349304964485,1.0437068793768036,-0.19198621771937624,0.582939996797717,-0.5497787143782138,0.019942876059945876
183.98828291893005,0.05934119623228288,-1.034980233116832,1.0437068793768036,-0.19198621771937624,0.582939996797717,-0.5497787143782138,0.019942876059945876
183.98828291893005,0.05934119623228288,-1.034980233116832,1.0437068793768036,-0.19024088180947918,0.582939996797717,-0.5497787143782138,0.019942876059945876
183.98828291893005,0.05934119623228288,-1.034980233116832,1.0437068793768036,-0.19024088180947918,0.582939996797717,-0.5497787143782138,0.019942876059945876
183.98828291893005,0.05934119623228288,-1.034980233116832,1.04196157675642,-0.19024088180947918,0.582939996797717,-0.5497787143782138,0.019942876059945876
183.98828291893005,0.05934119623228288,-1.034980233116832,1.04196157675642,-0.19024088180947918,0.582939996797717,-0.5497787143782138,0.019942876059945876
183.98828291893005,0.05934119623228288,-1.0332349304964485,1.0437068793768036,-0.19198621771937624,0.582939996797717,-0.5497787143782138,0.019942876059945876
183.98828291893005,0.05934119623228288,-1.0332349304964485,1.0437068793768036,-0.19024088180947918,0.582939996797717,-0.5497787143782138,0.019942876059945876
184.98828291893005,0.05934119623228288,-1.0332349304964485,1.0437068793768036,-0.19024088180947918,0.582939996797717,-0.5497787143782138,0.019942876059945876
184.98828291893005,0.05934119623228288,-1.034980233116832,1.0437068793768036,-0.19198621771937624,0.5846852994181003,-0.5497787143782138,0.019942876059945876
184.98828291893005,0.05934119623228288,-1.034980233116832,1.0437068793768036,-0.19198621771937624,0.582939996797717,-0.5497787143782138,0.019942876059945876
184.98828291893005,0.05934119623228288,-1.0332349304964485,1.0437068793768036,-0.19198621771937624,0.582939996797717,-0.5497787143782138,0.019942876059945876
184.98828291893005,0.05934119623228288,-1.034980233116832,1.0437068793768036,-0.19024088180947918,0.582939996797717,-0.5497787143782138,0.019942876059945876
184.98828291893005,0.05934119623228288,-1.0332349304964485,1.0437068793768036,-0.19024088180947918,0.582939996797717,-0.5497787143782138,0.019942876059945876
184.98828291893005,0.04537855888737689,-1.034980233116832,1.04196157675642,-0.17627826110933004,0.582939996797717,-0.5410520681182421,0.019942876059945876
184.98828291893005,0.04537855888737689,-1.034980233116832,1.04196157675642,-0.17627826110933004,0.582939996797717,-0.5410520681182421,0.019942876059945876
184.98828291893005,0.019198622188056545,-1.0332349304964485,1.0437068793768036,-0.14660765050962093,0.582939996797717,-0.5410520681182421,0.019942876059945876
184.98828291893005,0.019198622188056545,-1.0332349304964485,1.0437068793768036,-0.14660765050962093,0.582939996797717,-0.5410520681182421,0.019942876059945876
185.98828291893005,0.019198622188056545,-1.0332349304964485,1.0437068793768036,-0.14486233124448072,0.582939996797717,-0.500909508638178,0.019942876059945876
185.98828291893005,0.020943951856169797,-1.0332349304964485,1.0437068793768036,-0.14311699533458366,0.5811946275983063,-0.500909508638178,0.019942876059945876
185.98828291893005,0.020943951856169797,-1.0332349304964485,1.0437068793768036,-0.14311699533458366,0.5811946275983063,-0.500909508638178,0.019942876059945876
185.98828291893005,0.020943951856169797,-1.034980233116832,1.0437068793768036,-0.14311699533458366,0.5811946275983063,-0.500909508638178,0.019942876059945876
185.98828291893005,0.020943951856169797,-1.034980233116832,1.0437068793768036,-0.14311699533458366,0.5811946275983063,-0.500909508638178,0.019942876059945876
185.98828291893005,0.020943951856169797,-1.0332349304964485,1.04196157675642,-0.14311699533458366,0.582939996797717,-0.500909508638178,0.019942876059945876
185.98828291893005,0.020943951856169797,-1.0332349304964485,1.0437068793768036,-0.14311699533458366,0.582939996797717,-0.500909508638178,0.019942876059945876
185.98828291893005,0.020943951856169797,-1.0332349304964485,1.04196157675642,-0.14311699533458366,0.582939996797717,-0.500909508638178,0.019942876059945876
185.98828291893005,0.020943951856169797,-1.0332349304964485,1.0437068793768036,-0.14137167606944342,0.582939996797717,-0.500909508638178,0.019942876059945876
185.98828291893005,0.020943951856169797,-1.034980233116832,1.04196157675642,-0.14137167606944342,0.5811946275983063,-0.500909508638178,0.019942876059945876
186.98828291893005,0.020943951856169797,-1.034980233116832,1.04196157675642,-0.14311699533458366,0.582939996797717,-0.500909508638178,0.019942876059945876
186.98828291893005,0.020943951856169797,-1.0332349304964485,1.0437068793768036,-0.14311699533458366,0.582939996797717,-0.500909508638178,0.019942876059945876
186.98828291893005,0.020943951856169797,-1.0332349304964485,1.0437068793768036,-0.14311699533458366,0.582939996797717,-0.500909508638178,0.019942876059945876
186.98828291893005,0.020943951856169797,-1.0332349304964485,1.0437068793768036,-0.14311699533458366,0.582939996797717,-0.500909508638178,0.019942876059945876
186.98828291893005,0.020943951856169797,-1.0332349304964485,1.0437068793768036,-0.14311699533458366,0.582939996797717,-0.500909508638178,0.019942876059945876
186.98828291893005,0.020943951856169797,-1.034980233116832,1.0437068793768036,-0.14137167606944342,0.582939996797717,-0.500909508638178,0.019942876059945876
186.98828291893005,0.020943951856169797,-1.034980233116832,1.0437068793768036,-0.14137167606944342,0.582939996797717,-0.500909508638178,0.019942876059945876
186.98828291893005,0.020943951856169797,-1.034980233116832,1.0437068793768036,-0.12391837522712172,0.5742133505377452,-0.4468042951684511,0.019942876059945876
186.98828291893005,0.020943951856169797,-1.034980233116832,1.0437068793768036,-0.12391837522712172,0.5742133505377452,-0.4468042951684511,0.019942876059945876
186.98828291893005,-0.027925268448028194,-1.0332349304964485,1.0437068793768036,-0.12740903872453743,0.5742133505377452,-0.4468042951684511,0.019942876059945876
187.98828291893005,-0.027925268448028194,-1.034980233116832,1.04196157675642,-0.12740903872453743,0.5742133505377452,-0.4468042951684511,0.019942876059945876
187.98828291893005,-0.027925268448028194,-1.0332349304964485,1.04196157675642,-0.12740903872453743,0.5759586531581288,-0.4468042951684511,0.019942876059945876
187.98828291893005,-0.027925268448028194,-1.0332349304964485,1.04196157675642,-0.12740903872453743,0.5742133505377452,-0.4468042951684511,0.019942876059945876
187.98828291893005,-0.027925268448028194,-1.0332349304964485,1.0437068793768036,-0.12566370281464037,0.5742133505377452,-0.4468042951684511,0.019942876059945876
187.98828291893005,-0.027925268448028194,-1.0332349304964485,1.0437068793768036,-0.12566370281464037,0.5759586531581288,-0.4468042951684511,0.019942876059945876
187.98828291893005,-0.027925268448028194,-1.0332349304964485,1.0437068793768036,-0.12566370281464037,0.5759586531581288,-0.4468042951684511,0.020028527962656462
187.98828291893005,-0.027925268448028194,-1.0332349304964485,1.0437068793768036,-0.12566370281464037,0.5759586531581288,-0.4468042951684511,0.020028527962656462
187.98828291893005,-0.027925268448028194,-1.0332349304964485,1.0437068793768036,-0.12740903872453743,0.5742133505377452,-0.4468042951684511,0.019942876059945876
187.98828291893005,-0.027925268448028194,-1.0332349304964485,1.0437068793768036,-0.12740903872453743,0.5742133505377452,-0.4468042951684511,0.019942876059945876
187.98828291893005,-0.027925268448028194,-1.034980233116832,1.0437068793768036,-0.12566370281464037,0.5759586531581288,-0.4468042951684511,0.019942876059945876
188.98828291893005,-0.027925268448028194,-1.0332349304964485,1.0437068793768036,-0.12566370281464037,0.5759586531581288,-0.4468042951684511,0.019942876059945876
188.98828291893005,-0.027925268448028194,-1.034980233116832,1.0437068793768036,-0.12566370281464037,0.5742133505377452,-0.4468042951684511,0.019942876059945876
188.98828291893005,-0.027925268448028194,-1.0332349304964485,1.0437068793768036,-0.12566370281464037,0.5742133505377452,-0.4468042951684511,0.019942876059945876
188.98828291893005,-0.027925268448028194,-1.0332349304964485,1.0437068793768036,-0.12566370281464037,0.5742133505377452,-0.4468042951684511,0.019942876059945876
188.98828291893005,-0.027925268448028194,-1.0332349304964485,1.0437068793768036,-0.12566370281464037,0.5742133505377452,-0.4468042951684511,0.019942876059945876
188.98828291893005,-0.027925268448028194,-1.0332349304964485,1.0437068793768036,-0.12566370281464037,0.5742133505377452,-0.4468042951684511,0.019942876059945876
188.98828291893005,-0.027925268448028194,-1.0332349304964485,1.0437068793768036,-0.12566370281464037,0.5742133505377452,-0.4468042951684511,0.019942876059945876
188.98828291893005,-0.027925268448028194,-1.034980233116832,1.0437068793768036,-0.12566370281464037,0.5742133505377452,-0.4468042951684511,0.019942876059945876
188.98828291893005,-0.027925268448028194,-1.034980233116832,1.0437068793768036,-0.1308996938995747,0.5759586531581288,-0.4468042951684511,0.019942876059945876
188.98828291893005,-0.027925268448028194,-1.034980233116832,1.0437068793768036,-0.12740903872453743,0.5759586531581288,-0.4468042951684511,0.019942876059945876
189.98828291893005,-0.027925268448028194,-1.034980233116832,1.0437068793768036,-0.12566370281464037,0.5759586531581288,-0.4468042951684511,0.019942876059945876
189.98828291893005,-0.027925268448028194,-1.034980233116832,1.0437068793768036,-0.12566370281464037,0.5759586531581288,-0.4468042951684511,0.019942876059945876
189.98828291893005,-0.027925268448028194,-1.034980233116832,1.04196157675642,-0.12740903872453743,0.5742133505377452,-0.4468042951684511,0.019942876059945876
189.98828291893005,-0.027925268448028194,-1.034980233116832,1.0437068793768036,-0.12566370281464037,0.5759586531581288,-0.4468042951684511,0.019942876059945876
189.98828291893005,-0.027925268448028194,-1.0332349304964485,1.0437068793768036,-0.12740903872453743,0.5759586531581288,-0.4468042951684511,0.019942876059945876
189.98828291893005,-0.027925268448028194,-1.034980233116832,1.0437068793768036,-0.12566370281464037,0.5759586531581288,-0.4468042951684511,0.019942876059945876
189.98828291893005,-0.027925268448028194,-1.034980233116832,1.0437068793768036,-0.12566370281464037,0.5742133505377452,-0.4468042951684511,0.019942876059945876
189.98828291893005,-0.027925268448028194,-1.034980233116832,1.0437068793768036,-0.12566370281464037,0.5742133505377452,-0.4468042951684511,0.019942876059945876
189.98828291893005,-0.027925268448028194,-1.0332349304964485,1.04196157675642,-0.12566370281464037,0.5742133505377452,-0.4468042951684511,0.019942876059945876
189.98828291893005,-0.027925268448028194,-1.0332349304964485,1.0437068793768036,-0.12391837522712172,0.5742133505377452,-0.4468042951684511,0.019942876059945876
190.98828291893005,-0.027925268448028194,-1.034980233116832,1.04196157675642,-0.12391837522712172,0.5759586531581288,-0.4468042951684511,0.019942876059945876
190.98828291893005,-0.027925268448028194,-1.034980233116832,1.04196157675642,-0.12391837522712172,0.5759586531581288,-0.4468042951684511,0.019942876059945876
190.98828291893005,-0.027925268448028194,-1.034980233116832,1.04196157675642,-0.12391837522712172,0.5742133505377452,-0.4468042951684511,0.019942876059945876
190.98828291893005,-0.027925268448028194,-1.034980233116832,1.0437068793768036,-0.12566370281464037,0.5759586531581288,-0.4468042951684511,0.019942876059945876
190.98828291893005,-0.027925268448028194,-1.034980233116832,1.0437068793768036,-0.12740903872453743,0.5759586531581288,-0.4468042951684511,0.019942876059945876
190.98828291893005,-0.027925268448028194,-1.034980233116832,1.0437068793768036,-0.12740903872453743,0.5759586531581288,-0.4468042951684511,0.019942876059945876
190.98828291893005,-0.027925268448028194,-1.0332349304964485,1.0437068793768036,-0.12740903872453743,0.5742133505377452,-0.4468042951684511,0.019942876059945876
190.98828291893005,-0.027925268448028194,-1.0332349304964485,1.0437068793768036,-0.12740903872453743,0.5742133505377452,-0.4468042951684511,0.019942876059945876
190.98828291893005,-0.04363323129985824,-1.0471975511965976,1.0471975511965976,-0.12740903872453743,0.5742133505377452,-0.4468042951684511,0.019942876059945876
190.98828291893005,-0.04363323129985824,-1.0471975511965976,1.0471975511965976,-0.12740903872453743,0.5742133505377452,-0.4468042951684511,0.019942876059945876
191.98828291893005,-0.04363323129985824,-1.0524335256367752,1.0506882230163919,-0.12740903872453743,0.5759586531581288,-0.4468042951684511,0.019942876059945876
191.98828291893005,-0.15009832232941506,-1.0524335256367752,1.0524335256367752,-0.12740903872453743,0.5742133505377452,-0.4468042951684511,0.019942876059945876
191.98828291893005,-0.15009832232941506,-1.0524335256367752,1.0524335256367752,-0.12740903872453743,0.5742133505377452,-0.4468042951684511,0.019942876059945876
191.98828291893005,-0.17627826110933004,-1.0524335256367752,1.0524335256367752,-0.12740903872453743,0.5742133505377452,-0.4468042951684511,0.019942876059945876
191.98828291893005,-0.1797689162843673,-1.0524335256367752,1.0524335256367752,-0.12740903872453743,0.5759586531581288,-0.4468042951684511,0.019942876059945876
191.98828291893005,-0.1797689162843673,-1.0524335256367752,1.0524335256367752,-0.12740903872453743,0.5759586531581288,-0.4468042951684511,0.019942876059945876
191.98828291893005,-0.1797689162843673,-1.0524335256367752,1.0524335256367752,-0.12566370281464037,0.5759586531581288,-0.4468042951684511,0.019942876059945876
191.98828291893005,-0.1797689162843673,-1.0506882230163919,1.0524335256367752,-0.12566370281464037,0.5742133505377452,-0.4468042951684511,0.019942876059945876
191.98828291893005,-0.1797689162843673,-1.0506882230163919,1.0524335256367752,-0.12566370281464037,0.5742133505377452,-0.4468042951684511,0.019942876059945876
191.98828291893005,-0.17802358037447025,-1.0506882230163919,1.0506882230163919,-0.12740903872453743,0.5742133505377452,-0.4468042951684511,0.019942876059945876
192.98828291893005,-0.1797689162843673,-1.0506882230163919,1.0524335256367752,-0.12740903872453743,0.5742133505377452,-0.4468042951684511,0.019942876059945876
192.98828291893005,-0.1797689162843673,-1.0524335256367752,1.0524335256367752,-0.12566370281464037,0.5742133505377452,-0.4468042951684511,0.019942876059945876
192.98828291893005,-0.1797689162843673,-1.0524335256367752,1.0524335256367752,-0.12391837522712172,0.5742133505377452,-0.4468042951684511,0.019942876059945876
192.98828291893005,-0.1797689162843673,-1.0524335256367752,1.0524335256367752,-0.12566370281464037,0.5742133505377452,-0.4468042951684511,0.019942876059945876
192.98828291893005,-0.1797689162843673,-1.0524335256367752,1.0524335256367752,-0.12566370281464037,0.5759586531581288,-0.4468042951684511,0.019942876059945876
192.98828291893005,-0.1797689162843673,-1.0524335256367752,1.0506882230163919,-0.12566370281464037,0.5759586531581288,-0.4468042951684511,0.019942876059945876
192.98828291893005,-0.1797689162843673,-1.0524335256367752,1.0524335256367752,-0.12391837522712172,0.5759586531581288,-0.4468042951684511,0.019942876059945876
192.98828291893005,-0.1797689162843673,-1.0524335256367752,1.0524335256367752,-0.12391837522712172,0.5759586531581288,-0.4468042951684511,0.019942876059945876
192.98828291893005,-0.1797689162843673,-1.0524335256367752,1.0524335256367752,-0.12391837522712172,0.5742133505377452,-0.4468042951684511,0.019942876059945876
192.98828291893005,-0.1797689162843673,-1.0506882230163919,1.0524335256367752,-0.12566370281464037,0.5759586531581288,-0.4468042951684511,0.019942876059945876
193.98828291893005,-0.1797689162843673,-1.0524335256367752,1.0524335256367752,-0.12740903872453743,0.5759586531581288,-0.4468042951684511,0.019942876059945876
193.98828291893005,-0.1797689162843673,-1.0524335256367752,1.0506882230163919,-0.12566370281464037,0.5742133505377452,-0.4468042951684511,0.019942876059945876
193.98828291893005,-0.1797689162843673,-1.0524335256367752,1.0524335256367752,-0.12566370281464037,0.5742133505377452,-0.4468042951684511,0.019942876059945876
193.98828291893005,-0.1797689162843673,-1.0524335256367752,1.0524335256367752,-0.12566370281464037,0.5742133505377452,-0.4468042951684511,0.019942876059945876
193.98828291893005,-0.1797689162843673,-1.0524335256367752,1.0524335256367752,-0.12391837522712172,0.5742133505377452,-0.4468042951684511,0.019942876059945876
193.98828291893005,-0.1797689162843673,-1.0524335256367752,1.0524335256367752,-0.12391837522712172,0.5742133505377452,-0.4468042951684511,0.019942876059945876
193.98828291893005,-0.1850049073693017,-1.0559241974565694,1.0524335256367752,-0.12217304763960307,0.5707226787179511,-0.4468042951684511,0.019942876059945876
193.98828291893005,-0.1850049073693017,-1.0559241974565694,1.0524335256367752,-0.12217304763960307,0.5707226787179511,-0.4468042951684511,0.019942876059945876
193.98828291893005,-0.1850049073693017,-1.0594148692763634,1.0524335256367752,-0.04537855888737689,0.5253441115081959,-0.3979350561389017,0.019942876059945876
193.98828291893005,-0.1850049073693017,-1.0594148692763634,1.0524335256367752,-0.04537855888737689,0.5253441115081959,-0.3979350561389017,0.019942876059945876
194.98828291893005,-0.26529004297418673,-1.061160171896747,1.0506882230163919,-0.04363323129985824,0.5253441115081959,-0.3979350561389017,0.019942876059945876
194.98828291893005,-0.2635447237090465,-1.061160171896747,1.0524335256367752,-0.04363323129985824,0.5253441115081959,-0.3979350561389017,0.019942876059945876
194.98828291893005,-0.2635447237090465,-1.061160171896747,1.0524335256367752,-0.04363323129985824,0.5253441115081959,-0.3979350561389017,0.019942876059945876
194.98828291893005,-0.2617993877991494,-1.061160171896747,1.0524335256367752,-0.04363323129985824,0.5253441115081959,-0.3979350561389017,0.019942876059945876
194.98828291893005,-0.2617993877991494,-1.061160171896747,1.0524335256367752,-0.04363323129985824,0.5253441115081959,-0.3979350561389017,0.019942876059945876
194.98828291893005,-0.2617993877991494,-1.061160171896747,1.0524335256367752,-0.04363323129985824,0.5253441115081959,-0.3979350561389017,0.019942876059945876
194.98828291893005,-0.2635447237090465,-1.061160171896747,1.0524335256367752,-0.04363323129985824,0.5253441115081959,-0.3979350561389017,0.019942876059945876
194.98828291893005,-0.2617993877991494,-1.061160171896747,1.0506882230163919,-0.04363323129985824,0.5253441115081959,-0.3979350561389017,0.019942876059945876
194.98828291893005,-0.2617993877991494,-1.061160171896747,1.0524335256367752,-0.04363323129985824,0.5253441115081959,-0.3979350561389017,0.019942876059945876
194.98828291893005,-0.2635447237090465,-1.061160171896747,1.0524335256367752,-0.04363323129985824,0.5253441115081959,-0.3979350561389017,0.019942876059945876
195.98828291893005,-0.2635447237090465,-1.061160171896747,1.0524335256367752,-0.04363323129985824,0.5253441115081959,-0.3979350561389017,0.019942876059945876
195.98828291893005,-0.2617993877991494,-1.061160171896747,1.0524335256367752,-0.04363323129985824,0.5253441115081959,-0.3979350561389017,0.019942876059945876
195.98828291893005,-0.2617993877991494,-1.0594148692763634,1.0524335256367752,-0.04014257196363174,0.5253441115081959,-0.3979350561389017,0.019942876059945876
195.98828291893005,-0.2617993877991494,-1.061160171896747,1.0524335256367752,-0.04363323129985824,0.5253441115081959,-0.3979350561389017,0.019942876059945876
195.98828291893005,-0.2617993877991494,-1.061160171896747,1.0524335256367752,-0.04363323129985824,0.5253441115081959,-0.3979350561389017,0.019942876059945876
195.98828291893005,-0.2617993877991494,-1.061160171896747,1.0524335256367752,-0.04363323129985824,0.5253441115081959,-0.3979350561389017,0.019942876059945876
195.98828291893005,-0.2617993877991494,-1.061160171896747,1.0524335256367752,-0.04363323129985824,0.5253441115081959,-0.3979350561389017,0.019942876059945876
195.98828291893005,-0.2617993877991494,-1.061160171896747,1.0524335256367752,-0.04363323129985824,0.5253441115081959,-0.3979350561389017,0.019942876059945876
195.98828291893005,-0.2617993877991494,-1.061160171896747,1.0524335256367752,-0.04363323129985824,0.5253441115081959,-0.3979350561389017,0.019942876059945876
195.98828291893005,-0.2617993877991494,-1.061160171896747,1.0506882230163919,-0.04363323129985824,0.5253441115081959,-0.3979350561389017,0.019942876059945876
196.98828291893005,-0.2617993877991494,-1.061160171896747,1.0506882230163919,-0.04363323129985824,0.5253441115081959,-0.3979350561389017,0.019942876059945876
196.98828291893005,-0.2617993877991494,-1.061160171896747,1.0524335256367752,-0.04363323129985824,0.5253441115081959,-0.3979350561389017,0.019942876059945876
196.98828291893005,-0.2617993877991494,-1.061160171896747,1.0524335256367752,-0.04363323129985824,0.5253441115081959,-0.3979350561389017,0.019942876059945876
196.98828291893005,-0.2635447237090465,-1.061160171896747,1.0524335256367752,-0.04363323129985824,0.5253441115081959,-0.3979350561389017,0.019942876059945876
196.98828291893005,-0.2635447237090465,-1.061160171896747,1.0524335256367752,-0.04363323129985824,0.5253441115081959,-0.3979350561389017,0.019942876059945876
196.98828291893005,-0.2635447237090465,-1.061160171896747,1.0524335256367752,-0.04363323129985824,0.5253441115081959,-0.3979350561389017,0.019942876059945876
196.98828291893005,-0.2635447237090465,-1.061160171896747,1.0524335256367752,-0.04363323129985824,0.5253441115081959,-0.3979350561389017,0.019942876059945876
196.98828291893005,-0.2635447237090465,-1.061160171896747,1.0524335256367752,-0.04363323129985824,0.5253441115081959,-0.3979350561389017,0.019942876059945876
196.98828291893005,-0.2617993877991494,-1.061160171896747,1.0524335256367752,-0.04363323129985824,0.5253441115081959,-0.3979350561389017,0.019942876059945876
196.98828291893005,-0.2617993877991494,-1.061160171896747,1.0524335256367752,-0.04363323129985824,0.5253441115081959,-0.3979350561389017,0.019942876059945876
197.98828291893005,-0.2617993877991494,-1.061160171896747,1.0524335256367752,-0.04363323129985824,0.5253441115081959,-0.3979350561389017,0.019942876059945876
197.98828291893005,-0.2617993877991494,-1.061160171896747,1.0524335256367752,-0.04363323129985824,0.5253441115081959,-0.3979350561389017,0.019942876059945876
197.98828291893005,-0.26529004297418673,-1.0629055410961576,1.0524335256367752,-0.041887903712339594,0.5253441115081959,-0.3979350561389017,0.019942876059945876
197.98828291893005,-0.34382987595868836,-1.143190660056286,1.1344640137963142,0.03490658503988659,0.445058959258554,-0.34732051448896883,0.019942876059945876
197.98828291893005,-0.3735004532688838,-1.1711159014565842,1.165879993595434,0.06806784249225453,0.4136430460384616,-0.34732051448896883,0.019942876059945876
197.98828291893005,-0.39968039204879874,-1.202531881255704,1.1920599323753487,0.09424778127216948,0.38746310725854666,-0.23561944901923448,0.019942876059945876
197.98828291893005,-0.39968039204879874,-1.202531881255704,1.1920599323753487,0.09424778127216948,0.38746310725854666,-0.23561944901923448,0.019942876059945876
197.98828291893005,-0.42586033082871366,-1.2199851737756473,1.1972958402364993,0.12391837522712172,0.3577924966588375,-0.34732051448896883,0.019942876059945876
197.98828291893005,-0.42586033082871366,-1.2199851737756473,1.1972958402364993,0.12391837522712172,0.3577924966588375,-0.34732051448896883,0.019942876059945876
197.98828291893005,-0.4555309414284227,-1.2199851737756473,1.1972958402364993,0.15009832232941506,0.3298672219690255,0.3298672219690255,0.019942876059945876
198.98828291893005,-0.4555309414284227,-1.2199851737756473,1.1972958402364993,0.15009832232941506,0.3298672219690255,0.3298672219690255,0.019942876059945876
198.98828291893005,-0.4555309414284227,-1.2199851737756473,1.1955505376161157,0.23561944901923448,0.2513274056292807,-0.34732051448896883,0.019942876059945876
198.98828291893005,-0.47123889803846897,-1.2199851737756473,1.1972958402364993,0.2635447237090465,0.2216568116743285,-0.34732051448896883,0.019942876059945876
198.98828291893005,-0.47123889803846897,-1.2199851737756473,1.1972958402364993,0.29321530101924187,0.19547687289441354,-0.34732051448896883,0.019942876059945876
198.98828291893005,-0.47123889803846897,-1.2199851737756473,1.1972958402364993,0.32288591161895097,0.1658062789394613,-0.34732051448896883,0.019942876059945876
198.98828291893005,-0.47123889803846897,-1.2199851737756473,1.1972958402364993,0.35255652221866,0.1378810125720277,-0.34732051448896883,0.019942876059945876
198.98828291893005,-0.47123889803846897,-1.2199851737756473,1.1972958402364993,0.38048176361895836,0.11693705655466871,-0.34732051448896883,0.019942876059945876
198.98828291893005,-0.47123889803846897,-1.2199851737756473,1.1972958402364993,0.41015237421866746,0.11693705655466871,-0.34732051448896883,0.019942876059945876
198.98828291893005,-0.47123889803846897,-1.2199851737756473,1.1972958402364993,0.41015237421866746,0.11693705655466871,-0.34732051448896883,0.019942876059945876
198.98828291893005,-0.47123889803846897,-1.2199851737756473,1.1972958402364993,0.4398229848183765,0.11693705655466871,-0.34732051448896883,0.019942876059945876
199.98828291893005,-0.47123889803846897,-1.2199851737756473,1.1972958402364993,0.46774822621867485,0.11693705655466871,-0.34732051448896883,0.019942876059945876
199.98828291893005,-0.47123889803846897,-1.2199851737756473,1.1972958402364993,0.4956735009084869,0.11693705655466871,-0.34732051448896883,0.019942876059945876
199.98828291893005,-0.47123889803846897,-1.2199851737756473,1.1972958402364993,0.527089447418093,0.11693705655466871,-0.34732051448896883,0.019942876059945876
199.98828291893005,-0.47123889803846897,-1.2199851737756473,1.1972958402364993,0.5550146888183913,0.11693705655466871,-0.34732051448896883,0.019942876059945876
199.98828291893005,-0.47123889803846897,-1.2199851737756473,1.1972958402364993,0.582939996797717,0.11693705655466871,-0.34732051448896883,0.019942876059945876
199.98828291893005,-0.47123889803846897,-1.2199851737756473,1.1972958402364993,0.6143559100178094,0.11693705655466871,-0.3455751785790718,0.019942876059945876
199.98828291893005,-0.47123889803846897,-1.2199851737756473,1.1955505376161157,0.6440265206175184,0.11693705655466871,-0.3455751785790718,0.019942876059945876
199.98828291893005,-0.47123889803846897,-1.2199851737756473,1.1972958402364993,0.6719517620178169,0.11693705655466871,-0.3455751785790718,0.019942876059945876
199.98828291893005,-0.47123889803846897,-1.2199851737756473,1.1972958402364993,0.6719517620178169,0.11693705655466871,-0.3455751785790718,0.019942876059945876
199.98828291893005,-0.47123889803846897,-1.2199851737756473,1.1972958402364993,0.6719517620178169,0.11693705655466871,-0.3455751785790718,0.019942876059945876
200.98828291893005,-0.47123889803846897,-1.2199851737756473,1.1972958402364993,0.7278023113974409,0.11693705655466871,-0.3455751785790718,0.019942876059945876
200.98828291893005,-0.47123889803846897,-1.2199851737756473,1.1972958402364993,0.7574729219971499,0.11693705655466871,-0.3455751785790718,0.019942876059945876
200.98828291893005,-0.47123889803846897,-1.2199851737756473,1.1972958402364993,0.7853981633974483,0.12391837522712172,-0.3455751785790718,0.019942876059945876
200.98828291893005,-0.47123889803846897,-1.2199851737756473,1.1972958402364993,0.8150687739971574,0.11519172896715006,-0.34382987595868836,0.019942876059945876
200.98828291893005,-0.47123889803846897,-1.2199851737756473,1.1972958402364993,0.8150687739971574,0.11519172896715006,-0.34382987595868836,0.019942876059945876
200.98828291893005,-0.47123889803846897,-1.2199851737756473,1.1972958402364993,0.8464846872172498,0.11519172896715006,-0.34382987595868836,0.019942876059945876
200.98828291893005,-0.47123889803846897,-1.2199851737756473,1.1972958402364993,0.8970992621566962,0.11519172896715006,-0.34382987595868836,0.019942876059945876
200.98828291893005,-0.47123889803846897,-1.2199851737756473,1.1972958402364993,0.8970992621566962,0.11519172896715006,-0.34382987595868836,0.019942876059945876
200.98828291893005,-0.47123889803846897,-1.2199851737756473,1.1972958402364993,0.8970992621566962,0.11519172896715006,-0.34382987595868836,0.019942876059945876
200.98828291893005,-0.47123889803846897,-1.2199851737756473,1.1972958402364993,0.8970992621566962,0.11519172896715006,-0.34382987595868836,0.019942876059945876
201.98828291893005,-0.47123889803846897,-1.2199851737756473,1.1972958402364993,0.8970992621566962,0.11519172896715006,-0.34382987595868836,0.019942876059945876
201.98828291893005,-0.47123889803846897,-1.2199851737756473,1.1972958402364993,0.8970992621566962,0.11519172896715006,-0.34382987595868836,0.019942876059945876
201.98828291893005,-0.47123889803846897,-1.2199851737756473,1.1972958402364993,0.8970992621566962,0.11519172896715006,-0.34382987595868836,0.019942876059945876
201.98828291893005,-0.47123889803846897,-1.2199851737756473,1.1972958402364993,0.8970992621566962,0.11519172896715006,-0.34382987595868836,0.019942876059945876
201.98828291893005,-0.47123889803846897,-1.2199851737756473,1.1972958402364993,0.8970992621566962,0.11519172896715006,-0.34382987595868836,0.019942876059945876
201.98828291893005,-0.47123889803846897,-1.2199851737756473,1.1972958402364993,0.8970992621566962,0.11519172896715006,-0.34382987595868836,0.019942876059945876
201.98828291893005,-0.47123889803846897,-1.2199851737756473,1.1972958402364993,0.8970992621566962,0.11519172896715006,-0.34382987595868836,0.019942876059945876
201.98828291893005,-0.47123889803846897,-1.2199851737756473,1.1972958402364993,0.8970992621566962,0.11519172896715006,-0.34382987595868836,0.019942876059945876
201.98828291893005,-0.47123889803846897,-1.2199851737756473,1.1972958402364993,0.8970992621566962,0.11519172896715006,-0.34382987595868836,0.019942876059945876
201.98828291893005,-0.47123889803846897,-1.2199851737756473,1.1972958402364993,0.8970992621566962,0.11519172896715006,-0.34382987595868836,0.019942876059945876
202.98828291893005,-0.47123889803846897,-1.2199851737756473,1.1972958402364993,0.8970992621566962,0.11519172896715006,-0.34382987595868836,0.019942876059945876
202.98828291893005,-0.47123889803846897,-1.2199851737756473,1.1972958402364993,0.8970992621566962,0.11519172896715006,-0.34382987595868836,0.019942876059945876
202.98828291893005,-0.47123889803846897,-1.2199851737756473,1.1972958402364993,0.8970992621566962,0.11519172896715006,-0.34382987595868836,0.019942876059945876
202.98828291893005,-0.47123889803846897,-1.2199851737756473,1.1972958402364993,0.8970992621566962,0.11519172896715006,-0.34382987595868836,0.019942876059945876
202.98828291893005,-0.47123889803846897,-1.2199851737756473,1.1972958402364993,0.8970992621566962,0.11519172896715006,-0.34382987595868836,0.019942876059945876
202.98828291893005,-0.47123889803846897,-1.2199851737756473,1.1972958402364993,0.8970992621566962,0.11519172896715006,-0.34382987595868836,0.019942876059945876
202.98828291893005,-0.47123889803846897,-1.2199851737756473,1.1972958402364993,0.8970992621566962,0.11519172896715006,-0.34382987595868836,0.019942876059945876
202.98828291893005,-0.47123889803846897,-1.2199851737756473,1.1972958402364993,0.8970992621566962,0.11519172896715006,-0.34382987595868836,0.019942876059945876
202.98828291893005,-0.47123889803846897,-1.2199851737756473,1.1972958402364993,0.8970992621566962,0.11519172896715006,-0.34382987595868836,0.019942876059945876
202.98828291893005,-0.47123889803846897,-1.2199851737756473,1.1972958402364993,0.8970992621566962,0.11519172896715006,-0.34382987595868836,0.019942876059945876
203.98828291893005,-0.47123889803846897,-1.2199851737756473,1.1972958402364993,0.8970992621566962,0.11519172896715006,-0.34382987595868836,0.019942876059945876
203.98828291893005,-0.47123889803846897,-1.2199851737756473,1.1972958402364993,0.8970992621566962,0.11519172896715006,-0.34382987595868836,0.019942876059945876
203.98828291893005,-0.47123889803846897,-1.2199851737756473,1.1972958402364993,0.8970992621566962,0.11519172896715006,-0.34382987595868836,0.019942876059945876
203.98828291893005,-0.47123889803846897,-1.2199851737756473,1.1955505376161157,0.8970992621566962,0.11519172896715006,-0.34382987595868836,0.019942876059945876
203.98828291893005,-0.47123889803846897,-1.2199851737756473,1.1972958402364993,0.8970992621566962,0.11519172896715006,-0.34382987595868836,0.019942876059945876
203.98828291893005,-0.47123889803846897,-1.2199851737756473,1.1972958402364993,0.8970992621566962,0.11519172896715006,-0.34382987595868836,0.019942876059945876
203.98828291893005,-0.47123889803846897,-1.2199851737756473,1.1972958402364993,0.8970992621566962,0.11519172896715006,-0.34382987595868836,0.019942876059945876
203.98828291893005,-0.47123889803846897,-1.2199851737756473,1.1972958402364993,0.8970992621566962,0.11519172896715006,-0.34382987595868836,0.019942876059945876
203.98828291893005,-0.47123889803846897,-1.2199851737756473,1.1972958402364993,0.8970992621566962,0.11519172896715006,-0.34382987595868836,0.019942876059945876
203.98828291893005,-0.47123889803846897,-1.2199851737756473,1.1972958402364993,0.8970992621566962,0.11519172896715006,-0.34382987595868836,0.019942876059945876
204.98828291893005,-0.47123889803846897,-1.2199851737756473,1.1972958402364993,0.8970992621566962,0.11519172896715006,-0.34382987595868836,0.019942876059945876
204.98828291893005,-0.47123889803846897,-1.2199851737756473,1.1972958402364993,0.8970992621566962,0.11519172896715006,-0.34382987595868836,0.019942876059945876
204.98828291893005,-0.47123889803846897,-1.2199851737756473,1.1972958402364993,0.8970992621566962,0.11519172896715006,-0.34382987595868836,0.019942876059945876
204.98828291893005,-0.47123889803846897,-1.2199851737756473,1.1972958402364993,0.8970992621566962,0.11519172896715006,-0.34382987595868836,0.019942876059945876
204.98828291893005,-0.47123889803846897,-1.2199851737756473,1.1972958402364993,0.8970992621566962,0.11519172896715006,-0.34382987595868836,0.019942876059945876
204.98828291893005,-0.47123889803846897,-1.2199851737756473,1.1972958402364993,0.8970992621566962,0.11519172896715006,-0.34382987595868836,0.019942876059945876
204.98828291893005,-0.47123889803846897,-1.2199851737756473,1.1972958402364993,0.8970992621566962,0.11519172896715006,-0.34382987595868836,0.019942876059945876
204.98828291893005,-0.47123889803846897,-1.2199851737756473,1.1955505376161157,0.8970992621566962,0.11519172896715006,-0.34382987595868836,0.019942876059945876
204.98828291893005,-0.47123889803846897,-1.2199851737756473,1.1972958402364993,0.8970992621566962,0.11519172896715006,-0.34382987595868836,0.019942876059945876
204.98828291893005,-0.47123889803846897,-1.2199851737756473,1.1972958402364993,0.8970992621566962,0.11519172896715006,-0.34382987595868836,0.019942876059945876
205.98828291893005,-0.47123889803846897,-1.2199851737756473,1.1972958402364993,0.8970992621566962,0.11519172896715006,-0.34382987595868836,0.019942876059945876
205.98828291893005,-0.47123889803846897,-1.2199851737756473,1.1972958402364993,0.8970992621566962,0.11519172896715006,-0.34382987595868836,0.019942876059945876
205.98828291893005,-0.47123889803846897,-1.2199851737756473,1.1972958402364993,0.8970992621566962,0.11519172896715006,-0.34382987595868836,0.019942876059945876
205.98828291893005,-0.47123889803846897,-1.2199851737756473,1.1972958402364993,0.8970992621566962,0.11519172896715006,-0.34382987595868836,0.019942876059945876
205.98828291893005,-0.47123889803846897,-1.2199851737756473,1.1972958402364993,0.8970992621566962,0.11519172896715006,-0.34382987595868836,0.019942876059945876
205.98828291893005,-0.47123889803846897,-1.2199851737756473,1.1972958402364993,0.8970992621566962,0.11519172896715006,-0.34382987595868836,0.019942876059945876
205.98828291893005,-0.47123889803846897,-1.2199851737756473,1.1972958402364993,0.8970992621566962,0.11519172896715006,-0.34382987595868836,0.019942876059945876
205.98828291893005,-0.47123889803846897,-1.2199851737756473,1.1972958402364993,0.8970992621566962,0.11519172896715006,-0.34382987595868836,0.019942876059945876
205.98828291893005,-0.47123889803846897,-1.2199851737756473,1.1972958402364993,0.8970992621566962,0.11519172896715006,-0.34382987595868836,0.019942876059945876
205.98828291893005,-0.47123889803846897,-1.2199851737756473,1.1972958402364993,0.8970992621566962,0.11519172896715006,-0.34382987595868836,0.019942876059945876
206.98828291893005,-0.47123889803846897,-1.2199851737756473,1.1972958402364993,0.8970992621566962,0.11519172896715006,-0.34382987595868836,0.019942876059945876
206.98828291893005,-0.47123889803846897,-1.2199851737756473,1.1972958402364993,0.8970992621566962,0.11519172896715006,-0.34382987595868836,0.019942876059945876
206.98828291893005,-0.47123889803846897,-1.2199851737756473,1.1972958402364993,0.8970992621566962,0.11519172896715006,-0.34382987595868836,0.019942876059945876
206.98828291893005,-0.47123889803846897,-1.2199851737756473,1.1972958402364993,0.8970992621566962,0.11519172896715006,-0.34382987595868836,0.019942876059945876
206.98828291893005,-0.47123889803846897,-1.2199851737756473,1.1972958402364993,0.8970992621566962,0.11519172896715006,-0.34382987595868836,0.019942876059945876
206.98828291893005,-0.47123889803846897,-1.2199851737756473,1.1972958402364993,0.8970992621566962,0.11519172896715006,-0.34382987595868836,0.019942876059945876
206.98828291893005,-0.47123889803846897,-1.2199851737756473,1.1972958402364993,0.8970992621566962,0.11519172896715006,-0.34382987595868836,0.019942876059945876
206.98828291893005,-0.47123889803846897,-1.2199851737756473,1.1955505376161157,0.8970992621566962,0.11519172896715006,-0.34382987595868836,0.019942876059945876
206.98828291893005,-0.47123889803846897,-1.2199851737756473,1.1955505376161157,0.8970992621566962,0.11519172896715006,-0.34382987595868836,0.019942876059945876
206.98828291893005,-0.47123889803846897,-1.2199851737756473,1.1955505376161157,0.8970992621566962,0.11519172896715006,-0.34382987595868836,0.019942876059945876
207.98828291893005,-0.47123889803846897,-1.2199851737756473,1.1972958402364993,0.8970992621566962,0.11519172896715006,-0.34382987595868836,0.019942876059945876
207.98828291893005,-0.47123889803846897,-1.2199851737756473,1.1972958402364993,0.8970992621566962,0.11519172896715006,-0.34382987595868836,0.019942876059945876
207.98828291893005,-0.47123889803846897,-1.2199851737756473,1.1972958402364993,0.8970992621566962,0.11519172896715006,-0.34382987595868836,0.019942876059945876
207.98828291893005,-0.47123889803846897,-1.2199851737756473,1.1972958402364993,0.8970992621566962,0.11519172896715006,-0.34382987595868836,0.019942876059945876
207.98828291893005,-0.47123889803846897,-1.2199851737756473,1.1972958402364993,0.8970992621566962,0.11519172896715006,-0.34382987595868836,0.019942876059945876
207.98828291893005,-0.47123889803846897,-1.2199851737756473,1.1972958402364993,0.8970992621566962,0.11519172896715006,-0.34382987595868836,0.019942876059945876
207.98828291893005,-0.47123889803846897,-1.2199851737756473,1.1972958402364993,0.8970992621566962,0.11519172896715006,-0.34382987595868836,0.019942876059945876
207.98828291893005,-0.47123889803846897,-1.2199851737756473,1.1972958402364993,0.8970992621566962,0.11519172896715006,-0.34382987595868836,0.019942876059945876
207.98828291893005,-0.47123889803846897,-1.2199851737756473,1.1955505376161157,0.8970992621566962,0.11519172896715006,-0.34382987595868836,0.019942876059945876
207.98828291893005,-0.47123889803846897,-1.2199851737756473,1.1972958402364993,0.8970992621566962,0.11519172896715006,-0.34382987595868836,0.019942876059945876
208.98828291893005,-0.47123889803846897,-1.2199851737756473,1.1972958402364993,0.8970992621566962,0.11519172896715006,-0.34382987595868836,0.019942876059945876
208.98828291893005,-0.47123889803846897,-1.2199851737756473,1.1972958402364993,0.8970992621566962,0.11519172896715006,-0.34382987595868836,0.019942876059945876
208.98828291893005,-0.47123889803846897,-1.2199851737756473,1.1972958402364993,0.8970992621566962,0.11519172896715006,-0.34382987595868836,0.019942876059945876
208.98828291893005,-0.47123889803846897,-1.2199851737756473,1.1972958402364993,0.8970992621566962,0.11519172896715006,-0.34382987595868836,0.019942876059945876
208.98828291893005,-0.47123889803846897,-1.2199851737756473,1.1972958402364993,0.8970992621566962,0.11519172896715006,-0.34382987595868836,0.019942876059945876
208.98828291893005,-0.47123889803846897,-1.2199851737756473,1.1972958402364993,0.8970992621566962,0.11519172896715006,-0.34382987595868836,0.019942876059945876
208.98828291893005,-0.47123889803846897,-1.2199851737756473,1.1972958402364993,0.8970992621566962,0.11519172896715006,-0.34382987595868836,0.019942876059945876
208.98828291893005,-0.47123889803846897,-1.2199851737756473,1.1972958402364993,0.8970992621566962,0.11519172896715006,-0.34382987595868836,0.019942876059945876
208.98828291893005,-0.47123889803846897,-1.2199851737756473,1.1972958402364993,0.8970992621566962,0.11519172896715006,-0.34382987595868836,0.019942876059945876
208.98828291893005,-0.47123889803846897,-1.2199851737756473,1.1972958402364993,0.8970992621566962,0.11519172896715006,-0.34382987595868836,0.019942876059945876
209.98828291893005,-0.47123889803846897,-1.2199851737756473,1.1972958402364993,0.8970992621566962,0.11519172896715006,-0.34382987595868836,0.019942876059945876
209.98828291893005,-0.47123889803846897,-1.2199851737756473,1.1972958402364993,0.8970992621566962,0.11519172896715006,-0.34382987595868836,0.019942876059945876
209.98828291893005,-0.47123889803846897,-1.2199851737756473,1.1972958402364993,0.8970992621566962,0.11519172896715006,-0.34382987595868836,0.019942876059945876
209.98828291893005,-0.47123889803846897,-1.2199851737756473,1.1955505376161157,0.8970992621566962,0.11519172896715006,-0.34382987595868836,0.019942876059945876
209.98828291893005,-0.47123889803846897,-1.2199851737756473,1.1955505376161157,0.8970992621566962,0.11519172896715006,-0.34382987595868836,0.019942876059945876
209.98828291893005,-0.47123889803846897,-1.2199851737756473,1.1972958402364993,0.8970992621566962,0.11519172896715006,-0.34382987595868836,0.019942876059945876
209.98828291893005,-0.47123889803846897,-1.2199851737756473,1.1972958402364993,0.8970992621566962,0.11519172896715006,-0.34382987595868836,0.019942876059945876
209.98828291893005,-0.47123889803846897,-1.2199851737756473,1.1972958402364993,0.8970992621566962,0.11519172896715006,-0.34382987595868836,0.019942876059945876
209.98828291893005,-0.47123889803846897,-1.2199851737756473,1.1972958402364993,0.8970992621566962,0.11519172896715006,-0.34382987595868836,0.019942876059945876
209.98828291893005,-0.47123889803846897,-1.2199851737756473,1.1972958402364993,0.8970992621566962,0.11519172896715006,-0.34382987595868836,0.019942876059945876
210.98828291893005,-0.47123889803846897,-1.2199851737756473,1.1972958402364993,0.8970992621566962,0.11519172896715006,-0.34382987595868836,0.019942876059945876
210.98828291893005,-0.47123889803846897,-1.2199851737756473,1.1972958402364993,0.8970992621566962,0.11519172896715006,-0.34382987595868836,0.019942876059945876
210.98828291893005,-0.47123889803846897,-1.2199851737756473,1.1972958402364993,0.8970992621566962,0.11519172896715006,-0.34382987595868836,0.019942876059945876
210.98828291893005,-0.47123889803846897,-1.2182398711552638,1.1938052349957324,0.8953538929572856,0.11519172896715006,-0.34382987595868836,0.019942876059945876
210.98828291893005,-0.47123889803846897,-1.2182398711552638,1.1938052349957324,0.8953538929572856,0.11519172896715006,-0.34382987595868836,0.019942876059945876
210.98828291893005,-0.47123889803846897,-1.2182398711552638,1.1938052349957324,0.8953538929572856,0.11519172896715006,-0.34382987595868836,0.019942876059945876
210.98828291893005,-0.47123889803846897,-1.2182398711552638,1.1205013265171377,0.8115781021773631,0.19373155362927333,-0.31939523979915685,0.019942876059945876
210.98828291893005,-0.47123889803846897,-1.2182398711552638,1.1205013265171377,0.8115781021773631,0.19373155362927333,-0.31939523979915685,0.019942876059945876
210.98828291893005,-0.3612831684786316,-1.1100293776367827,1.1205013265171377,0.7574729219971499,0.2513274056292807,-0.31764993717877343,0.019942876059945876
210.98828291893005,-0.3071779550089047,-1.061160171896747,1.0733774899765127,0.7260569421980302,0.2809980162289898,-0.31939523979915685,0.020028527962656462
211.98828291893005,-0.2775073444091956,-1.061160171896747,1.0716321873561292,0.6963863981773484,0.3106685935391852,-0.31939523979915685,0.019942876059945876
211.98828291893005,-0.24783675045424344,-1.061160171896747,1.0733774899765127,0.6684610901980228,0.34033920413889424,-0.31764993717877343,0.019942876059945876
211.98828291893005,-0.24783675045424344,-1.061160171896747,1.0733774899765127,0.6684610901980228,0.34033920413889424,-0.31764993717877343,0.019942876059945876
211.98828291893005,-0.2181661564992912,-1.061160171896747,1.0733774899765127,0.6387904795983137,0.37000981473860334,-0.31939523979915685,0.019942876059945876
211.98828291893005,-0.18849556254433897,-1.061160171896747,1.0733774899765127,0.6108652381980153,0.39968039204879874,-0.31764993717877343,0.019942876059945876
211.98828291893005,-0.15882496858938674,-1.061160171896747,1.0716321873561292,0.5811946275983063,0.4310963385584048,-0.31764993717877343,0.019942876059945876
211.98828291893005,-0.12915436631205607,-1.061160171896747,1.0716321873561292,0.5532693861980079,0.4555309414284227,-0.31939523979915685,0.019942876059945876
211.98828291893005,-0.12915436631205607,-1.061160171896747,1.0716321873561292,0.5532693861980079,0.4555309414284227,-0.31939523979915685,0.019942876059945876
211.98828291893005,-0.09773843644720677,-1.061160171896747,1.0733774899765127,0.5235987755982988,0.4555309414284227,-0.31939523979915685,0.019942876059945876
211.98828291893005,-0.09773843644720677,-1.061160171896747,1.0733774899765127,0.5235987755982988,0.4555309414284227,-0.31939523979915685,0.019942876059945876
212.98828291893005,-0.09773843644720677,-1.061160171896747,1.0733774899765127,0.4415682874387599,0.4555309414284227,-0.31939523979915685,0.019942876059945876
212.98828291893005,-0.05061454997231123,-1.061160171896747,1.0716321873561292,0.4136430460384616,0.4555309414284227,-0.31939523979915685,0.019942876059945876
212.98828291893005,-0.05235987755982988,-1.061160171896747,1.0733774899765127,0.38571777134864954,0.4555309414284227,-0.31939523979915685,0.019942876059945876
212.98828291893005,-0.05235987755982988,-1.061160171896747,1.0733774899765127,0.35430182483904343,0.4555309414284227,-0.31939523979915685,0.019942876059945876
212.98828291893005,-0.05235987755982988,-1.061160171896747,1.0733774899765127,0.35430182483904343,0.4555309414284227,-0.31939523979915685,0.019942876059945876
212.98828291893005,-0.05235987755982988,-1.061160171896747,1.0733774899765127,0.3263765834387451,0.4555309414284227,-0.3211405757090539,0.019942876059945876
212.98828291893005,-0.05235987755982988,-1.061160171896747,1.0733774899765127,0.29670597283903605,0.4555309414284227,-0.3211405757090539,0.019942876059945876
212.98828291893005,-0.05235987755982988,-1.061160171896747,1.0733774899765127,0.29670597283903605,0.4555309414284227,-0.3211405757090539,0.019942876059945876
212.98828291893005,-0.05235987755982988,-1.061160171896747,1.0733774899765127,0.24260075936930903,0.4555309414284227,-0.3211405757090539,0.019942876059945876
212.98828291893005,-0.05235987755982988,-1.061160171896747,1.0716321873561292,0.2146755013242539,0.4555309414284227,-0.3211405757090539,0.019942876059945876
213.98828291893005,-0.05235987755982988,-1.061160171896747,1.0733774899765127,0.1850049073693017,0.4555309414284227,-0.3211405757090539,0.019942876059945876
213.98828291893005,-0.05235987755982988,-1.061160171896747,1.0733774899765127,0.15882496858938674,0.4555309414284227,-0.3211405757090539,0.0061978536166500085
213.98828291893005,-0.05061454997231123,-1.061160171896747,1.0733774899765127,0.12566370281464037,0.4555309414284227,-0.3211405757090539,0.019942876059945876
213.98828291893005,-0.05235987755982988,-1.061160171896747,1.0733774899765127,0.09773843644720677,0.4555309414284227,-0.3211405757090539,0.019942876059945876
213.98828291893005,-0.05235987755982988,-1.061160171896747,1.0716321873561292,0.06981317007977318,0.4555309414284227,-0.3211405757090539,0.020028527962656462
213.98828291893005,-0.05235987755982988,-1.061160171896747,1.0716321873561292,0.04014257196363174,0.4555309414284227,-0.3211405757090539,0.020028527962656462
213.98828291893005,-0.05235987755982988,-1.061160171896747,1.0716321873561292,0.04014257196363174,0.4555309414284227,-0.3211405757090539,0.020028527962656462
213.98828291893005,-0.05235987755982988,-1.061160171896747,1.0716321873561292,0.010471975928084899,0.4555309414284227,-0.3211405757090539,0.019942876059945876
213.98828291893005,-0.05235987755982988,-1.061160171896747,1.0733774899765127,-0.015707962851830046,0.4555309414284227,-0.3211405757090539,0.019942876059945876
213.98828291893005,-0.05235987755982988,-1.061160171896747,1.0733774899765127,-0.04363323129985824,0.4555309414284227,-0.3211405757090539,0.019942876059945876
214.98828291893005,-0.04363323129985824,-1.061160171896747,1.0733774899765127,-0.04363323129985824,0.47123889803846897,-0.3211405757090539,0.019942876059945876
214.98828291893005,-0.04363323129985824,-1.061160171896747,1.0733774899765127,-0.04363323129985824,0.47123889803846897,-0.3211405757090539,0.019942876059945876
214.98828291893005,-0.04363323129985824,-1.061160171896747,1.0716321873561292,-0.041887903712339594,0.47123889803846897,-0.3211405757090539,0.019942876059945876
214.98828291893005,-0.041887903712339594,-1.061160171896747,1.0733774899765127,-0.041887903712339594,0.47123889803846897,-0.3211405757090539,0.019942876059945876
214.98828291893005,-0.041887903712339594,-1.061160171896747,1.0733774899765127,-0.041887903712339594,0.47123889803846897,-0.3211405757090539,0.019942876059945876
214.98828291893005,-0.041887903712339594,-1.061160171896747,1.0733774899765127,-0.041887903712339594,0.47123889803846897,-0.3211405757090539,0.019942876059945876
214.98828291893005,-0.041887903712339594,-1.061160171896747,1.0716321873561292,-0.041887903712339594,0.47123889803846897,-0.3211405757090539,0.019942876059945876
214.98828291893005,-0.041887903712339594,-1.061160171896747,1.0716321873561292,-0.041887903712339594,0.47123889803846897,-0.3211405757090539,0.019942876059945876
214.98828291893005,-0.041887903712339594,-1.061160171896747,1.0733774899765127,-0.04014257196363174,0.47123889803846897,-0.3211405757090539,0.019942876059945876
214.98828291893005,-0.041887903712339594,-1.061160171896747,1.0716321873561292,-0.04014257196363174,0.47123889803846897,-0.3211405757090539,0.019942876059945876
215.98828291893005,-0.041887903712339594,-1.061160171896747,1.0733774899765127,-0.04014257196363174,0.47123889803846897,-0.3211405757090539,0.019942876059945876
215.98828291893005,-0.041887903712339594,-1.061160171896747,1.0733774899765127,-0.04014257196363174,0.47123889803846897,-0.3211405757090539,0.019942876059945876
215.98828291893005,-0.041887903712339594,-1.061160171896747,1.0733774899765127,-0.04014257196363174,0.47123889803846897,-0.3211405757090539,0.019942876059945876
215.98828291893005,-0.03141592570366009,-1.061160171896747,1.0698868181567187,-0.03316125537177334,0.47123889803846897,-0.28274335213888685,0.019942876059945876
215.98828291893005,-0.03141592570366009,-1.061160171896747,1.0698868181567187,-0.03316125537177334,0.47123889803846897,-0.28274335213888685,0.019942876059945876
215.98828291893005,-0.03316125537177334,-1.061160171896747,1.0698868181567187,-0.03141592570366009,0.48520151873861816,-0.27052603405912107,0.019942876059945876
215.98828291893005,-0.03316125537177334,-1.061160171896747,1.0698868181567187,-0.03141592570366009,0.48520151873861816,-0.27052603405912107,0.019942876059945876
215.98828291893005,-0.03316125537177334,-1.061160171896747,1.0698868181567187,-0.03141592570366009,0.48520151873861816,-0.27052603405912107,0.019942876059945876
215.98828291893005,-0.03316125537177334,-1.061160171896747,1.0698868181567187,-0.03141592570366009,0.48520151873861816,-0.27052603405912107,0.019942876059945876
215.98828291893005,-0.03316125537177334,-1.061160171896747,1.0698868181567187,-0.03141592570366009,0.48520151873861816,-0.27052603405912107,0.019942876059945876
216.98828291893005,-0.03316125537177334,-1.061160171896747,1.0698868181567187,-0.03141592570366009,0.48520151873861816,-0.27052603405912107,0.019942876059945876
216.98828291893005,-0.03316125537177334,-1.061160171896747,1.0698868181567187,-0.03141592570366009,0.48520151873861816,-0.27052603405912107,0.019942876059945876
216.98828291893005,-0.03316125537177334,-1.061160171896747,1.0698868181567187,-0.03141592570366009,0.48520151873861816,-0.26878069814922395,0.019942876059945876
216.98828291893005,-0.03316125537177334,-1.061160171896747,1.0698868181567187,-0.03141592570366009,0.48520151873861816,-0.27052603405912107,0.019942876059945876
216.98828291893005,-0.02617993877991494,-1.061160171896747,1.0698868181567187,-0.02617993877991494,0.4956735009084869,-0.26878069814922395,0.019942876059945876
216.98828291893005,-0.024434609111801692,-1.061160171896747,1.068141515536335,-0.024434609111801692,0.4956735009084869,-0.26878069814922395,0.019942876059945876
216.98828291893005,-0.024434609111801692,-1.061160171896747,1.068141515536335,-0.024434609111801692,0.4956735009084869,-0.26878069814922395,0.019942876059945876
216.98828291893005,-0.024434609111801692,-1.061160171896747,1.068141515536335,-0.024434609111801692,0.4956735009084869,-0.27052603405912107,0.019942876059945876
216.98828291893005,-0.024434609111801692,-1.061160171896747,1.068141515536335,-0.024434609111801692,0.4956735009084869,-0.26878069814922395,0.019942876059945876
216.98828291893005,-0.024434609111801692,-1.061160171896747,1.068141515536335,-0.024434609111801692,0.4956735009084869,-0.26878069814922395,0.019942876059945876
217.98828291893005,-0.024434609111801692,-1.061160171896747,1.068141515536335,-0.024434609111801692,0.4956735009084869,-0.26878069814922395,0.019942876059945876
217.98828291893005,-0.024434609111801692,-1.061160171896747,1.068141515536335,-0.024434609111801692,0.4956735009084869,-0.26878069814922395,0.019942876059945876
217.98828291893005,-0.024434609111801692,-1.0594148692763634,1.068141515536335,-0.024434609111801692,0.4956735009084869,-0.26878069814922395,0.019942876059945876
217.98828291893005,-0.024434609111801692,-1.0594148692763634,1.068141515536335,-0.024434609111801692,0.4956735009084869,-0.26878069814922395,0.019942876059945876
217.98828291893005,-0.024434609111801692,-1.0594148692763634,1.068141515536335,-0.024434609111801692,0.4956735009084869,-0.26878069814922395,0.019942876059945876
217.98828291893005,-0.022689279443688443,-1.0594148692763634,1.064650843716541,-0.015707962851830046,0.5026548112585615,-0.26878069814922395,0.019942876059945876
217.98828291893005,-0.022689279443688443,-1.0594148692763634,1.064650843716541,-0.015707962851830046,0.5026548112585615,-0.26878069814922395,0.019942876059945876
217.98828291893005,-0.022689279443688443,-1.054178894836186,1.061160171896747,-0.015707962851830046,0.5026548112585615,-0.22689280275926285,0.019942876059945876
217.98828291893005,-0.022689279443688443,-1.054178894836186,1.061160171896747,-0.015707962851830046,0.5026548112585615,-0.22689280275926285,0.019942876059945876
217.98828291893005,-0.022689279443688443,-1.054178894836186,1.061160171896747,-0.013962634224014097,0.5026548112585615,-0.22689280275926285,0.019942876059945876
218.98828291893005,-0.019198622188056545,-1.0559241974565694,1.061160171896747,-0.013962634224014097,0.5026548112585615,-0.22689280275926285,0.019942876059945876
218.98828291893005,-0.019198622188056545,-1.054178894836186,1.061160171896747,-0.013962634224014097,0.5026548112585615,-0.22689280275926285,0.020028527962656462
218.98828291893005,-0.019198622188056545,-1.054178894836186,1.061160171896747,-0.013962634224014097,0.5026548112585615,-0.22689280275926285,0.019942876059945876
218.98828291893005,-0.019198622188056545,-1.054178894836186,1.061160171896747,-0.013962634224014097,0.5026548112585615,-0.22689280275926285,0.019942876059945876
218.98828291893005,-0.019198622188056545,-1.054178894836186,1.061160171896747,-0.013962634224014097,0.5026548112585615,-0.22689280275926285,0.019942876059945876
218.98828291893005,-0.019198622188056545,-1.054178894836186,1.061160171896747,-0.013962634224014097,0.5026548112585615,-0.22689280275926285,0.019942876059945876
218.98828291893005,-0.020943951856169797,-1.054178894836186,1.061160171896747,-0.013962634224014097,0.5026548112585615,-0.22689280275926285,0.019942876059945876
218.98828291893005,-0.019198622188056545,-1.054178894836186,1.061160171896747,-0.013962634224014097,0.5026548112585615,-0.22689280275926285,0.019942876059945876
218.98828291893005,-0.019198622188056545,-1.054178894836186,1.061160171896747,-0.013962634224014097,0.5026548112585615,-0.22689280275926285,0.019942876059945876
218.98828291893005,-0.019198622188056545,-1.054178894836186,1.061160171896747,-0.013962634224014097,0.5026548112585615,-0.22689280275926285,0.019942876059945876
219.98828291893005,-0.019198622188056545,-1.054178894836186,1.061160171896747,-0.013962634224014097,0.5026548112585615,-0.22689280275926285,0.019942876059945876
219.98828291893005,-0.019198622188056545,-1.054178894836186,1.061160171896747,-0.013962634224014097,0.5026548112585615,-0.22689280275926285,0.019942876059945876
219.98828291893005,-0.019198622188056545,-1.054178894836186,1.061160171896747,-0.013962634224014097,0.5026548112585615,-0.22689280275926285,0.019942876059945876
219.98828291893005,-0.019198622188056545,-1.054178894836186,1.061160171896747,-0.013962634224014097,0.5026548112585615,-0.22689280275926285,0.019942876059945876
219.98828291893005,-0.019198622188056545,-1.054178894836186,1.061160171896747,-0.013962634224014097,0.5026548112585615,-0.22689280275926285,0.019942876059945876
219.98828291893005,-0.019198622188056545,-1.054178894836186,1.061160171896747,-0.013962634224014097,0.5026548112585615,-0.22689280275926285,0.019942876059945876
219.98828291893005,-0.019198622188056545,-1.054178894836186,1.061160171896747,-0.013962634224014097,0.5026548112585615,-0.22689280275926285,0.019942876059945876
219.98828291893005,-0.019198622188056545,-1.054178894836186,1.061160171896747,-0.013962634224014097,0.5026548112585615,-0.22689280275926285,0.019942876059945876
219.98828291893005,-0.019198622188056545,-1.054178894836186,1.061160171896747,-0.013962634224014097,0.5026548112585615,-0.22689280275926285,0.019942876059945876
219.98828291893005,-0.019198622188056545,-1.054178894836186,1.061160171896747,-0.013962634224014097,0.5026548112585615,-0.22689280275926285,0.019942876059945876
220.98828291893005,-0.019198622188056545,-1.054178894836186,1.061160171896747,-0.013962634224014097,0.5026548112585615,-0.22689280275926285,0.019942876059945876
220.98828291893005,-0.019198622188056545,-1.0559241974565694,1.061160171896747,-0.013962634224014097,0.5026548112585615,-0.22689280275926285,0.019942876059945876
220.98828291893005,-0.019198622188056545,-1.0559241974565694,1.061160171896747,-0.013962634224014097,0.5026548112585615,-0.22689280275926285,0.019942876059945876
220.98828291893005,-0.019198622188056545,-1.054178894836186,1.061160171896747,-0.013962634224014097,0.5026548112585615,-0.22689280275926285,0.019942876059945876
220.98828291893005,-0.019198622188056545,-1.054178894836186,1.061160171896747,-0.013962634224014097,0.5026548112585615,-0.22689280275926285,0.019942876059945876
220.98828291893005,-0.019198622188056545,-1.054178894836186,1.061160171896747,-0.013962634224014097,0.5026548112585615,-0.22689280275926285,0.019942876059945876
220.98828291893005,-0.019198622188056545,-1.0559241974565694,1.061160171896747,-0.013962634224014097,0.5026548112585615,-0.22689280275926285,0.019942876059945876
220.98828291893005,-0.019198622188056545,-1.054178894836186,1.061160171896747,-0.013962634224014097,0.5026548112585615,-0.22689280275926285,0.019942876059945876
220.98828291893005,-0.019198622188056545,-1.054178894836186,1.061160171896747,-0.013962634224014097,0.5026548112585615,-0.22689280275926285,0.019942876059945876
220.98828291893005,-0.019198622188056545,-1.054178894836186,1.061160171896747,-0.013962634224014097,0.5026548112585615,-0.22689280275926285,0.019942876059945876
221.98828291893005,-0.019198622188056545,-1.054178894836186,1.061160171896747,-0.013962634224014097,0.5026548112585615,-0.22689280275926285,0.019942876059945876
221.98828291893005,-0.019198622188056545,-1.054178894836186,1.061160171896747,-0.013962634224014097,0.5026548112585615,-0.22689280275926285,0.019942876059945876
221.98828291893005,-0.019198622188056545,-1.054178894836186,1.061160171896747,-0.013962634224014097,0.5026548112585615,0.5026548112585615,0.019942876059945876
221.98828291893005,-0.019198622188056545,-1.054178894836186,1.061160171896747,-0.013962634224014097,0.5026548112585615,0.5026548112585615,0.019942876059945876
221.98828291893005,-0.019198622188056545,-1.054178894836186,1.061160171896747,-0.013962634224014097,0.5026548112585615,-0.22689280275926285,0.019942876059945876
221.98828291893005,-0.019198622188056545,-1.054178894836186,1.061160171896747,-0.013962634224014097,0.5026548112585615,-0.22689280275926285,0.019942876059945876
221.98828291893005,-0.019198622188056545,-1.054178894836186,1.061160171896747,-0.013962634224014097,0.5026548112585615,-0.22689280275926285,0.019942876059945876
221.98828291893005,-0.019198622188056545,-1.054178894836186,1.061160171896747,-0.013962634224014097,0.5026548112585615,-0.22689280275926285,0.019942876059945876
221.98828291893005,-0.019198622188056545,-1.054178894836186,1.061160171896747,-0.012217304555900846,0.5026548112585615,-0.22689280275926285,0.019942876059945876
221.98828291893005,0.0,-1.054178894836186,1.061160171896747,0.0017453292780017621,0.5253441115081959,-0.202458199889245,0.019942876059945876
222.98828291893005,-0.0017453292780017621,-1.054178894836186,1.061160171896747,0.0034906585560035243,0.5253441115081959,-0.17802358037447025,0.019942876059945876
222.98828291893005,-0.0034906585560035243,-1.054178894836186,1.061160171896747,0.0017453292780017621,0.527089447418093,-0.17802358037447025,0.019942876059945876
222.98828291893005,-0.0034906585560035243,-1.054178894836186,1.061160171896747,0.0017453292780017621,0.527089447418093,-0.17802358037447025,0.019942876059945876
222.98828291893005,-0.0034906585560035243,-1.054178894836186,1.061160171896747,0.0017453292780017621,0.5253441115081959,-0.17802358037447025,0.019942876059945876
222.98828291893005,-0.0034906585560035243,-1.054178894836186,1.061160171896747,0.0017453292780017621,0.5253441115081959,-0.17802358037447025,0.019942876059945876
222.98828291893005,-0.0034906585560035243,-1.054178894836186,1.061160171896747,0.0017453292780017621,0.527089447418093,-0.17802358037447025,0.019942876059945876
222.98828291893005,-0.0034906585560035243,-1.054178894836186,1.061160171896747,0.0034906585560035243,0.5253441115081959,-0.17802358037447025,0.019942876059945876
222.98828291893005,-0.0034906585560035243,-1.054178894836186,1.061160171896747,0.0034906585560035243,0.5253441115081959,-0.17802358037447025,0.019942876059945876
222.98828291893005,-0.0017453292780017621,-1.054178894836186,1.061160171896747,0.0017453292780017621,0.527089447418093,-0.17802358037447025,0.019942876059945876
222.98828291893005,-0.0017453292780017621,-1.054178894836186,1.061160171896747,0.0017453292780017621,0.527089447418093,-0.17802358037447025,0.019942876059945876
223.98828291893005,-0.0034906585560035243,-1.054178894836186,1.061160171896747,0.0017453292780017621,0.527089447418093,-0.17802358037447025,0.019942876059945876
223.98828291893005,-0.0034906585560035243,-1.054178894836186,1.061160171896747,0.0017453292780017621,0.527089447418093,-0.17802358037447025,0.019942876059945876
223.98828291893005,-0.0034906585560035243,-1.054178894836186,1.061160171896747,0.0034906585560035243,0.527089447418093,-0.17802358037447025,0.019942876059945876
223.98828291893005,-0.0034906585560035243,-1.054178894836186,1.061160171896747,0.0017453292780017621,0.5253441115081959,-0.17802358037447025,0.019942876059945876
223.98828291893005,-0.0034906585560035243,-1.054178894836186,1.061160171896747,0.0017453292780017621,0.5253441115081959,-0.17802358037447025,0.019942876059945876
223.98828291893005,-0.0034906585560035243,-1.054178894836186,1.061160171896747,0.0017453292780017621,0.5253441115081959,-0.17802358037447025,0.019942876059945876
223.98828291893005,-0.0034906585560035243,-1.0559241974565694,1.061160171896747,0.0069813171120070485,0.527089447418093,-0.17802358037447025,0.019942876059945876
223.98828291893005,-0.0034906585560035243,-1.0559241974565694,1.061160171896747,0.0069813171120070485,0.527089447418093,-0.17802358037447025,0.019942876059945876
223.98828291893005,-0.0017453292780017621,-1.054178894836186,1.061160171896747,0.0017453292780017621,0.5253441115081959,-0.17802358037447025,0.019942876059945876
223.98828291893005,-0.0034906585560035243,-1.054178894836186,1.061160171896747,0.0017453292780017621,0.5253441115081959,-0.17802358037447025,0.019942876059945876
224.98828291893005,-0.0034906585560035243,-1.0559241974565694,1.061160171896747,0.0017453292780017621,0.527089447418093,-0.17802358037447025,0.019942876059945876
224.98828291893005,-0.0034906585560035243,-1.0559241974565694,1.061160171896747,0.0017453292780017621,0.527089447418093,-0.17802358037447025,0.019942876059945876
224.98828291893005,-0.0034906585560035243,-1.0559241974565694,1.061160171896747,0.0034906585560035243,0.5253441115081959,-0.17802358037447025,0.019942876059945876
224.98828291893005,-0.0034906585560035243,-1.0559241974565694,1.061160171896747,0.0034906585560035243,0.527089447418093,-0.17802358037447025,0.019942876059945876
224.98828291893005,-0.0017453292780017621,-1.054178894836186,1.061160171896747,0.0017453292780017621,0.527089447418093,-0.17802358037447025,0.019942876059945876
224.98828291893005,-0.0034906585560035243,-1.054178894836186,1.061160171896747,0.0017453292780017621,0.5253441115081959,-0.17802358037447025,0.019942876059945876
224.98828291893005,-0.0034906585560035243,-1.054178894836186,1.061160171896747,0.0034906585560035243,0.5253441115081959,-0.12217304763960307,0.019942876059945876
224.98828291893005,-0.0034906585560035243,-1.054178894836186,1.061160171896747,0.0034906585560035243,0.5253441115081959,-0.12217304763960307,0.019942876059945876
224.98828291893005,-0.0034906585560035243,-1.054178894836186,1.061160171896747,0.0034906585560035243,0.5253441115081959,-0.17802358037447025,0.019942876059945876
224.98828291893005,-0.0034906585560035243,-1.054178894836186,1.061160171896747,0.0034906585560035243,0.5253441115081959,-0.17802358037447025,0.019942876059945876
225.98828291893005,-0.0034906585560035243,-1.054178894836186,1.061160171896747,0.0034906585560035243,0.5253441115081959,-0.17802358037447025,0.019942876059945876
225.98828291893005,-0.0034906585560035243,-1.0559241974565694,1.061160171896747,0.0034906585560035243,0.5253441115081959,-0.17802358037447025,0.019942876059945876
225.98828291893005,-0.0034906585560035243,-1.054178894836186,1.061160171896747,0.0034906585560035243,0.5253441115081959,-0.17802358037447025,0.019942876059945876
225.98828291893005,-0.0034906585560035243,-1.054178894836186,1.061160171896747,0.0034906585560035243,0.5253441115081959,-0.17802358037447025,0.019942876059945876
225.98828291893005,-0.0034906585560035243,-1.0559241974565694,1.061160171896747,0.0034906585560035243,0.5253441115081959,-0.17802358037447025,0.019942876059945876
225.98828291893005,-0.0017453292780017621,-1.054178894836186,1.061160171896747,0.0034906585560035243,0.5253441115081959,-0.17802358037447025,0.019942876059945876
225.98828291893005,-0.0034906585560035243,-1.054178894836186,1.061160171896747,0.005235987964042449,0.527089447418093,-0.17802358037447025,0.019942876059945876
225.98828291893005,-0.0034906585560035243,-1.054178894836186,1.061160171896747,0.0034906585560035243,0.527089447418093,-0.17802358037447025,0.019942876059945876
225.98828291893005,-0.0017453292780017621,-1.054178894836186,1.061160171896747,0.0034906585560035243,0.5253441115081959,-0.17802358037447025,0.019942876059945876
225.98828291893005,-0.0034906585560035243,-1.054178894836186,1.061160171896747,0.0034906585560035243,0.5253441115081959,-0.17802358037447025,0.019942876059945876
226.98828291893005,-0.0034906585560035243,-1.054178894836186,1.061160171896747,0.005235987964042449,0.527089447418093,-0.17802358037447025,0.019942876059945876
226.98828291893005,-0.0034906585560035243,-1.054178894836186,1.061160171896747,0.0034906585560035243,0.5253441115081959,-0.17802358037447025,0.019942876059945876
226.98828291893005,-0.0034906585560035243,-1.054178894836186,1.061160171896747,0.0034906585560035243,0.5253441115081959,-0.17802358037447025,0.019942876059945876
226.98828291893005,-0.0017453292780017621,-1.054178894836186,1.061160171896747,0.0034906585560035243,0.5253441115081959,-0.17802358037447025,0.019942876059945876
226.98828291893005,-0.0017453292780017621,-1.054178894836186,1.061160171896747,0.0034906585560035243,0.5253441115081959,-0.17802358037447025,0.019942876059945876
226.98828291893005,-0.0034906585560035243,-1.054178894836186,1.061160171896747,0.0034906585560035243,0.527089447418093,-0.17802358037447025,0.019942876059945876
226.98828291893005,-0.0034906585560035243,-1.054178894836186,1.061160171896747,0.0034906585560035243,0.527089447418093,-0.17802358037447025,0.019942876059945876
226.98828291893005,-0.0034906585560035243,-1.054178894836186,1.061160171896747,0.0017453292780017621,0.5253441115081959,-0.17802358037447025,0.019942876059945876
226.98828291893005,-0.0017453292780017621,-1.054178894836186,1.061160171896747,0.0017453292780017621,0.527089447418093,-0.17802358037447025,0.019942876059945876
226.98828291893005,-0.0017453292780017621,-1.054178894836186,1.061160171896747,0.0017453292780017621,0.527089447418093,-0.17802358037447025,0.019942876059945876
227.98828291893005,-0.0017453292780017621,-1.054178894836186,1.061160171896747,0.0017453292780017621,0.527089447418093,-0.17802358037447025,0.019942876059945876
227.98828291893005,-0.0034906585560035243,-1.054178894836186,1.061160171896747,0.0017453292780017621,0.527089447418093,-0.17802358037447025,0.019942876059945876
227.98828291893005,-0.0017453292780017621,-1.054178894836186,1.061160171896747,0.0017453292780017621,0.527089447418093,-0.17802358037447025,0.020028527962656462
227.98828291893005,-0.0017453292780017621,-1.0559241974565694,1.061160171896747,0.0017453292780017621,0.527089447418093,-0.17802358037447025,0.020028527962656462
227.98828291893005,-0.0017453292780017621,-1.0559241974565694,1.061160171896747,0.0017453292780017621,0.527089447418093,-0.17802358037447025,0.020028527962656462
227.98828291893005,-0.0017453292780017621,-1.054178894836186,1.061160171896747,0.0017453292780017621,0.527089447418093,-0.17802358037447025,0.019942876059945876
227.98828291893005,-0.0017453292780017621,-1.0559241974565694,1.061160171896747,0.0017453292780017621,0.527089447418093,-0.17802358037447025,0.019942876059945876
227.98828291893005,-0.0034906585560035243,-1.0559241974565694,1.061160171896747,0.0017453292780017621,0.5253441115081959,-0.17802358037447025,0.019942876059945876
227.98828291893005,-0.0017453292780017621,-1.054178894836186,1.061160171896747,0.0017453292780017621,0.5253441115081959,-0.17802358037447025,0.019942876059945876
227.98828291893005,-0.0017453292780017621,-1.054178894836186,1.061160171896747,0.0017453292780017621,0.5253441115081959,-0.17802358037447025,0.019942876059945876
228.98828291893005,-0.0017453292780017621,-1.054178894836186,1.061160171896747,0.0017453292780017621,0.527089447418093,-0.17802358037447025,0.019942876059945876
228.98828291893005,-0.0017453292780017621,-1.054178894836186,1.061160171896747,0.0017453292780017621,0.527089447418093,-0.17802358037447025,0.019942876059945876
228.98828291893005,-0.0017453292780017621,-1.054178894836186,1.061160171896747,0.0017453292780017621,0.5253441115081959,-0.17802358037447025,0.019942876059945876
228.98828291893005,-0.0017453292780017621,-1.0559241974565694,1.061160171896747,0.0017453292780017621,0.527089447418093,-0.17802358037447025,0.019942876059945876
228.98828291893005,-0.0017453292780017621,-1.054178894836186,1.061160171896747,0.0017453292780017621,0.5253441115081959,-0.17802358037447025,0.019942876059945876
228.98828291893005,-0.0017453292780017621,-1.054178894836186,1.061160171896747,0.0017453292780017621,0.527089447418093,-0.17802358037447025,0.019942876059945876
228.98828291893005,-0.0017453292780017621,-1.054178894836186,1.061160171896747,0.0017453292780017621,0.527089447418093,-0.17802358037447025,0.019942876059945876
228.98828291893005,-0.0017453292780017621,-1.054178894836186,1.061160171896747,0.0017453292780017621,0.527089447418093,-0.17802358037447025,0.019942876059945876
228.98828291893005,-0.0017453292780017621,-1.054178894836186,1.061160171896747,0.0017453292780017621,0.527089447418093,-0.17802358037447025,0.019942876059945876
228.98828291893005,-0.0017453292780017621,-1.054178894836186,1.061160171896747,0.0017453292780017621,0.527089447418093,-0.17802358037447025,0.019942876059945876
229.98828291893005,-0.0017453292780017621,-1.054178894836186,1.061160171896747,0.0017453292780017621,0.5253441115081959,-0.17802358037447025,0.019942876059945876
229.98828291893005,-0.0017453292780017621,-1.054178894836186,1.061160171896747,0.0034906585560035243,0.527089447418093,-0.17802358037447025,0.019942876059945876
229.98828291893005,-0.0017453292780017621,-1.0559241974565694,1.061160171896747,0.0017453292780017621,0.5253441115081959,-0.17802358037447025,0.019942876059945876
229.98828291893005,-0.0017453292780017621,-1.054178894836186,1.061160171896747,0.0017453292780017621,0.5253441115081959,-0.17802358037447025,0.019942876059945876
229.98828291893005,-0.0017453292780017621,-1.054178894836186,1.061160171896747,0.005235987964042449,0.527089447418093,-0.17802358037447025,0.019942876059945876
229.98828291893005,-0.0017453292780017621,-1.0559241974565694,1.061160171896747,0.005235987964042449,0.527089447418093,-0.17802358037447025,0.019942876059945876
229.98828291893005,-0.0017453292780017621,-1.0559241974565694,1.061160171896747,0.0034906585560035243,0.527089447418093,-0.17802358037447025,0.019942876059945876
229.98828291893005,-0.0017453292780017621,-1.0559241974565694,1.061160171896747,0.0034906585560035243,0.527089447418093,-0.17802358037447025,0.019942876059945876
229.98828291893005,-0.0017453292780017621,-1.054178894836186,1.061160171896747,0.0034906585560035243,0.5253441115081959,-0.17802358037447025,0.019942876059945876
229.98828291893005,-0.0017453292780017621,-1.0559241974565694,1.061160171896747,0.0034906585560035243,0.527089447418093,-0.17802358037447025,0.019942876059945876
230.98828291893005,-0.0017453292780017621,-1.054178894836186,1.061160171896747,0.0034906585560035243,0.527089447418093,-0.17802358037447025,0.019942876059945876
